"ticker","cik","company","catalyst_type","catalyst_date","date_precision","drug","indication","source","source_url","snippet","confidence","redistribute","retrieved_at","conference","pres_type","date_basis","sources","urls","category","market_cap","price","wk52_high","wk52_low","wk52_pos","avg_volume","cash","cash_runway_months","runway_label","runway_source","runway_end","runway_guidance_url","dilution_risk","change_status","change_type","change_detail","last_checked","data_flags","formerly","outcome","outcome_date","outcome_source","qa_flag"
"BTAI","0001720893","BioXcel Therapeutics, Inc.","PDUFA","2026-11-14","day","Sublingual film containing dexmedetomidine","Agitation","sec_edgar","https://www.sec.gov/Archives/edgar/data/1720893/000110465926061773/tm2614679d1_ex99-1.htm","026. In the quarter ended on March 31, the FDA accepted the Company s supplemental New Drug Application (sNDA) for IGALMI for at-home use in the acute treatment of agitation associated with bipolar disorders or schizophrenia and assigned a PDUFA target action date of November 14, 2026. The first quarter was marked by tremendous progress, achieving a major regulatory milestone and developing the IGALMI commercial launch plan for the at-home setting, said Vimal Mehta, Ph.D., Chief Executive Officer of BioXcel Therapeutics","0.9","True","2026-07-24T11:28:44Z","","","","curated_pharma;sec_edgar","https://ir.bioxceltherapeutics.com/news-releases/news-release-details/bioxcel-therapeutics-provides-business-update-and-reports-first;https://www.sec.gov/Archives/edgar/data/1720893/000110465926061773/tm2614679d1_ex99-1.htm","drug","26872775","0.8703","8.08","0.737","1.8","344800.0","17180000","3.6","~4 mo (estimated)","estimated","2026-11-10","","HIGH — runway ends before this catalyst","","","","2026-07-24T12:34:14Z","","","","","",""
"UNCY","0001766140","Unicycive Therapeutics, Inc.","PDUFA","2026-06-29","day","Oxylanthanum Carbonate","Chronic Kidney Disease Requiring Chronic Dialysis","sec_edgar","https://www.sec.gov/Archives/edgar/data/1766140/000121390026054736/ea029027701ex99-1.htm","t Quarter 2026 Financial Results and Provides Business Update - U.S. Food and Drug Administration (FDA) review of oxylanthanum carbonate (OLC) New Drug Application (NDA) resubmission remains on track, with a Prescription Drug User Fee Act (PDUFA) target action date of June 29, 2026 - Commercial readiness activities continue in anticipation of the potential commercial launch of OLC MOUNTAIN VIEW, Calif., May 12, 2026 -- Unicycive Therapeutics, Inc. (Nasdaq: UNCY), a clinical-stage biotechnology company developing ther","0.9","True","2026-07-24T11:28:05Z","","","","fmp_news;sec_edgar","https://seekingalpha.com/article/4907351-unicycive-therapeutics-uncy-stock-catalyst-play-with-real-fundamental-upside;https://www.sec.gov/Archives/edgar/data/1766140/000121390026054736/ea029027701ex99-1.htm","drug","145782147","5.46","8.74","3.71","34.8","633437.0","54586000","22.9","into 2027","company-guided","2027-12-15","https://www.sec.gov/Archives/edgar/data/1766140/000121390026054736/ea029027701ex99-1.htm","","","","","2026-07-24T12:34:14Z","mcap corrected: FMP 21M -> SEC 27M sh (2026-05-12)","","","","",""
"MLYS","0001933414","Mineralys Therapeutics, Inc.","PDUFA","2026-12-22","day","lorundrostat","Hypertension","sec_edgar","https://www.sec.gov/Archives/edgar/data/1933414/000193341426000048/mlys202603068kex991.htm","EX-99.1 2 mlys202603068kex991.htm EX-99.1 Document Exhibit 99.1 Mineralys Therapeutics Announces FDA Acceptance of NDA for Lorundrostat for Treatment of Adults with Hypertension and Topline Explore-OSA Trial Results The FDA assigned a PDUFA target action date of December 22, 2026 The NDA is based on positive data from a successful clinical program demonstrating favorable safety and blood pressure reduction in adults with hypertension Topline results from the Phase 2 Explore-OSA exploratory trial did not reduce AHI","0.9","True","2026-07-24T11:28:33Z","","","","sec_edgar","https://www.sec.gov/Archives/edgar/data/1933414/000193341426000048/mlys202603068kex991.htm","drug","2227448727","27.0","47.65","12.59","41.1","853548.0","646060000","56.8","~57 mo (estimated)","estimated","2031-04-15","","","","","","2026-07-24T12:34:14Z","mcap corrected: FMP 66M -> SEC 82M sh (2026-04-27)","","","","",""
"CORT","0001088856","CORCEPT THERAPEUTICS INC","PDUFA","2026-07-11","day","Relacorilant","Hypercortisolism","sec_edgar","https://www.sec.gov/Archives/edgar/data/1088856/000119312526018704/d96058dex991.htm","hout increased safety burden Relacorilant s New Drug Application (NDA) is under review by the U.S. Food and Drug Administration (FDA) as a treatment for patients with platinum-resistant ovarian cancer with a Prescription Drug User Fee Act (PDUFA) target action date of July 11, 2026 Relacorilant s Marketing Authorization Application (MAA) for patients with platinum-resistant ovarian cancer is also under review by the European Medicines Agency (EMA) REDWOOD CITY , Calif., (Jan. 22, 2026) Corcept Therapeutics Incorporat","0.9","True","2026-07-24T11:29:02Z","","","","sec_edgar","https://www.sec.gov/Archives/edgar/data/1088856/000119312526018704/d96058dex991.htm","drug","10376644320","96.66","97.05","28.66","99.4","981082.0","338184000","","","","","","","","resolved","FDA-confirmed approval 2026-03-25 (NDA220641); PDUFA was 2026-07-11","2026-07-24T12:34:14Z","","","Approved","2026-03-25","https://www.accessdata.fda.gov/scripts/cder/daf/index.cfm?event=overview.process&ApplNo=220641",""
"OTLK","0001649989","Outlook Therapeutics, Inc.","PDUFA","2026-07-29","day","bevacizumab","Neovascular Age-related Macular Degeneration","sec_edgar","https://www.sec.gov/Archives/edgar/data/1649989/000110465926074346/tm2618010d1_8k.htm","ogics License Application (the BLA ) for ONS-5010 (bevacizumab-vikg). The FDA determined that the BLA is a Class 1 review, which results in a 60-day review period from the date of resubmission. The FDA set a Prescription Drug User Fee Act (PDUFA) goal date of July 29, 2026. Item 9.01. Financial Statements and Exhibits. (d) Exhibits Exhibit No. Description 99.1 Press Release, dated June 16, 2026 104 Cover Page Interactive Data File (embedded within the Inline XBRL document). SIGNATURES Pursuant to the require","0.9","True","2026-07-24T11:27:33Z","","","","sec_edgar","https://www.sec.gov/Archives/edgar/data/1649989/000110465926074346/tm2618010d1_8k.htm","drug","159539493","1.32","3.39","0.161","35.9","6003116.0","7748226","2.0","~12+ months (company-stated, non-specific)","company-guided","","https://www.sec.gov/Archives/edgar/data/1649989/000110465926062632/otlk-20260331x10q.htm","ELEVATED — under 12 months","","","","2026-07-24T12:34:14Z","mcap corrected: FMP 41M -> SEC 121M sh (2026-05-12)","","","","",""
"NUVL","0001861560","Nuvalent","PDUFA","2026-09-18","day","Neladalkib","Non-small Cell Lung Cancer","sec_edgar","https://www.sec.gov/Archives/edgar/data/1861560/000119312526073304/nuvl-ex99_1.htm","estones, and Reports Fourth Quarter and Full Year 2025 Financial Results Commercial preparations well underway to support potential U.S. launch of zidesamtinib in TKI pre-treated advanced ROS1-positive NSCLC population, pending FDA review; PDUFA target action date of September 18, 2026 NDA submission for neladalkib in TKI pre-treated advanced ALK-positive NSCLC population planned for the first half of 2026 Submission for potential label expansion of zidesamtinib in TKI-na ve advanced ROS1-positive NSCLC population planne","0.9","True","2026-07-24T11:28:32Z","","","","curated_pharma;fmp_news;fmp_press;sec_edgar","https://www.prnewswire.com/news-releases/nuvalent-highlights-recent-pipeline-progress-reiterates-key-anticipated-milestones-and-reports-first-quarter-2026-financial-results-302763296.html;https://www.sec.gov/Archives/edgar/data/1861560/000119312526073304/nuvl-ex99_1.htm","drug","9134982669","123.96","123.99","71.13","99.9","0.0","1287476000","49.4","into 2029","company-guided","2029-12-15","https://www.sec.gov/Archives/edgar/data/1861560/000186156026000020/nuvl-ex99_1.htm","","","","","2026-07-24T12:34:14Z","","","","","",""
"PHAR","0001828316","Pharming Group N.V.","PDUFA","2026-10-24","day","Leniolisib","APDS","sec_edgar","https://www.sec.gov/Archives/edgar/data/1828316/000182831626000031/pharmingannouncesusfdaacce.htm","ngful proportion of the identified pediatric patient population. The resubmission includes additional data requested by the FDA on analytical methods used for production batch testing. The FDA has assigned a Prescription Drug User Fee Act (PDUFA) target action date of October 24, 2026. A separate sNDA seeking approval for lower doses for patients weighing less than 27 kg is planned for this summer. Fabrice Chouraqui, Chief Executive Officer of Pharming, commented We are pleased that the FDA has accepted our resubmission","0.9","True","2026-07-24T11:29:17Z","","","","sec_edgar","https://www.sec.gov/Archives/edgar/data/1828316/000182831626000031/pharmingannouncesusfdaacce.htm","drug","930134279","13.17","21.34","9.535","30.8","2048.0","170900000","","","","","","","","","","2026-07-24T12:34:14Z","","","","","",""
"ACHV","0000949858","ACHIEVE LIFE SCIENCES, INC.","PDUFA","2026-06-20","day","Custirsen","Non-Small Cell Lung Cancer","sec_edgar","https://www.sec.gov/Archives/edgar/data/949858/000119312526218175/d854692dex991.htm","dependence. In September 2025, the company announced that its New Drug Application, submitted to the U.S. Food and Drug Administration (FDA) in June 2025, had been accepted for review. The FDA has assigned a Prescription Drug User Fee Act (PDUFA) date of June 20, 2026. The NDA is for cytisinicline to be used as a treatment of nicotine dependence for smoking cessation in adults, based on two successfully completed Phase 3 studies and its open-label safety study. Additionally, the company has completed a","0.9","True","2026-07-24T11:30:27Z","","","","sec_edgar","https://www.sec.gov/Archives/edgar/data/949858/000119312526218175/d854692dex991.htm","drug","633406030","6.17","7.11","2.37","80.2","892970.0","29269000","7.8","~8 mo (estimated)","estimated","2027-03-18","","ELEVATED — under 12 months","","resolved","","2026-07-24T12:34:14Z","","","CRL","2026-06-20","https://www.sec.gov/Archives/edgar/data/949858/000119312526218175/d854692dex991.htm",""
"VERA","0001831828","Vera Therapeutics, Inc.","PDUFA","2026-07-07","day","Atacicept","IgA Nephropathy","sec_edgar","https://www.sec.gov/Archives/edgar/data/1831828/000119312526210351/vera-ex99_1.htm","l Results U.S. Food and Drug Administration (FDA) granted priority review to Biologics License Application (BLA) for the accelerated approval of atacicept in adult patients with IgA Nephropathy (IgAN) with a Prescription Drug User Fee Act (PDUFA) date of July 7, 2026 On track for U.S. commercial launch of atacicept in mid-2026, pending regulatory approval Strong balance sheet expected to be sufficient to fund operations beyond potential atacicept approval and U.S. commercial launch BRISBANE, Calif., Ma","0.9","True","2026-07-24T11:29:15Z","","","","sec_edgar","https://www.sec.gov/Archives/edgar/data/1831828/000119312526210351/vera-ex99_1.htm","drug","2609308415","36.35","56.05","19.066","46.7","2972084.0","596760000","24.4","~24 mo (estimated)","estimated","2028-08-03","","","","resolved","FDA-confirmed approval 2026-07-07 (BLA761486); PDUFA was 2026-07-07","2026-07-24T12:34:14Z","","","Approved","2026-07-07","https://www.accessdata.fda.gov/scripts/cder/daf/index.cfm?event=overview.process&ApplNo=761486",""
"IRD","0001228627","Opus Genetics, Inc.","PDUFA","2026-10-17","day","OPGx-RDH12","Leber Congenital Amaurosis","sec_edgar","https://www.sec.gov/Archives/edgar/data/1228627/000114036126008621/ef20067388_ex99-1.htm","d to enter clinical testing this year. Phentolamine Ophthalmic Solution 0.75% (PS) The FDA accepted the Company s supplemental New Drug Application (sNDA) for Phentolamine Ophthalmic Solution 0.75% for the treatment of presbyopia and set a PDUFA action date of October 17, 2026. LYNX-3, the second pivotal Phase 3 trial in keratorefractive participants with visual disturbances under mesopic, low-contrast conditions (dim light disturbances), is ongoing with topline results expected in the first half of 2026. Recent","0.9","True","2026-07-24T11:31:11Z","","","","sec_edgar","https://www.sec.gov/Archives/edgar/data/1228627/000114036126008621/ef20067388_ex99-1.htm","drug","241092238","2.92","5.81","1.04","39.4","1453161.0","59959000","18.5","into 2029","company-guided","2029-12-15","https://www.sec.gov/Archives/edgar/data/1228627/000162828026033856/ird-2026512xex991.htm","","","","","2026-07-24T12:34:14Z","","","","","",""
"TLX","0002007191","Telix Pharmaceuticals Ltd","PDUFA","2026-09-11","day","68Ga-PSMA-11","PCA","sec_edgar","https://www.sec.gov/Archives/edgar/data/2007191/000114036126014495/ef20070387_ex99-2.htm","US$M Telix ASX disclosure April 7, 2026. Revenue is provided on an unaudited basis. 5 TMS +11% QoQ Therapeutics 186 204 206 208 230 1 Pathway to launch new Precision Medicine products Pixclara 1 (TLX101-Px, Floretyrosine F 18 or 18F-FET): PDUFA2 goal date of September 11, 20263 Pixlumi 1 (TLX101-Px): European MAA4 submitted Illuccix (TLX591-Px) New Drug Application accepted in China Therapeutic pipeline advancement ProstACT Global Phase 3 Study of TLX591-Tx in prostate cancer: Part 1 objectives achieved, accepta","0.9","True","2026-07-24T11:27:26Z","","","","curated_pharma;sec_edgar","https://telixpharma.com/news-views/fda-accepts-nda-for-tlx101-px-pixclara/;https://www.sec.gov/Archives/edgar/data/2007191/000114036126014495/ef20070387_ex99-2.htm","drug","3560546785","10.51","14.27","6.28","52.9","121218.0","212529454","","","","","","","","","","2026-07-24T12:34:14Z","","","","","",""
"INBX","0002007919","Inhibrx Biosciences, Inc.","PDUFA","2027-04-14","day","INBRX-106","Head and Neck Squamous Cell Carcinoma (HNSCC)","sec_edgar","https://www.sec.gov/Archives/edgar/data/2007919/000200791926000033/inhibrx-20260615.htm","pproval of ozekibart (INBRX-109) for the treatment of patients with unresectable or metastatic conventional chondrosarcoma. The FDA has not identified any filing review issues at this time and has assigned a Prescription Drug User Fee Act (PDUFA) goal date of April 14, 2027. A copy of the press release is furnished as Exhibit 99.1 to this Current Report on Form 8-K. The information in Item 7.01 of this Current Report on Form 8-K, including Exhibit 99.1 attached hereto, is intended to be furnished and shall no","0.9","True","2026-07-24T11:27:14Z","","","","fmp_news;fmp_press;sec_edgar","https://www.prnewswire.com/news-releases/inhibrx-announces-us-fda-acceptance-of-bla-for-ozekibart-in-patients-with-conventional-chondrosarcoma-302800101.html;https://www.sec.gov/Archives/edgar/data/2007919/000200791926000033/inhibrx-20260615.htm","drug","1247050810","85.0","155.29","20.55","47.8","165532.0","161657000","14.7","~15 mo (estimated)","estimated","2027-10-13","","ELEVATED — thin runway around catalyst","","","","2026-07-24T12:34:14Z","","","","","",""
"COGT","0001622229","Cogent Biosciences, Inc.","PDUFA","2026-12-30","day","CGT9486","Advanced Gastrointestinal Stromal Tumors","sec_edgar","https://www.sec.gov/Archives/edgar/data/1622229/000119312526205124/cogt-ex99_1.htm","ted Breakthrough Therapy Designation as a treatment for GIST earlier in 2026. Announced the FDA accepted its NDA for bezuclastinib in patients with NonAdvanced Systemic Mastocytosis (NonAdvSM) and assigned a Prescription Drug User Fee Act (PDUFA) target action date of December 30, 2026 Presented six posters with bezuclastinib in patients with NonAdvSM at the 2026 AAAAI annual meeting Initiated Phase 1 studies for both CGT4255, a novel, selective, brain-penetrant ErbB2 inhibitor and CGT6297, a novel, selective and potenti","0.9","True","2026-07-24T11:29:16Z","","","","curated_pharma;sec_edgar","https://investors.cogentbio.com/news-releases/news-release-details/cogent-biosciences-announces-fda-acceptance-new-drug-application;https://www.sec.gov/Archives/edgar/data/1622229/000119312526205124/cogt-ex99_1.htm","drug","6875728320","40.24","43.73","10.38","89.5","3180832.0","866378000","36.5","into 2028","company-guided","2028-12-15","https://www.sec.gov/Archives/edgar/data/1622229/000119312526205124/cogt-ex99_1.htm","","","","","2026-07-24T12:34:14Z","","","","","",""
"CGEM","0001789972","Cullinan Therapeutics, Inc.","PDUFA","2027-02-27","day","CLN-081","Non Small Cell Lung Cancer","sec_edgar","https://www.sec.gov/Archives/edgar/data/1789972/000119312526210290/cgem-ex99_1.htm","al clinical data in SLE and RA for CLN-978, a CD19 T cell engager, to be presented at the EULAR 2026 Congress in June; multi-dose regimen data in RA expected in Q3 2026 Zipalertinib NDA for relapsed EGFR ex20ins NSCLC accepted by U.S. FDA; PDUFA target action date of February 27, 2027 Cash and investments of $393.3 million as of March 31, 2026; runway into 2029 CAMBRIDGE, Mass. May 7, 2026 (GLOBE NEWSWIRE) -- Cullinan Therapeutics, Inc. (Nasdaq: CGEM; Cullinan ), a clinical-stage biopharmaceutical company accelerating p","0.9","True","2026-07-24T11:28:31Z","","","","fmp_news;fmp_press;sec_edgar","https://www.globenewswire.com/news-release/2026/05/07/3289800/0/en/cullinan-therapeutics-provides-corporate-update-and-reports-first-quarter-2026-financial-results.html;https://www.sec.gov/Archives/edgar/data/1789972/000119312526210290/cgem-ex99_1.htm","drug","1061994240","17.28","19.43","5.68","84.4","368567.0","351885000","23.6","~12+ months (company-stated, non-specific)","company-guided","","https://www.sec.gov/Archives/edgar/data/1789972/000119312526210304/cgem-20260331.htm","","","","","2026-07-24T12:34:14Z","","","","","",""
"INO","0001055726","INOVIO PHARMACEUTICALS, INC.","PDUFA","2026-10-30","day","VGX-3100","Cervical Dysplasia","sec_edgar","https://www.sec.gov/Archives/edgar/data/1055726/000119312525332322/d78035dex991.htm","ed the company s Biologics License Application (BLA) for INO-3107 for review as a potential treatment for adults with RRP. The review classification designated by FDA is Standard. The FDA assigned INO-3107 a Prescription Drug User Fee Act (PDUFA) review goal date of October 30, 2026, which is the date by which it intends to take action on the application. The FDA has indicated that it is not currently planning to hold an advisory committee meeting to discuss this application. INOVIO filed its BLA under the accelerated","0.9","True","2026-07-24T11:29:15Z","","","","curated_pharma;sec_edgar","https://ir.inovio.com/news/news-details/2025/FDA-Accepts-for-Review-INOVIOs-BLA-for-INO-3107-for-the-Treatment-of-Adults-with-Recurrent-Respiratory-Papillomatosis-RRP/default.aspx;https://www.sec.gov/Archives/edgar/data/1055726/000119312525332322/d78035dex991.htm","drug","83918702","1.02","2.98","1.0","1.0","2245328.0","37681257","5.4","into early 2027","company-guided","2027-03-15","https://www.sec.gov/Archives/edgar/data/1055726/000105572626000019/ino-33126x8kex991.htm","ELEVATED — thin runway around catalyst","","","","2026-07-24T12:34:14Z","mcap corrected: FMP 54M -> SEC 82M sh (2026-05-12)","","","","",""
"PRAX","0001689548","Praxis Precision Medicines","PDUFA","2027-01-29","day","ulixacaltamide","","sec_edgar","https://www.sec.gov/Archives/edgar/data/1689548/000168954826000049/praxisq12026pr.htm","EX-99.1 2 praxisq12026pr.htm EX-99.1 Document Praxis Precision Medicines Provides Corporate Update and Reports First Quarter 2026 Financial Results FDA accepted the new drug application (NDA) for ulixacaltamide in Essential Tremor with a PDUFA target action date of January 29, 2027, and the NDA for relutrigine, with priority review, in SCN2A and SCN8A developmental and epileptic encephalopathies (DEEs) with a PDUFA target action date of September 27, 2026 EMBRAVE Part A study results showed elsunersen treatment led t","0.9","True","2026-07-24T11:28:19Z","","","","fmp_news;fmp_press;sec_edgar","https://www.globenewswire.com/news-release/2026/05/07/3289917/0/en/Praxis-Precision-Medicines-Provides-Corporate-Update-and-Reports-First-Quarter-2026-Financial-Results.html;https://www.sec.gov/Archives/edgar/data/1689548/000168954826000049/praxisq12026pr.htm","drug","8988116738","322.4","366.52","37.19","86.6","325369.0","786865000","33.4","into 2028","company-guided","2028-12-15","https://www.sec.gov/Archives/edgar/data/1689548/000168954826000049/praxisq12026pr.htm","","","","","2026-07-24T12:34:14Z","mcap corrected: FMP 21M -> SEC 28M sh (2026-05-04)","","","","",""
"EXEL","0000939767","EXELIXIS, INC.","PDUFA","2026-12-03","day","zanzalintinib","","sec_edgar","https://www.sec.gov/Archives/edgar/data/939767/000093976726000058/exel20260331exhibit991.htm","Exelixis announced that the U.S. FDA accepted its NDA for zanzalintinib as a treatment for patients with metastatic CRC, when used in combination with atezolizumab. The FDA assigned a standard review with a Prescription Drug User Fee Act (PDUFA) target action date of December 3, 2026. The NDA was based on positive results from the STELLAR-303 phase 3 pivotal trial, in which zanzalintinib in combination with atezolizumab demonstrated a statistically significant improvement in overall survival (OS) versus regorafenib in","0.9","True","2026-07-24T11:29:38Z","","","","curated_pharma;sec_edgar","https://ir.exelixis.com/news-releases/news-release-details/exelixis-announces-us-fda-accepted-new-drug-application;https://www.sec.gov/Archives/edgar/data/939767/000093976726000058/exel20260331exhibit991.htm","drug","13987910369","55.65","57.57","33.76","91.9","1659532.0","777207000","","","","","","","","","","2026-07-24T12:34:14Z","","","","","",""
"MIRM","0001759425","Mirum Pharmaceuticals, Inc.","PDUFA","2026-09-26","day","zilurgisertib","","sec_edgar","https://www.sec.gov/Archives/edgar/data/1759425/000175942526000036/mirm-20260506xexx991.htm","ibitor in development for fibrodysplasia ossificans progressiva (FOP). U.S. FDA accepted the New Drug Application (NDA) for zilurgisertib in FOP patients 12 years and older and granted Priority Review with a Prescription Drug User Fee Act (PDUFA) date of September 26, 2026. Results from the pivotal Phase 2 PROGRESS study in FOP formed the basis of the NDA filing for zilurgisertib Incyte plans to present the results at an upcoming medical conference. In return for the exclusive license of worldwide rights to","0.9","True","2026-07-24T11:30:33Z","","","","sec_edgar","https://www.sec.gov/Archives/edgar/data/1759425/000175942526000036/mirm-20260506xexx991.htm","drug","6973813120","114.36","130.0","50.25","80.4","1403720.0","386259000","27.1","~27 mo (estimated)","estimated","2028-10-24","","","","","","2026-07-24T12:34:14Z","mcap corrected: FMP 50M -> SEC 61M sh (2026-05-01)","","","","",""
"IONS","0000874015","Ionis","PDUFA","2026-06-30","day","Donidalorsen","","sec_edgar","https://www.sec.gov/Archives/edgar/data/874015/000114036126017637/ef20071749_ex99-1.htm","Olezarsen on track to launch this year as a transformational medicine for severe hypertriglyceridemia (sHTG), assuming approval o sNDA accepted by the FDA for Priority Review for the treatment of sHTG with a Prescription Drug User Fee Act (PDUFA) target action date of June 30, 2026 o The European Medicines Agency (EMA) accepted an indication extension application in March for the treatment of adult patients with sHTG DAWNZERA (donidalorsen), the first and only RNA-targeted prophylactic therapy for hereditary angioede","0.9","True","2026-07-24T11:28:49Z","","","","sec_edgar","https://www.sec.gov/Archives/edgar/data/874015/000114036126017637/ef20071749_ex99-1.htm","drug","9233219004","55.87","86.74","40.03","33.9","3834334.0","1919113000","25.3","~25 mo (estimated)","estimated","2028-08-31","","","","resolved","FDA-confirmed approval 2026-06-24 (NDA218614); PDUFA was 2026-06-30","2026-07-24T12:34:14Z","","","Approved","2026-06-24","https://www.accessdata.fda.gov/scripts/cder/daf/index.cfm?event=overview.process&ApplNo=218614",""
"CELC","0001603454","Celcuity Inc.","PDUFA","2026-07-17","day","gedatolisib","","sec_edgar","https://www.sec.gov/Archives/edgar/data/1603454/000149315226026761/form8-k.htm","DA approval in the third quarter of 2026. The FDA has granted Priority Review of Celcuity s New Drug Application ( NDA ) for gedatolisib in patients with HR+/HER2- PIK3CA wild-type ( WT ) ABC and assigned a Prescription Drug User Fee Act ( PDUFA ) goal date of July 17, 2026. Forward-Looking Statements This Current Report on Form 8-K (including the exhibit thereto) contains statements that constitute forward-looking statements within the meaning of the Private Securities Litigation Reform Act of 1995 including","0.9","True","2026-07-24T11:27:19Z","","","","sec_edgar","https://www.sec.gov/Archives/edgar/data/1603454/000149315226026761/form8-k.htm","drug","4308013882","88.34","151.02","13.59","54.4","1751721.0","145191000","10.1","into 2027","company-guided","2027-12-15","https://www.sec.gov/Archives/edgar/data/1603454/000149315225021903/ex99-1.htm","ELEVATED — under 12 months","","resolved","FDA-confirmed approval 2026-07-14 (NDA219908); PDUFA was 2026-07-17","2026-07-24T12:34:14Z","","","Approved","2026-07-14","https://www.accessdata.fda.gov/scripts/cder/daf/index.cfm?event=overview.process&ApplNo=219908",""
"ZYME","0001937653","Zymeworks Inc.","PDUFA","2026-08-25","day","zanidatamab","","sec_edgar","https://www.sec.gov/Archives/edgar/data/1937653/000193765326000033/ex991q12026_earningsxrelea.htm","ults Jazz announced U.S. FDA acceptance with Priority Review of Supplemental Biologics License Application (sBLA) for zanidatamab in first-line HER2-positive unresectable locally advanced or metastatic gastroesophageal adenocarcinoma (GEA) PDUFA target action date of August 25, 2026 China s NMPA has accepted the sBLA for zanidatamab the U.S. FDA has granted Breakthrough Therapy Designation to zanidatamab in combination with fluoropyrimidine- and platinum-based chemotherapy ( ) TEVIMBRA, for this indication. Presented","0.9","True","2026-07-24T11:29:38Z","","","","curated_pharma;fmp_news;fmp_press;sec_edgar","https://ir.zymeworks.com/news-releases/news-release-details/zymeworks-announces-positive-herizon-gea-01-phase-3-results;https://seekingalpha.com/article/4907832-zymeworks-stock-royalty-backed-biotech-flywheel-with-underappreciated-adc-optionality;https://www.globenewswire.com/news-release/2026/05/07/3290579/0/en/zymeworks-provides-corporate-update-and-reports-first-quarter-2026-financial-results.html;https://www.sec.gov/Archives/edgar/data/1937653/000193765326000033/ex991q12026_earningsxrelea.htm","drug","1701029539","23.12","29.75","11.51","63.7","357858.0","364727000","58.3","into 2H 2027","company-guided","2027-12-15","https://www.sec.gov/Archives/edgar/data/1937653/000193765325000076/ex991q32025_earningsxrelea.htm","","","","","2026-07-24T12:34:14Z","","","","","",""
"GILD","0000882095","GILEAD SCIENCES, INC.","PDUFA","2026-08-27","day","Lenacapavir","","sec_edgar","https://www.sec.gov/Archives/edgar/data/882095/000088209526000022/exhibit991earningspressrel.htm","ology Announced U.S. Food and Drug Administration ( FDA ) accepted New Drug Application for bictegravir and lenacapavir ( BIC LEN ) for virologically suppressed people with HIV under priority review, with a Prescription Drug User Fee Act ( PDUFA ) target action date of August 27, 2026. Presented late-breaking Phase 3 results from the ARTISTRY-1 and ARTISTRY-2 trials at the 2026 Conference on Retroviruses and Opportunistic Infections (CROI), evaluating the investigational daily oral single-tablet regimen of BIC LEN for v","0.9","True","2026-07-24T11:29:10Z","","","","curated_pharma;sec_edgar","https://www.gilead.com/news/news-details/2026/u-s--fda-grants-priority-review-of-new-drug-application-for-gileads-once-daily-hiv-treatment-of-bictegravir-plus-lenacapavir;https://www.sec.gov/Archives/edgar/data/882095/000088209526000022/exhibit991earningspressrel.htm","drug","162471833712","130.86","157.29","108.46","45.9","6298021.0","9817000000","","","","","","","","","","2026-07-24T12:34:14Z","","","","","",""
"SMMT","0001599298","Summit Therapeutics Inc.","PDUFA","2026-11-14","day","Ivonescimab","","sec_edgar","https://www.sec.gov/Archives/edgar/data/1599298/000159929826000006/a2026_prx0129xfdablaacce.htm",". FDA Acceptance of Biologics License Application (BLA) Seeking Approval for Ivonescimab in Combination with Chemotherapy in Treatment of Patients with EGFRm NSCLC Post-TKI Therapy BLA Filing Based on HARMONi Global Phase III Study Results PDUFA Goal Action Date of November 14, 2026 Significant Unmet Need Remains; Over 14,000 U.S. Patients Eligible for Treatment Each Year in This Setting Miami, Florida, January 29, 2026 Summit Therapeutics Inc. (NASDAQ: SMMT) ( Summit, we, or the Company ) today announced that the U.S","0.9","True","2026-07-24T11:30:27Z","","","","sec_edgar","https://www.sec.gov/Archives/edgar/data/1599298/000159929826000006/a2026_prx0129xfdablaacce.htm","drug","11626916422","14.98","30.98","12.55","13.2","3249070.0","690678000","20.3","~20 mo (estimated)","estimated","2028-04-01","","","","","","2026-07-24T12:34:14Z","","","","","",""
"VNDA","0001347178","Vanda Pharmaceuticals Inc.","PDUFA","2026-12-12","day","Imsidolimab","","sec_edgar","https://www.sec.gov/Archives/edgar/data/1347178/000162828026031241/vnda8-k562026exhibit991.htm","ncluding $10-30 million from newly launched NEREUS TM BYSANTI TM (milsaperidone) received FDA approval for bipolar I disorder and schizophrenia on February 20, 2026 Imsidolimab BLA for Generalized Pustular Psoriasis accepted for FDA review PDUFA target action date of December 12, 2026 WASHINGTON May 6, 2026 Vanda Pharmaceuticals Inc. (Vanda) (Nasdaq VNDA) today announced financial and operational results for the first quarter ended March 31, 2026. Vanda delivered strong commercial execution in the first quarter, highlig","0.9","True","2026-07-24T11:28:36Z","","","","fmp_news;fmp_press;sec_edgar","https://www.prnewswire.com/news-releases/vanda-pharmaceuticals-announces-the-publication-of-efficacy-and-safety-of-imsidolimab-for-generalized-pustular-psoriasis-in-nejm-evidence-302756392.html;https://www.prnewswire.com/news-releases/vanda-pharmaceuticals-reports-first-quarter-2026-financial-results-302764640.html;https://www.sec.gov/Archives/edgar/data/1347178/000162828026031241/vnda8-k562026exhibit991.htm","drug","322326612","5.36","9.94","4.14","21.0","866992.0","202310000","19.2","~19 mo (estimated)","estimated","2028-02-27","","","","","","2026-07-24T12:34:14Z","","","","","",""
"VRDN","0001590750","Viridian Therapeutics, Inc.\DE","PDUFA","2026-06-30","day","veligrotug","","sec_edgar","https://www.sec.gov/Archives/edgar/data/1590750/000119312526205010/d149508dex991.htm","EX-99.1 2 d149508dex991.htm EX-99.1 EX-99.1 Exhibit 99.1 Viridian Therapeutics Reports First Quarter 2026 Financial Results and Highlights Recent Progress - PDUFA target action date of June 30, 2026 for veligrotug in thyroid eye disease (TED); organization is launch-ready - - Marketing Authorization Application (MAA) for veligrotug in TED submitted to the European Medicines Agency (EMA) in January 2026 and accepted for review in Febru","0.9","True","2026-07-24T11:28:12Z","","","","fmp_news;sec_edgar","https://seekingalpha.com/article/4917576-viridian-therapeutics-two-step-ted-franchise-with-more-leverage-than-market-appreciates;https://www.sec.gov/Archives/edgar/data/1590750/000119312526205010/d149508dex991.htm","drug","1985219492","19.26","34.29","13.18","28.8","1346629.0","762181000","30.1","into 2H 2027","company-guided","2027-12-15","https://www.sec.gov/Archives/edgar/data/1590750/000119312525173983/d20477dex991.htm","","","resolved","FDA-confirmed approval 2026-06-26 (BLA761530); PDUFA was 2026-06-30","2026-07-24T12:34:14Z","mcap corrected: FMP 90M -> SEC 103M sh (2026-05-01)","","Approved","2026-06-26","https://www.accessdata.fda.gov/scripts/cder/daf/index.cfm?event=overview.process&ApplNo=761530",""
"BBIO","0001743881","BridgeBio Pharma, Inc.","PDUFA","2027-05-08","day","Encaleret","","sec_edgar","https://www.sec.gov/Archives/edgar/data/1743881/000114036126029291/ef20078442_ex99-1.htm","EX-99.1 5 ef20078442_ex99-1.htm EXHIBIT 99.1 Exhibit 99.1 BridgeBio Announces FDA Acceptance of NDA for Encaleret for ADH1 - PDUFA target action date of May 8, 2027 - If approved, encaleret will be the first and only approved therapy specifically indicated for individuals living with ADH1, representing a potential blockbuster opportunity for BridgeBio - Encaleret demonstrated consistent efficacy acros","0.9","True","2026-07-24T11:28:26Z","","","","fmp_news;fmp_press;sec_edgar","https://www.globenewswire.com/news-release/2026/07/22/3331254/0/en/BridgeBio-Announces-FDA-Acceptance-of-NDA-for-Encaleret-for-ADH1.html;https://www.sec.gov/Archives/edgar/data/1743881/000114036126029291/ef20078442_ex99-1.htm","drug","16242772799","82.93","93.415","42.09","79.6","1530868.0","940186000","25.4","~12+ months (company-stated, non-specific)","company-guided","","https://www.sec.gov/Archives/edgar/data/1743881/000174388126000019/bbio-20260331.htm","","moved","date_slip","2026-11-27 -> 2027-05-08","2026-07-24T12:34:14Z","","","","","",""
"MNKD","0000899460","MANNKIND CORP","PDUFA","2026-07-26","day","Afrezza","","sec_edgar","https://www.sec.gov/Archives/edgar/data/899460/000119312526208910/mnkd-ex99_1.htm","s Update and Upcoming Milestones Commercial Products Furoscix Furoscix (furosemide injection) generated $15.5 million in net sales for the first quarter of 2026; doses dispensed increased by 64% over Q1 2025 Furoscix ReadyFlow Autoinjector PDUFA target action date of July 26, 2026; if approved, it would be the first product to deliver an IV-equivalent diuretic dose in under 10 seconds Afrezza Afrezza (insulin human) Inhalation Powder generated $15.3 million in net sales FDA approved an updated Afrezza label providin","0.9","True","2026-07-24T11:28:42Z","","","","curated_pharma;sec_edgar","https://www.globenewswire.com/news-release/2025/12/01/3196982/29517/en/MannKind-Announces-U-S-FDA-Accepts-for-Review-its-Supplemental-New-Drug-Application-sNDA-of-FUROSCIX-ReadyFlow-Autoinjector-for-the-Treatment-of-Edema-in-Adults-with-Chronic-Heart-Failure-or-Chronic-Kidney-Disease.html;https://www.sec.gov/Archives/edgar/data/899460/000119312526208910/mnkd-ex99_1.htm","drug","1201816146","3.89","6.51","2.23","38.8","2935888.0","133860999","","","","","","","","resolved","FDA-confirmed approval 2026-05-29 (BLA022472); PDUFA was 2026-07-26","2026-07-24T12:34:14Z","","","Approved","2026-05-29","https://www.accessdata.fda.gov/scripts/cder/daf/index.cfm?event=overview.process&ApplNo=022472",""
"RPRX","0001802768","Royalty Pharma plc","PDUFA","2026-08-25","day","Ziihera","","sec_edgar","https://www.sec.gov/Archives/edgar/data/1802768/000180276826000008/rprx-20260331rpplcpressxre.htm","a supplemental Biologics License Application for Ziihera in combination regimens for the first line treatment of adult patients with HER2-positive metastatic gastroesophageal adenocarcinoma. The FDA has set a Prescription Drug User Fee Act target action date of August 25, 2026. daraxonrasib In April 2026, Revolution Medicines announced positive Phase 3 results from the RASolute 302 trial evaluating daraxonrasib in patients with previously treated metastatic pancreatic cancer. Based on these results, Revolution M","0.9","True","2026-07-24T11:30:17Z","","","","sec_edgar","https://www.sec.gov/Archives/edgar/data/1802768/000180276826000008/rprx-20260331rpplcpressxre.htm","drug","25385901895","59.02","59.44","34.081","98.3","2159565.0","608295000","","","","","","","","","","2026-07-24T12:34:14Z","","","","","",""
"PFE","0000078003","PFIZER INC","PDUFA","2026-08-17","day","Padcev","","sec_edgar","https://www.sec.gov/Archives/edgar/data/78003/000007800326000053/pfe-3292026xex99.htm","egimen was FDA-approved in November 2025 for use as perioperative treatment in cisplatin-ineligible patients with MIBC. This filing seeks to expand the indication to patients with MIBC regardless of cisplatin eligibility. The FDA has set a PDUFA target action date of August 17, 2026. Full Release Phase 3 Results February 2026. Pfizer and Astellas announced positive results from the investigational Phase 3 EV-304 clinical trial (also known as KEYNOTE-B15) for Padcev in combination with pembrolizumab in patients with MI","0.9","True","2026-07-24T11:29:45Z","","","","sec_edgar","https://www.sec.gov/Archives/edgar/data/78003/000007800326000053/pfe-3292026xex99.htm","drug","142542994400","25.01","28.75","23.11","33.7","30695631.0","13075000000","","","","","","","","","","2026-07-24T12:34:14Z","","","","","",""
"BBIO","0001743881","BridgeBio Pharma, Inc.","PDUFA","2026-11-27","day","BBP-418","","sec_edgar","https://www.sec.gov/Archives/edgar/data/1743881/000114036126022979/ef20074977_ex99-1.htm","EX-99.1 2 ef20074977_ex99-1.htm EXHIBIT 99.1 Exhibit 99.1 BridgeBio Announces FDA Acceptance and Priority Review of NDA for BBP-418 for LGMD2I/R9 - Accepted for Priority Review with PDUFA target action date of November 27, 2026, and poised to launch upon approval; being granted Priority Review by the FDA reiterates the serious unmet need for treatment options for the LGMD2I/R9 community - If approved, BBP-418 would be the first and only therapy for individuals li","0.9","True","2026-07-24T11:28:27Z","","","","curated_pharma;fmp_news;fmp_press;sec_edgar","https://investor.bridgebio.com/news/news-details/2026/BridgeBio-Announces-FDA-Acceptance-and-Priority-Review-of-NDA-for-BBP-418-for-LGMD2IR9/default.aspx;https://www.globenewswire.com/news-release/2026/05/27/3301817/0/en/BridgeBio-Announces-FDA-Acceptance-and-Priority-Review-of-NDA-for-BBP-418-for-LGMD2I-R9.html;https://www.sec.gov/Archives/edgar/data/1743881/000114036126022979/ef20074977_ex99-1.htm","drug","16242772799","82.93","93.415","42.09","79.6","1530868.0","940186000","25.4","~12+ months (company-stated, non-specific)","company-guided","","https://www.sec.gov/Archives/edgar/data/1743881/000174388126000019/bbio-20260331.htm","","","","","2026-07-24T12:34:14Z","","","","","",""
"AXSM","0001579428","Axsome Therapeutics, Inc.","PDUFA","2027-05-01","day","AXS-12","","sec_edgar","https://www.sec.gov/Archives/edgar/data/1579428/000119312526304039/axsm-ex99_1.htm","EX-99.1 2 axsm-ex99_1.htm EX-99.1 EX-99.1 Exhibit 99.1 Axsome Therapeutics Announces FDA Acceptance of New Drug Application for AXS-12 for the Treatment of Cataplexy in Narcolepsy FDA sets PDUFA target action date of May 1, 2027 NEW YORK, July 15, 2026 (Globe Newswire) Axsome Therapeutics, Inc. (NASDAQ: AXSM), a biopharmaceutical company leading a new era in the treatment of central nervous system (CNS) disorders, today announced that the U.S. Food and Drug Admini","0.9","True","2026-07-24T11:28:22Z","","","","fmp_news;fmp_press;sec_edgar","https://www.globenewswire.com/news-release/2026/07/15/3327580/33090/en/Axsome-Therapeutics-Announces-FDA-Acceptance-of-New-Drug-Application-for-AXS-12-for-the-Treatment-of-Cataplexy-in-Narcolepsy.html;https://www.sec.gov/Archives/edgar/data/1579428/000119312526304039/axsm-ex99_1.htm","drug","12429077282","241.53","260.19","96.09","88.6","500337.0","305106000","51.8","~52 mo (estimated)","estimated","2030-11-14","","","new","new","","2026-07-24T12:34:14Z","","","","","",""
"VTRS","0001792044","Viatris Inc","PDUFA","2026-10-17","day","MR-141","","sec_edgar","https://www.sec.gov/Archives/edgar/data/1792044/000179204426000010/exhibit991-4q25earningsrel.htm","Company announced that the U.S. Food and Drug Administration (FDA) accepted for review the supplemental New Drug Application (sNDA) for MR-141 (phentolamine ophthalmic solution 0.75%) for the treatment of presbyopia. The FDA has assigned a PDUFA goal date of October 17, 2026. Presbyopia is the age-related progressive loss of the ability to focus on close objects that results in blurred near vision and eye strain. The condition affects approximately 90% of adults in the U.S. over 45. In January 2026, the Compan","0.9","True","2026-07-24T11:27:32Z","","","","curated_pharma;sec_edgar","https://newsroom.viatris.com/2026-02-25-FDA-Accepts-Viatris-Supplemental-New-Drug-Application-for-MR-141-Phentolamine-Ophthalmic-Solution-0-75-for-the-Treatment-of-Presbyopia;https://www.sec.gov/Archives/edgar/data/1792044/000179204426000010/exhibit991-4q25earningsrel.htm","drug","20123469861","17.28","17.68","8.63","95.6","7908816.0","1804200000","","","","","","","","","","2026-07-24T12:34:14Z","","","","","",""
"LNTH","0001521036","Lantheus","PDUFA","2026-08-13","day","MK-6240","","sec_edgar","https://www.sec.gov/Archives/edgar/data/1521036/000119312525268103/lnth-ex99_1.htm","or MK-6240, the Company s F 18-labeled tau-targeted PET imaging agent. MK-6240 previously received Fast Track designation from the FDA for its potential to address an unmet medical need in Alzheimer s disease diagnostics. The FDA has set a PDUFA target action date of August 13, 2026. In August, the Company announced the FDA acceptance of its NDA for a new formulation of piflufolastat F 18 PSMA PET imaging agent. In addition to increasing batch size potentially enabling increased patient access, supply resilience, and","0.9","True","2026-07-24T11:28:25Z","","","","sec_edgar","https://www.sec.gov/Archives/edgar/data/1521036/000119312525268103/lnth-ex99_1.htm","drug","6753453886","103.73","111.86","47.25","87.4","640900.0","498582000","","","","","","","","","","2026-07-24T12:34:14Z","","","","","","stale_alias"
"RARE","0001515673","Ultragenyx Pharmaceutical Inc.","PDUFA","2026-09-19","day","UX111","","sec_edgar","https://www.sec.gov/Archives/edgar/data/1515673/000119312526139084/rare-20260402.htm","itted Biologics License Application seeking accelerated approval for UX111 (rebisufligene etisparvovec) AAV9 gene therapy as a treatment for patients with Sanfilippo syndrome Type A (MPS IIIA). The FDA set a Prescription Drug User Fee Act (PDUFA) action date of September 19, 2026. Cautionary Note Regarding Forward-Looking Statements This Current Report on Form 8 K contains forward looking statements within the meaning of the Private Securities Litigation Reform Act of 1995. These statements may be identified by the","0.9","True","2026-07-24T11:30:39Z","","","","curated_pharma;sec_edgar","https://ir.ultragenyx.com/news-releases/news-release-details/ultragenyx-announces-us-fda-acceptance-bla-resubmission-ux111;https://www.sec.gov/Archives/edgar/data/1515673/000119312526139084/rare-20260402.htm","drug","2661178184","27.02","39.89","18.29","40.4","1888285.0","413000000","10.0","~10 mo (estimated)","estimated","2027-05-24","","ELEVATED — under 12 months","","","","2026-07-24T12:34:14Z","","","","","",""
"JAZZ","0001232524","Jazz Pharmaceuticals","PDUFA","2026-08-25","day","","1L HER2+ gastroesophageal adenocarcinoma (sBLA)","curated_pharma","https://investor.jazzpharma.com/news-releases/news-release-details/jazz-pharmaceuticals-announces-fda-acceptance-and-priority-0","","0.9","True","2026-07-24T12:11:15Z","","","","curated_pharma;fmp_news;fmp_press","https://investor.jazzpharma.com/news-releases/news-release-details/jazz-pharmaceuticals-announces-fda-acceptance-and-priority-0;https://www.prnewswire.com/news-releases/jazz-pharmaceuticals-announces-fda-acceptance-and-priority-review-of-supplemental-biologics-license-application-for-ziihera-zanidatamab-hrii-combinations-in-first-line-her2-locally-advanced-or-metastatic-gea-302753741.html;https://www.prnewswire.com/news-releases/jazz-pharmaceuticals-announces-first-quarter-2026-financial-results-302763061.html","drug","16010321712","254.87","255.2","105.0","99.8","527842.0","2874300000","","","","","","","","","","2026-07-24T12:34:14Z","","","","","","blank_drug"
"MRK","0000310158","Merck","PDUFA","2026-10-10","day","","Extensive-stage small cell lung cancer","curated_pharma","https://www.merck.com/news/ifinatamab-deruxtecan-granted-priority-review-in-the-u-s-for-adult-patients-with-previously-treated-extensive-stage-small-cell-lung-cancer-who-experienced-disease-progression-on-or-after-platinum-bas/","","0.9","True","2026-07-24T12:11:15Z","","","","curated_pharma","https://www.merck.com/news/ifinatamab-deruxtecan-granted-priority-review-in-the-u-s-for-adult-patients-with-previously-treated-extensive-stage-small-cell-lung-cancer-who-experienced-disease-progression-on-or-after-platinum-bas/","drug","322212717200","130.46","131.74","76.66","97.7","5980266.0","5702000000","","","","","","","","","","2026-07-24T12:34:14Z","","","","","","blank_drug|stale_alias"
"MRK","0000310158","Merck","PDUFA","2026-08-17","day","","Perioperative muscle-invasive bladder cancer (sBLA)","curated_pharma","https://newsroom.astellas.com/2026-04-21-us-fda-grants-priority-review-to-sbla-for-padcev-tm-keytruda-r-as-perioperative-treatment-for-muscle-invasive-bladder-cancer-regardless-of-cisplatin-eligibility","","0.9","True","2026-07-24T12:11:15Z","","","","curated_pharma","https://newsroom.astellas.com/2026-04-21-us-fda-grants-priority-review-to-sbla-for-padcev-tm-keytruda-r-as-perioperative-treatment-for-muscle-invasive-bladder-cancer-regardless-of-cisplatin-eligibility","drug","322212717200","130.46","131.74","76.66","97.7","5980266.0","5702000000","","","","","","","","","","2026-07-24T12:34:14Z","","","","","","blank_drug"
"BMY","0000014272","Bristol Myers Squibb","PDUFA","2026-08-17","day","","Relapsed/refractory multiple myeloma","curated_pharma","https://news.bms.com/news/corporate-financial/2026/U-S--Food-and-Drug-Administration-Accepts-Bristol-Myers-Squibbs-New-Drug-Application-for-Iberdomide-in-Patients-with-Relapsed-or-Refractory-Multiple-Myeloma/default.aspx","","0.9","True","2026-07-24T12:11:15Z","","","","curated_pharma","https://news.bms.com/news/corporate-financial/2026/U-S--Food-and-Drug-Administration-Accepts-Bristol-Myers-Squibbs-New-Drug-Application-for-Iberdomide-in-Patients-with-Relapsed-or-Refractory-Multiple-Myeloma/default.aspx","drug","125607725700","61.51","62.89","42.52","93.2","7601774.0","10486000000","","","","","","","","","","2026-07-24T12:34:14Z","","","","","","blank_drug"
"ARQT","0001787306","Arcutis","PDUFA","2026-06-29","day","","Plaque psoriasis, children ages 2-5 (sNDA)","curated_pharma","https://www.arcutis.com/fda-accepts-supplemental-new-drug-application-for-arcutis-zoryve-roflumilast-cream-0-3-for-the-treatment-of-plaque-psoriasis-in-children-ages-2-to-5/","","0.9","True","2026-07-24T12:11:15Z","","","","curated_pharma","https://www.arcutis.com/fda-accepts-supplemental-new-drug-application-for-arcutis-zoryve-roflumilast-cream-0-3-for-the-treatment-of-plaque-psoriasis-in-children-ages-2-to-5/","drug","3418518390","27.33","31.77","13.695","75.4","1031411.0","224000000","","","","","","","","resolved","FDA-confirmed approval 2026-06-29 (NDA215985); PDUFA was 2026-06-29","2026-07-24T12:34:14Z","","","Approved","2026-06-29","https://www.accessdata.fda.gov/scripts/cder/daf/index.cfm?event=overview.process&ApplNo=215985","blank_drug"
"SVRA","0001160308","Savara","PDUFA","2026-11-22","day","","Autoimmune pulmonary alveolar proteinosis (aPAP) BLA","curated_pharma","https://investors.savarapharma.com/news/news-details/2026/Savara-Provides-Regulatory-Update-on-the-MOLBREEVI-Development-Program-in-Autoimmune-Pulmonary-Alveolar-Proteinosis-Autoimmune-PAP/default.aspx","","0.9","True","2026-07-24T12:11:15Z","","","","curated_pharma;fmp_news","https://investors.savarapharma.com/news/news-details/2026/Savara-Provides-Regulatory-Update-on-the-MOLBREEVI-Development-Program-in-Autoimmune-Pulmonary-Alveolar-Proteinosis-Autoimmune-PAP/default.aspx;https://seekingalpha.com/article/4909114-savara-stock-rare-disease-funnel-is-becoming-a-commercial-asset","drug","1178330250","5.75","7.005","2.43","72.6","1621998.0","202772000","22.8","~23 mo (estimated)","estimated","2028-06-16","","","","","","2026-07-24T12:34:14Z","","","","","","blank_drug"
"PRAX","0001689548","Praxis Precision Medicines","PDUFA","2026-12-27","day","","SCN2A/SCN8A developmental & epileptic encephalopathies","curated_pharma","https://www.globenewswire.com/news-release/2026/06/29/3319308/0/en/Praxis-Precision-Medicines-Announces-Extension-Period-for-Relutrigine-for-Treatment-of-SCN2A-and-SCN8A-Developmental-and-Epileptic-Encephalopathies.html","","0.9","True","2026-07-24T12:11:15Z","","","","curated_pharma;fmp_news;fmp_press","https://www.globenewswire.com/news-release/2026/06/29/3319308/0/en/Praxis-Precision-Medicines-Announces-Extension-Period-for-Relutrigine-for-Treatment-of-SCN2A-and-SCN8A-Developmental-and-Epileptic-Encephalopathies.html","drug","6816065703","322.4","366.52","37.19","86.6","325369.0","786865000","33.4","into 2028","company-guided","2028-12-15","https://www.sec.gov/Archives/edgar/data/1689548/000168954826000049/praxisq12026pr.htm","","","","","2026-07-24T12:34:14Z","","","","","","blank_drug"
"LNTH","0001521036","Lantheus","PDUFA","2026-06-29","day","","Neuroendocrine tumor PET imaging","curated_pharma","https://investor.lantheus.com/news-releases/news-release-details/lantheus-announces-three-month-extension-pdufa-date-lnth-2501-ga","","0.9","True","2026-07-24T12:11:15Z","","","","curated_pharma","https://investor.lantheus.com/news-releases/news-release-details/lantheus-announces-three-month-extension-pdufa-date-lnth-2501-ga","drug","6753453886","103.73","111.86","47.25","87.4","640900.0","498582000","","","","","","","","","","2026-07-24T12:34:14Z","","","","","","blank_drug"
"AGIO","0001439222","Agios Pharmaceuticals","PDUFA","2026-11-01","day","","Sickle cell disease (sNDA)","curated_pharma","https://investor.agios.com/news-releases/news-release-details/us-fda-grants-priority-review-agios-snda-mitapivat-sickle-cell","","0.9","True","2026-07-24T12:11:15Z","","","","curated_pharma;fmp_news;fmp_press","https://investor.agios.com/news-releases/news-release-details/us-fda-grants-priority-review-agios-snda-mitapivat-sickle-cell;https://www.globenewswire.com/news-release/2026/07/07/3323022/31990/en/U-S-FDA-Grants-Priority-Review-to-Agios-sNDA-for-Mitapivat-in-Sickle-Cell-Disease.html;https://www.globenewswire.com/news-release/2026/07/21/3330294/31990/en/Agios-Provides-Update-on-Phase-2-Trial-of-Tebapivat-in-Sickle-Cell-Disease.html","drug","2157629648","36.28","46.0","22.24","59.1","778073.0","737038000","23.2","~23 mo (estimated)","estimated","2028-06-28","","","","","","2026-07-24T12:34:14Z","","","","","","blank_drug"
"RHHBY","","Roche/Genentech","PDUFA","2026-12-18","day","","ER+/HER2-, ESR1-mutated metastatic breast cancer","curated_pharma","https://www.roche.com/media/releases/med-cor-2026-02-20","","0.9","True","2026-07-24T12:11:15Z","","","","curated_pharma","https://www.roche.com/media/releases/med-cor-2026-02-20","drug","343692935119","53.92","60.85","37.51","70.3","674379.0","15493581000","","","","","","","","","","2026-07-24T12:34:14Z","","","","","","blank_drug"
"IONS","0000874015","Ionis","PDUFA","2026-09-22","day","","Alexander disease","curated_pharma","https://ir.ionis.com/news-releases/news-release-details/ionis-announces-zilganersen-new-drug-application-alexander","","0.9","True","2026-07-24T12:11:15Z","","","","curated_pharma","https://ir.ionis.com/news-releases/news-release-details/ionis-announces-zilganersen-new-drug-application-alexander","drug","9233219004","55.87","86.74","40.03","33.9","3834334.0","1919113000","25.3","~25 mo (estimated)","estimated","2028-08-31","","","","resolved","FDA-confirmed approval 2026-06-24 (NDA218614); PDUFA was 2026-09-22","2026-07-24T12:34:14Z","","","Approved","2026-06-24","https://www.accessdata.fda.gov/scripts/cder/daf/index.cfm?event=overview.process&ApplNo=218614","blank_drug"
"NUVL","0001861560","Nuvalent","PDUFA","2026-11-27","day","","TKI-pretreated ALK-positive NSCLC","curated_pharma","https://www.prnewswire.com/news-releases/nuvalent-announces-key-program-and-business-updates-strengthening-foundation-for-global-leadership-in-ros1--and-alk-positive-nsclc-302782393.html","","0.9","True","2026-07-24T12:11:15Z","","","","curated_pharma;fmp_news;fmp_press","https://www.prnewswire.com/news-releases/nuvalent-announces-key-program-and-business-updates-strengthening-foundation-for-global-leadership-in-ros1--and-alk-positive-nsclc-302782393.html","drug","9134982669","123.96","123.99","71.13","99.9","0.0","1287476000","49.4","into 2029","company-guided","2029-12-15","https://www.sec.gov/Archives/edgar/data/1861560/000186156026000020/nuvl-ex99_1.htm","","","","","2026-07-24T12:34:14Z","","","","","","blank_drug"
"CAPR","0001133869","CAPRICOR THERAPEUTICS, INC.","PDUFA","2026-08-22","day","","","sec_edgar","https://www.sec.gov/Archives/edgar/data/1133869/000110465926025657/capr-20260310xex99d1.htm","ng full approval of Deramiocel, an investigational cell therapy, for the treatment of Duchenne muscular dystrophy ( DMD ) cardiomyopathy. The submission has been classified as a Class 2 resubmission, with a Prescription Drug User Fee Act ( PDUFA ) target action date of August 22, 2026. We are encouraged by the FDA s acknowledgment of our response to the Complete Response Letter and its continued review of our BLA for Deramiocel, said Linda Marb n, Ph.D., Chief Executive Officer of Capricor. We believe the positive HOPE-","0.9","True","2026-07-24T11:28:04Z","","","","fmp_news;fmp_press;sec_edgar","https://www.globenewswire.com/news-release/2026/05/12/3293375/0/en/capricor-therapeutics-reports-first-quarter-2026-financial-results-and-provides-corporate-update.html;https://www.globenewswire.com/news-release/2026/06/26/3318280/0/en/Capricor-Therapeutics-Announces-FDA-Advisory-Committee-Meeting-to-Review-BLA-for-Deramiocel-for-the-Treatment-of-Duchenne-Muscular-Dystrophy.html;https://www.sec.gov/Archives/edgar/data/1133869/000110465926025657/capr-20260310xex99d1.htm","drug","1148392838","19.83","40.37","4.3","43.1","2007249.0","278609914","36.1","~36 mo (estimated)","estimated","2029-07-25","","","","","","2026-07-24T12:34:14Z","mcap corrected: FMP 46M -> SEC 58M sh (2026-05-11)","","","","","blank_drug"
"GILD","0000882095","GILEAD SCIENCES, INC.","PDUFA","2026-12-23","day","","","sec_edgar","https://www.sec.gov/Archives/edgar/data/882095/000110465926018314/tm267044d1_ex99-1.htm","e myeloma is supported by results from the Phase 1 study (NCT04155749) and the pivotal Phase 2 iMMagine1 study (NCT05396885) and has been accepted by the U.S. Food and Drug Administration with an anticipated Prescription Drug User Fee Act (PDUFA) action date of December 23, 2026. This agreement reflects our conviction in the potential of anito-cel and our intention to move with speed so we can make the most of that potential for patients with multiple myeloma, said Daniel O Day, Chairman and Chief Executive Office","0.9","True","2026-07-24T11:31:19Z","","","","sec_edgar","https://www.sec.gov/Archives/edgar/data/882095/000110465926018314/tm267044d1_ex99-1.htm","drug","162471833712","130.86","157.29","108.46","45.9","6298021.0","9817000000","","","","","","","","","","2026-07-24T12:34:14Z","","","","","","blank_drug"
"VRAX","0001885827","Virax Biolabs Group Ltd.","Earnings","2026-12-02","day","","","fmp_earnings","https://site.financialmodelingprep.com/financial-summary/VRAX","earnings 2026-12-02","0.9","True","2026-07-24T11:53:01Z","","","","fmp_earnings","https://site.financialmodelingprep.com/financial-summary/VRAX","earnings","595334","3.19","25.75","2.5","3.0","182240.0","6518205","8.4","~8 mo (estimated)","estimated","2027-04-05","","ELEVATED — thin runway around catalyst","","","","2026-07-24T12:34:14Z","","","","","",""
"RARE","0001515673","Ultragenyx Pharmaceutical Inc.","PDUFA","2026-08-23","day","","","sec_edgar","https://www.sec.gov/Archives/edgar/data/1515673/000119312526062568/rare-20260223.htm","ation (the BLA ) seeking approval of DTX401 AAV gene therapy (pariglasgene brecaparvovec) for the treatment of Glycogen Storage Disease Type Ia (GSDIa). The FDA granted the BLA Priority Review and assigned a Prescription Drug User Fee Act (PDUFA) action date of August 23, 2026. Cautionary Note Regarding Forward-Looking Statements This Current Report on Form 8-K contains forward-looking statements within the meaning of the Private Securities Litigation Reform Act of 1995. These statements may be identified by the","0.9","True","2026-07-24T11:30:42Z","","","","curated_pharma;sec_edgar","https://ir.ultragenyx.com/news-releases/news-release-details/ultragenyx-announces-us-fda-acceptance-and-priority-review;https://www.sec.gov/Archives/edgar/data/1515673/000119312526062568/rare-20260223.htm","drug","2661178184","27.02","39.89","18.29","40.4","1888285.0","413000000","10.0","~10 mo (estimated)","estimated","2027-05-24","","ELEVATED — under 12 months","","","","2026-07-24T12:34:14Z","","","","","","blank_drug"
"JNJ","0000200406","JOHNSON & JOHNSON","Earnings","2026-10-13","day","","","fmp_earnings","https://site.financialmodelingprep.com/financial-summary/JNJ","earnings 2026-10-13","0.9","True","2026-07-24T11:53:01Z","","","","fmp_earnings","https://site.financialmodelingprep.com/financial-summary/JNJ","earnings","624119929400","259.27","269.43","164.23","90.3","8040211.0","20758000000","","","","","","","new","new","","2026-07-24T12:34:14Z","","","","","",""
"SMMT","0001599298","Summit Therapeutics Inc.","Earnings","2026-11-11","day","","","fmp_earnings","https://site.financialmodelingprep.com/financial-summary/SMMT","earnings 2026-11-11","0.9","True","2026-07-24T11:53:01Z","","","","fmp_earnings","https://site.financialmodelingprep.com/financial-summary/SMMT","earnings","11626916422","14.98","30.98","12.55","13.2","3249070.0","690678000","20.3","~20 mo (estimated)","estimated","2028-04-01","","","new","new","","2026-07-24T12:34:14Z","","","","","","stale_alias"
"BFRI","0001858685","Biofrontera Inc.","PDUFA","2026-09-28","day","","","sec_edgar","https://www.sec.gov/Archives/edgar/data/1858685/000149315226022875/ex99-1.htm","cent Operational Highlights Announced FDA s completion of its filing review and filing acceptance of the Company s supplemental New Drug Application (sNDA) for Ameluz PDT for the treatment of superficial basal cell carcinoma (sBCC), with a PDUFA target action date of September 28, 2026. Announced positive and statistically significant top-line results from its Phase 3 clinical trial evaluating Ameluz PDT for the treatment of mild to moderate actinic keratoses (AKs) on the extremities, neck, and trunk, meeting the primary","0.9","True","2026-07-24T11:29:30Z","","","","curated_pharma;sec_edgar","https://www.globenewswire.com/news-release/2026/02/11/3236372/0/en/Biofrontera-Announces-FDA-Filing-Acceptance-of-Supplemental-New-Drug-Application-for-Ameluz-PDT-in-Superficial-Basal-Cell-Carcinoma.html;https://www.sec.gov/Archives/edgar/data/1858685/000149315226022875/ex99-1.htm","drug","13955645","1.09","1.205","0.555","82.3","159848.0","6317000","8.1","~8 mo (estimated)","estimated","2027-03-27","","ELEVATED — thin runway around catalyst","","","","2026-07-24T12:34:14Z","","","","","","blank_drug"
"MRK","0000310158","Merck","Earnings","2026-10-29","day","","","fmp_earnings","https://site.financialmodelingprep.com/financial-summary/MRK","earnings 2026-10-29","0.9","True","2026-07-24T11:53:01Z","","","","fmp_earnings","https://site.financialmodelingprep.com/financial-summary/MRK","earnings","322212717200","130.46","131.74","76.66","97.7","5980266.0","5702000000","","","","","","","","","","2026-07-24T12:34:14Z","","","","","","stale_alias"
"EVMN","0002044725","Evommune, Inc.","Earnings","2026-10-16","day","","","fmp_earnings","https://site.financialmodelingprep.com/financial-summary/EVMN","earnings 2026-10-16","0.9","True","2026-07-24T11:53:01Z","","","","fmp_earnings","https://site.financialmodelingprep.com/financial-summary/EVMN","earnings","160339933","11.32","33.2","10.47","3.7","827533.0","211464000","31.7","~32 mo (estimated)","estimated","2029-03-13","","","","","","2026-07-24T12:34:14Z","","","","","","stale_alias"
"SPRO","0001701108","Spero Therapeutics, Inc.","PDUFA","2026-06-18","day","","","sec_edgar","https://www.sec.gov/Archives/edgar/data/1701108/000119312526277506/d51395d8k.htm","patients. This approval is a result of GSK s development and exclusive global licensing agreement (excluding select Asian territories) with the Company. FDA approval was received in advance of FDA-assigned Prescription Drug User Fee Act ( PDUFA ) date of June 18, 2026. Item 9.01 Financial Statements and Exhibits (d) Exhibits Exhibit No. Description 99.1 Press release issued by Spero Therapeutics, Inc. on June 17, 2026 104 Cover Page Interactive Data File (embedded within the Inline XBRL document and inc","0.9","True","2026-07-24T11:30:37Z","","","","fmp_news;fmp_press;sec_edgar","https://www.globenewswire.com/news-release/2026/05/13/3294434/0/en/spero-therapeutics-announces-first-quarter-2026-operating-results-and-provides-business-update.html;https://www.sec.gov/Archives/edgar/data/1701108/000119312526277506/d51395d8k.htm","drug","67165732","1.16","3.08","1.1","3.0","3719220.0","56129000","","into 2028","company-guided","2028-12-15","https://www.sec.gov/Archives/edgar/data/1701108/000119312526221567/d147628dex991.htm","","","","","2026-07-24T12:34:14Z","","","","","","blank_drug"
"MRK","0000310158","Merck","PDUFA","2026-06-19","day","","","sec_edgar","https://www.sec.gov/Archives/edgar/data/310158/000110465926052081/tm2612241d1_ex99-1.htm","Oct. 10, 2026. FDA accepted for priority review supplemental applications for WELIREG in combination with KEYTRUDA or KEYTRUDA QLEX for the adjuvant treatment of certain patients with RCC, based on the Phase 3 LITESPARK-022 trial. FDA set PDUFA date of June 19, 2026. 5 Includes the estimated income tax impacts on the reconciling items based on applying the statutory rate of the originating territory of the non-GAAP adjustments for all periods presented. - 8 - FDA accepted supplemental applications for","0.9","True","2026-07-24T11:31:58Z","","","","sec_edgar","https://www.sec.gov/Archives/edgar/data/310158/000110465926052081/tm2612241d1_ex99-1.htm","drug","322212717200","130.46","131.74","76.66","97.7","5980266.0","5702000000","","","","","","","","","","2026-07-24T12:34:14Z","","","","","","blank_drug|stale_alias"
"BMY","0000014272","Bristol Myers Squibb","Earnings","2026-10-29","day","","","fmp_earnings","https://site.financialmodelingprep.com/financial-summary/BMY","earnings 2026-10-29","0.9","True","2026-07-24T11:53:01Z","","","","fmp_earnings","https://site.financialmodelingprep.com/financial-summary/BMY","earnings","125607725700","61.51","62.89","42.52","93.2","7601774.0","10486000000","","","","","","","","","","2026-07-24T12:34:14Z","","","","","","stale_alias"
"DBVT","0001613780","DBV Technologies S.A.","Earnings","2026-10-27","day","","","fmp_earnings","https://site.financialmodelingprep.com/financial-summary/DBVT","earnings 2026-10-27","0.9","True","2026-07-24T11:53:01Z","","","","fmp_earnings","https://site.financialmodelingprep.com/financial-summary/DBVT","earnings","331555303","13.86","26.185","8.51","30.3","100689.0","174900000","10.5","into Q2 2027","company-guided","2027-06-15","https://www.sec.gov/Archives/edgar/data/1613780/000119312526197921/d132063dex991.htm","ELEVATED — under 12 months","new","new","","2026-07-24T12:34:14Z","","","","","",""
"ARGX","0001697862","ARGENX SE","Earnings","2026-10-29","day","","","fmp_earnings","https://site.financialmodelingprep.com/financial-summary/ARGX","earnings 2026-10-29","0.9","True","2026-07-24T11:53:01Z","","","","fmp_earnings","https://site.financialmodelingprep.com/financial-summary/ARGX","earnings","57498812142","924.6","953.58","587.37","92.1","607666.0","4440039000","","","","","","","new","new","","2026-07-24T12:34:14Z","","","","","",""
"NVCR","0001645113","NovoCure Ltd","Earnings","2026-10-29","day","","","fmp_earnings","https://site.financialmodelingprep.com/financial-summary/NVCR","earnings 2026-10-29","0.9","True","2026-07-24T11:53:01Z","","","","fmp_earnings","https://site.financialmodelingprep.com/financial-summary/NVCR","earnings","2315260591","19.99","20.55","9.82","94.8","8941401.0","440559000","","","","","","","new","new","","2026-07-24T12:34:14Z","","","","","","stale_alias"
"NVS","0001114448","NOVARTIS AG","Earnings","2026-10-27","day","","","fmp_earnings","https://site.financialmodelingprep.com/financial-summary/NVS","earnings 2026-10-27","0.9","True","2026-07-24T11:53:01Z","","","","fmp_earnings","https://site.financialmodelingprep.com/financial-summary/NVS","earnings","296777615118","156.14","170.46","112.34","75.4","2105344.0","7690031000","","","","","","","new","new","","2026-07-24T12:34:14Z","","","","","","stale_alias"
"BIIB","0000875045","Biogen/Eisai","PDUFA","2026-08-24","day","","Early Alzheimer's disease (sBLA)","curated_pharma","https://www.prnewswire.com/news-releases/leqembi-iqlik-pdufa-date-updated-to-august-24-in-the-us-302766723.html","","0.85","True","2026-07-24T12:11:15Z","","","","curated_pharma","https://www.prnewswire.com/news-releases/leqembi-iqlik-pdufa-date-updated-to-august-24-in-the-us-302766723.html","drug","29618934940","200.62","219.72","124.56","79.9","1031054.0","4282700000","","","","","","","","","","2026-07-24T12:34:14Z","","","","","","blank_drug"
"ALPMY","","Astellas","PDUFA","2026-08-17","day","","Muscle-invasive bladder cancer (Priority Review)","curated_pharma","https://newsroom.astellas.com/2026-04-21-us-fda-grants-priority-review-to-sbla-for-padcev-tm-keytruda-r-as-perioperative-treatment-for-muscle-invasive-bladder-cancer-regardless-of-cisplatin-eligibility","","0.85","True","2026-07-24T12:11:15Z","","","","curated_pharma","https://newsroom.astellas.com/2026-04-21-us-fda-grants-priority-review-to-sbla-for-padcev-tm-keytruda-r-as-perioperative-treatment-for-muscle-invasive-bladder-cancer-regardless-of-cisplatin-eligibility","drug","23450633657","13.09","17.35","9.91","42.7","4308.0","282826368000","","","","","","","","","","2026-07-24T12:34:14Z","","","","","","blank_drug"
"VRTX","0000875320","Vertex","PDUFA","2026-11-30","day","","IgA nephropathy","curated_pharma","https://news.vrtx.com/news-releases/news-release-details/vertex-announces-us-fda-acceptance-biologics-license-application","","0.85","True","2026-07-24T12:11:15Z","","","","curated_pharma","https://news.vrtx.com/news-releases/news-release-details/vertex-announces-us-fda-acceptance-biologics-license-application","drug","120072804729","473.09","533.67","362.5","64.6","1305764.0","7246700000","","","","","","","","","","2026-07-24T12:34:14Z","","","","","","blank_drug"
"CAPR","0001133869","CAPRICOR THERAPEUTICS, INC.","AdComm","2026-07-29","day","Deramiocel","","sec_edgar","https://www.sec.gov/Archives/edgar/data/1133869/000110465926078327/capr-20260626xex99d1.htm","EX-99.1 2 capr-20260626xex99d1.htm EX-99.1 Exhibit 99.1 Capricor Therapeutics Announces FDA Advisory Committee Meeting to Review BLA for Deramiocel for the Treatment of Duchenne Muscular Dystrophy Advisory Committee meeting scheduled for July 29, 2026 Company s Biologics License Application on track with PDUFA target action date of August 22, 2026 SAN DIEGO , June 26, 2026 (GLOBE NEWSWIRE) Capricor Therapeutics (NASDAQ: CAPR), a biotechnology company developing transformative cell and e","0.8","True","2026-07-24T11:32:04Z","","","","sec_edgar","https://www.sec.gov/Archives/edgar/data/1133869/000110465926078327/capr-20260626xex99d1.htm","drug","1148392838","19.83","40.37","4.3","43.1","2007249.0","278609914","36.1","~36 mo (estimated)","estimated","2029-07-25","","","","","","2026-07-24T12:34:14Z","mcap corrected: FMP 46M -> SEC 58M sh (2026-05-11)","","","","",""
"RHHBY","","Roche/Genentech","PDUFA","2026-11-30","day","","Adjuvant early breast cancer (ER+/HER2-)","curated_pharma","https://www.gene.com/media/press-releases/15115/2026-06-01/fda-accepts-new-drug-application-for-gen","","0.8","True","2026-07-24T12:11:15Z","","","","curated_pharma","https://www.gene.com/media/press-releases/15115/2026-06-01/fda-accepts-new-drug-application-for-gen","drug","343692935119","53.92","60.85","37.51","70.3","674379.0","15493581000","","","","","","","","","","2026-07-24T12:34:14Z","","","","","","blank_drug"
"MRNA","0001682852","Moderna","PDUFA","2026-08-05","day","","Seasonal influenza (BLA)","curated_pharma","https://www.pharmaceutical-technology.com/news/fda-to-review-moderna-seasonal-flu-vaccine-mrna-1010/","","0.8","True","2026-07-24T12:11:15Z","","","","curated_pharma","https://www.pharmaceutical-technology.com/news/fda-to-review-moderna-seasonal-flu-vaccine-mrna-1010/","drug","22624737720","57.02","85.6","22.28","54.9","4686929.0","5205000000","43.2","~43 mo (estimated)","estimated","2030-02-26","","","","","","2026-07-24T12:34:14Z","","","","","","blank_drug"
"GILD","0000882095","GILEAD SCIENCES, INC.","PDUFA","2027-02-02","day","","","fmp_press","https://www.businesswire.com/news/home/20260615875061/en/U.S.-FDA-Accepts-Gilead%E2%80%99s-Application-for-Investigational-Once-Weekly-Oral-Yeztugo-Potentially-the-First-Long-Acting-Pill-for-HIV-Prevention/","assigned a Prescription Drug User Fee Act (PDUFA) action date of February 2, 2027. “This filing reflects Gilead","0.8","True","2026-07-24T11:55:21Z","","","","fmp_news;fmp_press","https://www.businesswire.com/news/home/20260615875061/en/U.S.-FDA-Accepts-Gilead%E2%80%99s-Application-for-Investigational-Once-Weekly-Oral-Yeztugo-Potentially-the-First-Long-Acting-Pill-for-HIV-Prevention/","drug","162471833712","130.86","157.29","108.46","45.9","6298021.0","9817000000","","","","","","","","","","2026-07-24T12:34:14Z","","","","","","blank_drug|stale_alias"
"COGT","0001622229","Cogent Biosciences, Inc.","PDUFA","2026-11-30","day","","","fmp_press","https://www.globenewswire.com/news-release/2026/05/28/3302753/0/en/Cogent-Biosciences-Announces-FDA-Acceptance-of-New-Drug-Application-NDA-with-Priority-Review-for-Bezuclastinib-in-Combination-with-Sunitinib-for-Patients-with-GIST.html","e Oncology Review following Phase 3 PEAK results; PDUFA date set for November 30, 2026","0.8","True","2026-07-24T11:54:43Z","","","","fmp_news;fmp_press","https://www.globenewswire.com/news-release/2026/05/28/3302753/0/en/Cogent-Biosciences-Announces-FDA-Acceptance-of-New-Drug-Application-NDA-with-Priority-Review-for-Bezuclastinib-in-Combination-with-Sunitinib-for-Patients-with-GIST.html","drug","6875728320","40.24","43.73","10.38","89.5","3180832.0","866378000","36.5","into 2028","company-guided","2028-12-15","https://www.sec.gov/Archives/edgar/data/1622229/000119312526205124/cogt-ex99_1.htm","","","","","2026-07-24T12:34:14Z","","","","","","blank_drug|stale_alias"
"PHVS","0001830487","Pharvaris N.V.","PDUFA","2027-04-23","day","","","fmp_press","https://www.globenewswire.com/news-release/2026/07/06/3322293/0/en/Pharvaris-Announces-FDA-Acceptance-of-New-Drug-Application-for-Deucrictibant-IR-for-On-Demand-Treatment-of-Hereditary-Angioedema-Attacks.html","has set a Prescription Drug User Fee Act (PDUFA) target action date of April 23, 2027.","0.8","True","2026-07-24T11:57:12Z","","","","fmp_news;fmp_press","https://www.globenewswire.com/news-release/2026/07/06/3322293/0/en/Pharvaris-Announces-FDA-Acceptance-of-New-Drug-Application-for-Deucrictibant-IR-for-On-Demand-Treatment-of-Hereditary-Angioedema-Attacks.html","drug","2324199687","33.26","36.6","19.12","80.9","366231.0","246957998","20.0","~20 mo (estimated)","estimated","2028-03-23","","","","","","2026-07-24T12:34:14Z","","","","","","blank_drug|stale_alias"
"ARQT","0001787306","Arcutis","PDUFA","2027-02-23","day","","","fmp_press","https://www.globenewswire.com/news-release/2026/07/08/3324020/0/en/fda-accepts-supplemental-new-drug-application-for-arcutis-zoryve-roflumilast-cream-0-05-for-the-treatment-of-mild-to-moderate-atopic-dermatitis-in-infants-down-to-3-months.html","has set a Prescription Drug User Fee Act (PDUFA) target action date of February 23, 2027 Application supported by posi","0.8","True","2026-07-24T11:53:30Z","","","","fmp_news;fmp_press","https://www.globenewswire.com/news-release/2026/07/08/3324020/0/en/fda-accepts-supplemental-new-drug-application-for-arcutis-zoryve-roflumilast-cream-0-05-for-the-treatment-of-mild-to-moderate-atopic-dermatitis-in-infants-down-to-3-months.html","drug","3418518390","27.33","31.77","13.695","75.4","1031411.0","224000000","","","","","","","","","","2026-07-24T12:34:14Z","","","","","","blank_drug|stale_alias"
"ANAB","0001370053","","PDUFA","2026-12-12","day","","","fmp_press","https://www.prnewswire.com/news-releases/vanda-pharmaceuticals-announces-the-publication-of-efficacy-and-safety-of-imsidolimab-for-generalized-pustular-psoriasis-in-nejm-evidence-302756392.html","he U.S. Food and Drug Administration (FDA) with a target action date of December 12, 2026.","0.8","True","2026-07-24T11:53:25Z","","","","fmp_news;fmp_press","https://www.prnewswire.com/news-releases/vanda-pharmaceuticals-announces-the-publication-of-efficacy-and-safety-of-imsidolimab-for-generalized-pustular-psoriasis-in-nejm-evidence-302756392.html","drug","2367850051","54.91","72.36","11.404","71.4","674415.0","286455000","","","","","","","","","","2026-07-24T12:34:14Z","","","","","","blank_drug"
"IBRX","0001326110","ImmunityBio, Inc.","PDUFA","2027-01-06","day","","","fmp_press","https://www.businesswire.com/news/home/20260519760562/en/ImmunityBio-Announces-FDA-Acceptance-of-Supplemental-BLA-for-ANKTIVA%C2%AE-Plus-BCG-in-BCG-Unresponsive-Non-Muscle-Invasive-Bladder-Cancer-with-Papillary-Disease-PDUFA-Date-Set-for-January-6-2027/","e Invasive Bladder Cancer with Papillary Disease; PDUFA Date Set for January 6, 2027 . CULVER CITY, Calif.--(BUSIN","0.8","True","2026-07-24T11:55:37Z","","","","fmp_press","https://www.businesswire.com/news/home/20260519760562/en/ImmunityBio-Announces-FDA-Acceptance-of-Supplemental-BLA-for-ANKTIVA%C2%AE-Plus-BCG-in-BCG-Unresponsive-Non-Muscle-Invasive-Bladder-Cancer-with-Papillary-Disease-PDUFA-Date-Set-for-January-6-2027/","drug","7750389993","7.4","12.43","1.95","52.0","6073285.0","380879000","15.5","~12+ months (company-stated, non-specific)","company-guided","","https://www.sec.gov/Archives/edgar/data/1326110/000132611026000059/ibrx-20260331.htm","","","","","2026-07-24T12:34:14Z","","","","","","blank_drug|stale_alias"
"IONS","0000874015","Ionis","PDUFA","2026-10-26","day","","","fmp_press","https://www.businesswire.com/news/home/20260427721143/en/Ionis-partner-GSK-announces-bepirovirsen-accepted-for-Priority-Review-and-granted-Breakthrough-Therapy-Designation-by-U.S.-FDA-as-a-potential-first-in-class-medicine-for-chronic-hepatitis-B/","and set a Prescription Drug User Fee Act (PDUFA) target action date of October 26, 2026. “.","0.8","True","2026-07-24T11:55:52Z","","","","fmp_press","https://www.businesswire.com/news/home/20260427721143/en/Ionis-partner-GSK-announces-bepirovirsen-accepted-for-Priority-Review-and-granted-Breakthrough-Therapy-Designation-by-U.S.-FDA-as-a-potential-first-in-class-medicine-for-chronic-hepatitis-B/","drug","9233219004","55.87","86.74","40.03","33.9","3834334.0","1919113000","25.3","~25 mo (estimated)","estimated","2028-08-31","","","","","","2026-07-24T12:34:14Z","","","","","","blank_drug|stale_alias"
"GSK","0001131399","GSK plc","PDUFA","2026-10-26","day","","","fmp_press","https://www.businesswire.com/news/home/20260427721143/en/Ionis-partner-GSK-announces-bepirovirsen-accepted-for-Priority-Review-and-granted-Breakthrough-Therapy-Designation-by-U.S.-FDA-as-a-potential-first-in-class-medicine-for-chronic-hepatitis-B/","and set a Prescription Drug User Fee Act (PDUFA) target action date of October 26, 2026. “.","0.8","True","2026-07-24T11:55:29Z","","","","fmp_press","https://www.businesswire.com/news/home/20260427721143/en/Ionis-partner-GSK-announces-bepirovirsen-accepted-for-Priority-Review-and-granted-Breakthrough-Therapy-Designation-by-U.S.-FDA-as-a-potential-first-in-class-medicine-for-chronic-hepatitis-B/","drug","102366885830","50.74","61.7","36.75","56.1","4119534.0","4540284000","","","","","","","","","","2026-07-24T12:34:14Z","","","","","","blank_drug"
"EVAX","0001828253","Evaxion A/S","ConferencePresentation","2026-10-23","day","EVX-01","Melanoma Stage IV","sec_edgar","https://www.sec.gov/Archives/edgar/data/1828253/000117184326004747/exh_991.htm","EX-99.1 2 exh_991.htm PRESS RELEASE EdgarFiling EXHIBIT 99.1 Evaxion to present three-year clinical efficacy data for personalized cancer vaccine EVX-01 at the ESMO Congress 2026 Three-year data from phase 2 trial will","0.75","True","2026-07-24T12:10:23Z","ESMO","unspecified","observed","sec_edgar","https://www.sec.gov/Archives/edgar/data/1828253/000117184326004747/exh_991.htm","other","19265545","3.05","12.15","2.45","6.2","9840.0","18440000","","","","","","","new","new","","2026-07-24T12:34:14Z","","","","","",""
"CRSP","0001674416","CRISPR Therapeutics AG","ConferencePresentation","2026-12-12","day","CTX001","Beta-Thalassemia","sec_edgar","https://www.sec.gov/Archives/edgar/data/1674416/000119312525273329/crsp-ex99_1.htm","CD and TDT, with enrollment in two global Phase 3 studies completed; initial data will be presented at the upcoming American Society of Hematology (ASH) annual meeting- -Clinical trials ongoing for CTX112 , targeting CD19, across multiple i","0.75","True","2026-07-24T12:08:26Z","ASH","unspecified","observed","sec_edgar","https://www.sec.gov/Archives/edgar/data/1674416/000119312525273329/crsp-ex99_1.htm","other","4584211464","47.53","78.48","44.12","9.9","1712528.0","2441785000","73.3","~73 mo (estimated)","estimated","2032-08-29","","","new","new","","2026-07-24T12:34:14Z","","","","","",""
"MOLN","0001745114","MOLECULAR PARTNERS AG","ConferencePresentation","2026-10-23","day","","","sec_edgar","https://www.sec.gov/Archives/edgar/data/1745114/000117184326004758/exh_991.htm","ata update expected in 2027, with trial completion in 2028 Trial-in-progress poster to be presented at ESMO 2026 in October ZURICH-SCHLIEREN, Switzerland and CONCORD, Mass., July 16, 2026 (GLOBE NEWSWIRE) -- Ad hoc announcement pursuant to","0.75","True","2026-07-24T12:10:23Z","ESMO","poster","observed","sec_edgar","https://www.sec.gov/Archives/edgar/data/1745114/000117184326004758/exh_991.htm","other","150794710","4.02","5.36","3.41","31.3","0.0","78532739","17.5","~18 mo (estimated)","estimated","2028-01-07","","","new","new","","2026-07-24T12:34:14Z","","","","","",""
"MGNX","0001125345","MACROGENICS INC","ConferencePresentation","2026-10-23","day","","","sec_edgar","https://www.sec.gov/Archives/edgar/data/1125345/000112534526000050/exhibit991_clinicalupdatem.htm","nics Provides Clinical Update on Ongoing Phase 1 Study for MGC026 Interim Phase 1 results accepted for poster presentation at ESMO Congress 2026 Achieved pre-specified Stage 1 response threshold in squamous cell carcinoma of the head and ne","0.75","True","2026-07-24T12:10:34Z","ESMO","poster","observed","sec_edgar","https://www.sec.gov/Archives/edgar/data/1125345/000112534526000050/exhibit991_clinicalupdatem.htm","other","254888031","4.01","5.08","1.29","71.8","574367.0","154229000","26.5","into late 2027","company-guided","2027-12-15","https://www.sec.gov/Archives/edgar/data/1125345/000112534526000017/mgnx-20251231.htm","","new","new","","2026-07-24T12:34:14Z","","","","","",""
"REGN","0000872589","Regeneron","PDUFA","2026-11-30","month","","Generalized myasthenia gravis (gMG)","curated_pharma","https://investor.regeneron.com/news-releases/news-release-details/cemdisiran-regulatory-submissions-accepted-review-fda-and-ema","","0.7","True","2026-07-24T12:11:15Z","","","","curated_pharma","https://investor.regeneron.com/news-releases/news-release-details/cemdisiran-regulatory-submissions-accepted-review-fda-and-ema","drug","67161072020","651.91","821.11","541.0","39.6","1129331.0","8753700000","","","","","","","","","","2026-07-24T12:34:14Z","","","","","","blank_drug"
"KYTX","0001994702","Kyverna Therapeutics, Inc.","Submission","2026-H1","half","Standard of Care Treatment","Myasthenia Gravis","sec_edgar","https://www.sec.gov/Archives/edgar/data/1994702/000119312526009810/kytx-ex99_1.htm","er indications in over 20 countries. In addition, Ms. Shaw brings deep immunology and neurology experience from her time at Eli Lilly and Company and Novartis Pharmaceutical Corporation. 2026 Strategic Priorities and Anticipated Milestones File BLA for miv-cel in SPS in 1H 2026: Following positive topline data from the KYSA-8 registrational trial in SPS, Kyverna intends to submit its first BLA to the FDA in the first half of 2026. In addition, the Company plans to report its full registrational data in 1H 2026. A","0.65","True","2026-07-24T11:37:22Z","","","","sec_edgar","https://www.sec.gov/Archives/edgar/data/1994702/000119312526009810/kytx-ex99_1.htm","drug","443197095","7.29","13.67","2.8","41.3","648293.0","236446000","18.9","into 2027","company-guided","2027-12-15","https://www.sec.gov/Archives/edgar/data/1994702/000119312525277584/kytx-20250930.htm","","","","","2026-07-24T12:34:14Z","mcap corrected: FMP 44M -> SEC 61M sh (2026-05-01)","","","","",""
"ZYME","0001937653","Zymeworks Inc.","Submission","2026-H1","half","trastuzumab","","sec_edgar","https://www.sec.gov/Archives/edgar/data/1937653/000119312525283873/d17392dex991.htm","ments in OS and PFS versus trastuzumab and chemotherapy Results support Ziihera s potential to be the HER2-targeted agent-of-choice in first-line gastroesophageal adenocarcinoma (GEA) Based on the results, Zymeworks partner Jazz intends to submit a supplemental Biologics License Application in 1H-2026 Vancouver, British Columbia (November 17, 2025) Zymeworks Inc. (Nasdaq: ZYME) a clinical-stage biotechnology company developing a diverse pipeline of novel, multifunctional biotherapeutics to improve the standard of care for difficult-to-t","0.65","True","2026-07-24T11:35:43Z","","","","sec_edgar","https://www.sec.gov/Archives/edgar/data/1937653/000119312525283873/d17392dex991.htm","drug","1701029539","23.12","29.75","11.51","63.7","357858.0","364727000","58.3","into 2H 2027","company-guided","2027-12-15","https://www.sec.gov/Archives/edgar/data/1937653/000193765325000076/ex991q32025_earningsxrelea.htm","","","","","2026-07-24T12:34:14Z","","","","","",""
"RPRX","0001802768","Royalty Pharma plc","Submission","2026-Q2","quarter","obexelimab","","sec_edgar","https://www.sec.gov/Archives/edgar/data/1802768/000180276826000008/rprx-20260331rpplcpressxre.htm","se 3 INDIGO trial of obexelimab in Immunoglobulin G4-related disease (IgG4-RD), which met the primary endpoint demonstrating a clinically meaningful and highly statistically significant reduction in risk of IgG4-RD flare. Zenas anticipates submitting a Biologics License Application in Q2 2026 and a Marketing Authorization Application to the European Medicines Agency in the second half of 2026. Royalty Pharma Press Release May 6, 2026 6 Financial Results Call Royalty Pharma will host a conference call and simultaneous webcast to","0.65","True","2026-07-24T11:34:54Z","","","","sec_edgar","https://www.sec.gov/Archives/edgar/data/1802768/000180276826000008/rprx-20260331rpplcpressxre.htm","drug","25385901895","59.02","59.44","34.081","98.3","2159565.0","608295000","","","","","","","","","","2026-07-24T12:34:14Z","","","","","",""
"VRDN","0001590750","Viridian Therapeutics, Inc.\DE","Submission","2027-Q1","quarter","veligrotug","","sec_edgar","https://www.sec.gov/Archives/edgar/data/1590750/000119312526205010/d149508dex991.htm","arm additionally provided meaningful diplopia benefit to patients with chronic TED. Generally Well-Tolerated: Elegrobart was generally well-tolerated in both pivotal clinical trials, with low rates of hearing impairment. Viridian plans to submit a BLA to the FDA in Q1 2027 and seek approval for both Q4W and Q8W elegrobart dosing regimens. Viridian plans to launch elegrobart as the first simple and convenient autoinjector that patients can administer at home. Viridian anticipates that the veligrotug commercia","0.65","True","2026-07-24T11:33:31Z","","","","sec_edgar","https://www.sec.gov/Archives/edgar/data/1590750/000119312526205010/d149508dex991.htm","drug","1985219492","19.26","34.29","13.18","28.8","1346629.0","762181000","30.1","into 2H 2027","company-guided","2027-12-15","https://www.sec.gov/Archives/edgar/data/1590750/000119312525173983/d20477dex991.htm","","","","","2026-07-24T12:34:14Z","mcap corrected: FMP 90M -> SEC 103M sh (2026-05-01)","","","","",""
"QURE","0001590560","uniQure N.V.","Submission","2026-Q3","quarter","AMT-130","","sec_edgar","https://www.sec.gov/Archives/edgar/data/1590560/000110465926074853/tm2618105d1_ex99-1.htm","re Announces Plan for BLA Submission for AMT-130 in Huntington s Disease ~ 3-year analysis from the Phase I/II study can serve as the primary basis of a Biologics License Application for accelerated approval with FDA ~ ~ Company intends to submit the BLA in third quarter of 2026 ~ Lexington, MA and Amsterdam, the Netherlands, June 17, 2026 uniQure N.V. (NASDAQ: QURE), a leading gene therapy company advancing transformative therapies for patients with severe medical needs, today announced that, during a recent Type","0.65","True","2026-07-24T11:35:37Z","","","","sec_edgar","https://www.sec.gov/Archives/edgar/data/1590560/000110465926074853/tm2618105d1_ex99-1.htm","drug","2486750934","39.43","71.5","8.73","48.9","834348.0","586550000","40.9","into 2H 2029","company-guided","2029-12-15","https://www.sec.gov/Archives/edgar/data/1590560/000110465926055242/qure-20260505xex99d1.htm","","","","","2026-07-24T12:34:14Z","mcap corrected: FMP 68M -> SEC 63M sh (2026-05-01)","","","","",""
"PTGX","0001377121","Protagonist/Takeda","PDUFA","2026-09-30","month","","Polycythemia vera","curated_pharma","https://www.takeda.com/newsroom/newsreleases/2026/nda-rusfertide/","","0.65","True","2026-07-24T12:11:15Z","","","","curated_pharma","https://www.takeda.com/newsroom/newsreleases/2026/nda-rusfertide/","drug","8709689245","135.43","143.29","50.485","91.5","605783.0","547786000","56.4","~56 mo (estimated)","estimated","2031-04-03","","","","","","2026-07-24T12:34:14Z","","","","","","blank_drug"
"REGN","0000872589","Regeneron","PDUFA","2026-08-31","month","","Fibrodysplasia ossificans progressiva","curated_pharma","https://investor.regeneron.com/news-releases/news-release-details/garetosmab-biologics-license-application-accepted-fda-priority","","0.65","True","2026-07-24T12:11:15Z","","","","curated_pharma","https://investor.regeneron.com/news-releases/news-release-details/garetosmab-biologics-license-application-accepted-fda-priority","drug","67161072020","651.91","821.11","541.0","39.6","1129331.0","8753700000","","","","","","","","","","2026-07-24T12:34:14Z","","","","","","blank_drug"
"TAK","0001395064","Takeda","PDUFA","2026-09-30","month","","Narcolepsy type 1","curated_pharma","https://www.takeda.com/newsroom/newsreleases/2026/fda-accepts-nda-priority-review-oveporexton-narcolepsy-type-1/","","0.65","True","2026-07-24T12:11:15Z","","","","curated_pharma","https://www.takeda.com/newsroom/newsreleases/2026/fda-accepts-nda-priority-review-oveporexton-narcolepsy-type-1/","drug","53509735120","16.82","18.9","12.99","64.8","3511434.0","597634849000","","","","","","","","","","2026-07-24T12:34:14Z","","","","","","blank_drug"
"ROIV","0001635088","Roivant/Priovant","PDUFA","2026-09-30","month","","Dermatomyositis","curated_pharma","https://investor.roivant.com/news-releases/news-release-details/priovant-announces-fda-acceptance-and-priority-review-new-drug","","0.65","True","2026-07-24T12:11:15Z","","","","curated_pharma","https://investor.roivant.com/news-releases/news-release-details/priovant-announces-fda-acceptance-and-priority-review-new-drug","drug","25246377000","35.1","37.0","10.9","92.7","4246697.0","4295691000","68.7","~69 mo (estimated)","estimated","2032-04-11","","","","","","2026-07-24T12:34:14Z","","","","","","blank_drug"
"VRDN","0001590750","Viridian Therapeutics, Inc.\DE","Submission","2026-Q1","quarter","","","sec_edgar","https://www.sec.gov/Archives/edgar/data/1590750/000119312525265711/d33707dex991.htm","Designation in May 2025, which supports eligibility for Priority Review. If approved and Priority Review is granted, Viridian expects a U.S. commercial launch in mid-2026. Marketing Authorization Application (MAA). Viridian is on track to submit a Marketing Authorization Application to the European Medicines Agency in Q1 2026. Strong Commercial and Medical Preparation for Launch: Experienced field leadership teams in place, including sales, market access, patient services and medical affairs with full commercial build out on track for a potential mid-2026 launc","0.65","True","2026-07-24T11:36:03Z","","","","sec_edgar","https://www.sec.gov/Archives/edgar/data/1590750/000119312525265711/d33707dex991.htm","drug","1985219492","19.26","34.29","13.18","28.8","1346629.0","762181000","30.1","into 2H 2027","company-guided","2027-12-15","https://www.sec.gov/Archives/edgar/data/1590750/000119312525173983/d20477dex991.htm","","","","","2026-07-24T12:34:14Z","mcap corrected: FMP 90M -> SEC 103M sh (2026-05-01)","","","","","blank_drug"
"BAYRY","","Bayer","PDUFA","2026-11-30","month","","HER2-mutant NSCLC, 1L (sBLA, Priority Review)","curated_pharma","https://www.bayer.com/media/en-us/fda-grants-sevabertinib-priority-review-as-a-first-line-treatment-for-patients-with-her2-mutant-non-small-cell-lung-cancer/","","0.6","True","2026-07-24T12:11:15Z","","","","curated_pharma","https://www.bayer.com/media/en-us/fda-grants-sevabertinib-priority-review-as-a-first-line-treatment-for-patients-with-her2-mutant-non-small-cell-lung-cancer/","drug","51596908480","13.13","15.23","7.19","73.9","104170.0","6660000000","","","","","","","","","","2026-07-24T12:34:14Z","","","","","","blank_drug"
"GRAL","0001699031","GRAIL Inc.","DeviceReadout","2026-H2","half","","Multi-cancer early detection","curated_device","","","0.6","True","2026-07-24T12:11:15Z","","","","curated_device","","device","3019611272","70.36","118.84","29.95","45.5","646689.0","823105000","33.9","~34 mo (estimated)","estimated","2029-05-19","","","","","","2026-07-24T12:34:14Z","","","","","","blank_drug"
"AZN","0000901832","AstraZeneca/Alexion","PDUFA","2026-12-31","month","","IgA nephropathy (I CAN, sBLA)","curated_pharma","https://www.astrazeneca.com/media-centre/press-releases/2026/ultomiris-granted-priority-review-in-the-us-as-treatment-for-adults-with-immunoglobulin-a-nephropathy.html","","0.6","True","2026-07-24T12:11:15Z","","","","curated_pharma","https://www.astrazeneca.com/media-centre/press-releases/2026/ultomiris-granted-priority-review-in-the-us-as-treatment-for-adults-with-immunoglobulin-a-nephropathy.html;https://www.astrazeneca.com/media-centre/press-releases/2026/us-fda-decision-date-camizestrant-extended.html","drug","260777721616","168.27","212.71","142.98","36.3","2394060.0","7675000000","","","","","","","","","","2026-07-24T12:34:14Z","","","","","","blank_drug"
"NPCE","0001528287","Neuropace Inc.","DevicePMA","2026-H2","half","","Epilepsy","curated_device","","","0.6","True","2026-07-24T12:11:15Z","","","","curated_device","","device","500496177","14.68","19.6","7.563","59.1","553282.0","53981000","68.7","~69 mo (estimated)","estimated","2032-04-11","","","","","","2026-07-24T12:34:14Z","","","","","","blank_drug"
"ICU","0001831868","SeaStar Medical Holding Corp.","DevicePMA","2026","year","","Adult acute kidney injury on CKRT","curated_device","","","0.6","True","2026-07-24T12:11:15Z","","","","curated_device","","device","10613911","3.74","12.5","2.07","16.0","68651.0","9348000","8.2","~8 mo (estimated)","estimated","2027-03-30","","ELEVATED — under 12 months","","","","2026-07-24T12:34:14Z","","","","","","blank_drug"
"NPCE","0001528287","Neuropace Inc.","DevicePMA","2026-Q2","quarter","","Epilepsy","curated_device","","","0.6","True","2026-07-24T12:11:15Z","","","","curated_device","","device","500496177","14.68","19.6","7.563","59.1","553282.0","53981000","68.7","~69 mo (estimated)","estimated","2032-04-11","","","","","","2026-07-24T12:34:14Z","","","","","","blank_drug"
"NUWE","0001506492","Nuwellis Inc.","DeviceSubmission","2026","year","","Ultrafiltration for hypervolemia","curated_device","","","0.6","True","2026-07-24T12:11:15Z","","","","curated_device","","device","801449","2.2","447.65","2.06","0.0","346055.0","2083000","2.2","into late 2026","company-guided","2026-12-15","https://www.sec.gov/Archives/edgar/data/1506492/000114036126021649/ef20070454_10q.htm","ELEVATED — under 12 months","","","","2026-07-24T12:34:14Z","","","","","","blank_drug"
"ADGM","0002006986","Adagio Medical Holdings Inc.","DeviceSubmission","2026-05-21","day","","Ventricular tachycardia","curated_device","","","0.6","True","2026-07-24T12:11:15Z","","","","curated_device","","device","7458889","0.49","2.582","0.44","2.3","40336.0","12909000","9.7","~10 mo (estimated)","estimated","2027-05-14","","ELEVATED — under 12 months","","","","2026-07-24T12:34:14Z","","","","","","blank_drug"
"DRTS","0001871321","Alpha Tau Medical Ltd.","DeviceReadout","2026-07-21","day","","Recurrent/metastatic HNSCC (AHNS)","curated_device","","","0.6","True","2026-07-24T12:11:15Z","","","","curated_device","","device","1195914598","13.24","14.11","2.87","92.3","456446.0","80227000","36.1","~36 mo (estimated)","estimated","2029-07-25","","","","","","2026-07-24T12:34:14Z","","","","","","blank_drug"
"OBIO","0001814114","Orchestra BioMed Holdings Inc.","DeviceReadout","2027-Q2","quarter","","Uncontrolled hypertension","curated_device","","","0.6","True","2026-07-24T12:11:15Z","","","","curated_device","","device","217965803","3.64","5.424","2.2","44.7","161410.0","94400000","20.8","into late 2027","company-guided","2027-12-15","https://www.sec.gov/Archives/edgar/data/1814114/000110465926026754/obio-20251231x10k.htm","","","","","2026-07-24T12:34:14Z","","","","","","blank_drug"
"BJDX","0001704287","Bluejay Diagnostics Inc.","Device510k","2027","year","","Sepsis patient care and monitoring","curated_device","","","0.6","True","2026-07-24T12:11:15Z","","","","curated_device","","device","517037","1.14","16.68","1.03","0.7","244386.0","3684457","6.8","~7 mo (estimated)","estimated","2027-02-15","","HIGH — runway ends before this catalyst","","","","2026-07-24T12:34:14Z","","","","","","blank_drug"
"PROF","0001628808","Profound Medical Corp.","DeviceReadout","2026","year","","Prostate","curated_device","","","0.6","True","2026-07-24T12:11:15Z","","","","curated_device","","device","207276876","6.85","8.95","3.76","59.5","13505.0","50460410","15.7","~16 mo (estimated)","estimated","2027-11-13","","","","","","2026-07-24T12:34:14Z","","","","","","blank_drug"
"BWAY","0001505065","BrainsWay Ltd.","DeviceSubmission","2026-Q2","quarter","","Post-traumatic stress disorder (PTSD)","curated_device","","","0.6","True","2026-07-24T12:11:15Z","","","","curated_device","","device","647571730","16.51","17.352","5.6765","92.8","201562.0","59774000","","","","","","","","","","2026-07-24T12:34:14Z","","","","","","blank_drug"
"VRAX","0001885827","Virax Biolabs Group Ltd.","DeviceSubmission","2026-Q2","quarter","","T-cell dysfunction (long COVID/PTLD/ME-CFS)","curated_device","","","0.6","True","2026-07-24T12:11:15Z","","","","curated_device","","device","595334","3.19","25.75","2.5","3.0","182240.0","6518205","8.4","~8 mo (estimated)","estimated","2027-04-05","","ELEVATED — under 12 months","","","","2026-07-24T12:34:14Z","","","","","","blank_drug"
"GUTS","0001572616","","DeviceDeNovo","2026-Q4","quarter","","","fmp_press","https://www.globenewswire.com/news-release/2026/07/15/3327527/0/en/fractyl-health-reports-positive-randomized-data-from-remain-1-midpoint-cohort-demonstrating-durable-weight-maintenance-one-year-after-glp-1-discontinuation.html","rt in early Q4 2026 and a potential FDA De Novo marketing application submission in late Q4 2026 Company to host inves","0.6","True","2026-07-24T11:55:31Z","","","","fmp_news;fmp_press","https://www.globenewswire.com/news-release/2026/07/15/3327527/0/en/fractyl-health-reports-positive-randomized-data-from-remain-1-midpoint-cohort-demonstrating-durable-weight-maintenance-one-year-after-glp-1-discontinuation.html","device","54629026","0.7567","2.445","0.377","18.4","2226679.0","63168000","8.6","into early 2027","company-guided","2027-03-15","https://www.sec.gov/Archives/edgar/data/1572616/000119312526219365/guts-ex99_1.htm","ELEVATED — thin runway around catalyst","new","new","","2026-07-24T12:34:14Z","","","","","","blank_drug"
"NVO","0000353278","Novo Nordisk","PDUFA","2026-12-31","month","","Obesity / weight management","curated_pharma","https://www.prnewswire.com/news-releases/novo-nordisk-files-for-fda-approval-of-cagrisema-the-first-once-weekly-combination-of-glp1-and-amylin-analogues-for-weight-management-302645862.html","","0.55","True","2026-07-24T12:11:15Z","","","","curated_pharma","https://www.prnewswire.com/news-releases/novo-nordisk-files-for-fda-approval-of-cagrisema-the-first-once-weekly-combination-of-glp1-and-amylin-analogues-for-weight-management-302645862.html","drug","214101399367","48.18","71.8","35.12","35.6","8120373.0","21626000000","","","","","","","","","","2026-07-24T12:34:14Z","","","","","","blank_drug"
"BAYRY","","Bayer","PDUFA","2026-12-31","month","","Type 1 diabetes + CKD (FINE-ONE, sNDA)","curated_pharma","https://www.bayer.com/en/us/news-stories/kerendiar-granted-priority-review","","0.55","True","2026-07-24T12:11:15Z","","","","curated_pharma","https://www.bayer.com/en/us/news-stories/kerendiar-granted-priority-review","drug","51596908480","13.13","15.23","7.19","73.9","104170.0","6660000000","","","","","","","","","","2026-07-24T12:34:14Z","","","","","","blank_drug"
"PCVX","0001649094","Vaxcyte, Inc.","PhaseReadout","2026-H2","half","31-valent pneumococcal conjugate vaccine","Pneumococcal Vaccines","sec_edgar","https://www.sec.gov/Archives/edgar/data/1649094/000119312525067901/d848914dex991.htm","dent and Chief Operating Officer of Vaxcyte. We continue to make significant progress across our PCVs, and for the infant indication, the complete VAX-24 data set is expected by the end of the year and the VAX-31 Phase 2 dose-finding study topline data is expected in mid-2026, with the balance of booster data up to 9 months later. For the adult indication, the VAX-31 Phase 3 non-interiority study initiation is expected in mid-2025 with topline data in 2026. As always, we want to thank everyone involved in this","0.5","True","2026-07-24T11:46:00Z","","","","sec_edgar","https://www.sec.gov/Archives/edgar/data/1649094/000119312525067901/d848914dex991.htm","readout","8034287026","55.64","65.0","29.08","73.9","750325.0","1737178000","27.1","~27 mo (estimated)","estimated","2028-10-24","","","new","new","","2026-07-24T12:34:14Z","","","","","",""
"ZNTL","0001725160","Zentalis Pharmaceuticals, Inc.","PhaseReadout","2026-H2","half","Investigator's choice of Chemotherapy","Ovarian Cancer","sec_edgar","https://www.sec.gov/Archives/edgar/data/1725160/000172516025000147/zntl_q22025earningspr.htm","pr.htm EX-99.1 Document Exhibit 99.1 Zentalis Pharmaceuticals Reports Second Quarter 2025 Financial Results and Operational Progress DENALI Phase 2 trial evaluating azenosertib in patients with Cyclin E1-positive PROC remains on track with topline data anticipated by year end 2026, with the potential to support an accelerated approval, subject to FDA feedback $303.4 million cash, cash equivalents and marketable securities supports operational runway into late 2027 SAN DIEGO, Calif. August 6, 2025 Zentalis Pharmaceut","0.5","True","2026-07-24T11:45:38Z","","","","sec_edgar","https://www.sec.gov/Archives/edgar/data/1725160/000172516025000147/zntl_q22025earningspr.htm","readout","316779249","4.45","6.95","1.212","56.4","992424.0","211758000","20.2","~20 mo (estimated)","estimated","2028-03-29","","","","","","2026-07-24T12:34:14Z","","","","","",""
"CGON","0001991792","CG Oncology, Inc.","PhaseReadout","2026-H1","half","Cretostimogene Grenadenorepvec","Non Muscle Invasive Bladder Cancer","sec_edgar","https://www.sec.gov/Archives/edgar/data/1991792/000119312526008329/ck0001991792-ex99_1.htm","hairman Chief Executive Officer, CG Oncology. The IR population is estimated to be greater than fifty thousand patients in the US alone, and we look forward to broadening our potential reach to individuals living with IR NMIBC. | PIVOT-006 Topline Data Expected in 1H 2026 CG Oncology now plans to share topline data from the Phase 3, randomized, open-label PIVOT-006 registrational study in the first half of 2026. This expedited timeline is due to the rapid study enrollment across over 90 sites. The PIVOT-006","0.5","True","2026-07-24T11:44:20Z","","","","sec_edgar","https://www.sec.gov/Archives/edgar/data/1991792/000119312526008329/ck0001991792-ex99_1.htm","readout","6272959880","71.12","77.0","23.65","89.0","1036498.0","1076242000","80.7","into 2029","company-guided","2029-12-15","https://www.sec.gov/Archives/edgar/data/1991792/000119312526213440/ck0001991792-ex99_1.htm","","","","","2026-07-24T12:34:14Z","","","","","",""
"DFTX","0001813814","Definium Therapeutics, Inc.","PhaseReadout","2026-H1","half","Psilocybin assisted therapy","Suicidal Ideation","sec_edgar","https://www.sec.gov/Archives/edgar/data/1813814/000095017025034175/mnmd-ex99_1.htm","eports Fourth Quarter and Full-Year 2024 Financial Results and Recent Business Updates --First Patients Dosed in Phase 3 Voyage and Panorama studies of MM120 Orally Disintegrating Tablet (ODT) in Generalized Anxiety Disorder (GAD); 12-week topline data anticipated in 1H 2026 for Voyage and 2H 2026 for Panorama-- --On track to initiate Emerge, the first Phase 3 study of MM120 ODT in Major Depressive Disorder (MDD) in 1H of 2025-- --Raised approximately $250 million in gross proceeds through two equity financing","0.5","True","2026-07-24T11:44:26Z","","","","sec_edgar","https://www.sec.gov/Archives/edgar/data/1813814/000095017025034175/mnmd-ex99_1.htm","readout","4681953012","42.93","49.2","12.882","82.7","14924.7999","373422000","31.2","~12+ months (company-stated, non-specific)","company-guided","","https://www.sec.gov/Archives/edgar/data/1813814/000119312526211989/dftx-20260331.htm","","","","","2026-07-24T12:34:14Z","","","","","","stale_alias"
"DFTX","0001813814","Definium Therapeutics, Inc.","PhaseReadout","2026-H2","half","Psilocybin assisted therapy","Suicidal Ideation","sec_edgar","https://www.sec.gov/Archives/edgar/data/1813814/000095017025066374/mnmd-ex99_1.htm","Exhibit 99.1 MindMed Reports First Quarter 2025 Financial Results and Recent Business Updates --Dosed first patient in Emerge, the first Phase 3 study of MM120 Orally Disintegrating Tablet (ODT) in Major Depressive Disorder (MDD); 12-week topline data anticipated in 2H 2026-- --Enrollment on track in Phase 3 Voyage and Panorama studies of MM120 (ODT) in Generalized Anxiety Disorder (GAD); 12-week topline data anticipated in 1H 2026 for Voyage and 2H 2026 for Panorama-- --Company to host a conference call toda","0.5","True","2026-07-24T11:44:17Z","","","","sec_edgar","https://www.sec.gov/Archives/edgar/data/1813814/000095017025066374/mnmd-ex99_1.htm","readout","4681953012","42.93","49.2","12.882","82.7","14924.7999","373422000","31.2","~12+ months (company-stated, non-specific)","company-guided","","https://www.sec.gov/Archives/edgar/data/1813814/000119312526211989/dftx-20260331.htm","","","","","2026-07-24T12:34:14Z","","","","","","stale_alias"
"AVIR","0001593899","Atea Pharmaceuticals, Inc.","PhaseReadout","2026-H2","half","Bemnifosbuvir-Ruzasvir","HEPATITIS C VIRUS CHRONIC INFECTION","sec_edgar","https://www.sec.gov/Archives/edgar/data/1593899/000119312526007081/d800383dex991.htm","an HCV NS5A inhibitor, for the treatment of chronic HCV. The global Phase 3 program consists of two open-label studies : C-BEYOND in North America and C-FORWARD outside North America. C-BEYOND is fully enrolled with over 880 patients, with topline results expected mid-2026 . C-FORWARD enrollment is expected to complete mid-2026, with topline results anticipated around year-end 2026 . The primary endpoint for each trial is HCV RNA lower limit of quantitation (LLOQ) at 24 weeks from the start of treatment and","0.5","True","2026-07-24T11:48:43Z","","","","sec_edgar","https://www.sec.gov/Archives/edgar/data/1593899/000119312526007081/d800383dex991.htm","readout","380128720","4.75","6.45","2.78","53.7","181536.0","256006000","20.8","~21 mo (estimated)","estimated","2028-04-16","","","","","","2026-07-24T12:34:14Z","","","","","",""
"VTGN","0001411685","Vistagen Therapeutics, Inc.","PhaseReadout","2026-Q3","quarter","Fasedienol Nasal Spray","Social Anxiety Disorder (SAD)","sec_edgar","https://www.sec.gov/Archives/edgar/data/1411685/000162828026043232/vtgn-20260615xex991.htm","orate Update Completed randomized portion of PALISADE-4 Phase 3 trial of fasedienol for the acute treatment of social anxiety disorder topline results expected this month Completed randomized portion of fasedienol Phase 2 repeat dose study topline results expected in third quarter 2026 Achieved minimum ICH E1 safety exposure recommendations across fasedienol clinical program Reported preliminary positive data from open-label extension portion of PALISADE-3 Phase 3 trial Received FDA Study May Proceed letter under refisol","0.5","True","2026-07-24T11:48:47Z","","","","sec_edgar","https://www.sec.gov/Archives/edgar/data/1411685/000162828026043232/vtgn-20260615xex991.htm","readout","9273334","0.226","5.14","0.2","0.5","1241050.0","45403000","8.2","into 2027","company-guided","2027-12-15","https://www.sec.gov/Archives/edgar/data/1411685/000162828026046143/vtgnex99220260630.htm","ELEVATED — under 12 months","","","","2026-07-24T12:34:14Z","mcap corrected: FMP 33M -> SEC 41M sh (2026-06-12)","","","","",""
"ALMS","0001847367","ALUMIS INC.","PhaseReadout","2026-Q3","quarter","Envudeucitinib","Plaque Psoriasis","sec_edgar","https://www.sec.gov/Archives/edgar/data/1847367/000110465926001073/tm262035d1_ex99-2.htm","mary and secondary endpoints Maximal IL - 23/IL - 17 pathway inhibition clinically demonstrated in psoriasis Phase 3 data presentation Additional long - term psoriasis data expected 2H 2026 Anticipated NDA filing 2H 2026 Phase 2b LUMUS SLE topline results expected Q3 2026 Designed as a potentially pivotal trial Potential additional clinical benefit of maximal, oral IFN pathway inhibition in SLE 2026 is Expected to be a Breakout Year for Envudeucitinib Precision engineered oral TYK2i with differentiated prof","0.5","True","2026-07-24T11:45:07Z","","","","sec_edgar","https://www.sec.gov/Archives/edgar/data/1847367/000110465926001073/tm262035d1_ex99-2.htm","readout","3493127638","28.3","31.35","3.75","88.9","649985.0","522943000","16.7","into 2027","company-guided","2027-12-15","https://www.sec.gov/Archives/edgar/data/1847367/000110465925086612/tm2525079d1_ex99-1.htm","","","","","2026-07-24T12:34:14Z","","","","","",""
"ALMS","0001847367","ALUMIS INC.","PhaseReadout","2026-Q1","quarter","Envudeucitinib","Plaque Psoriasis","sec_edgar","https://www.sec.gov/Archives/edgar/data/1847367/000110465925021990/tm258686d1_ex99-1.htm","one year, with no new safety findings - Data further support ESK-001 s potential to offer a highly differentiated and best-in-class treatment option for people with moderate-to-severe plaque psoriasis - Phase 3 ONWARD program ongoing with topline data expected in Q1 2026 SOUTH SAN FRANCISCO, Calif., March 8, 2025 Alumis Inc. (Nasdaq: ALMS), a clinical-stage biopharmaceutical company developing oral therapies using a precision approach to optimize clinical outcomes and significantly improve the lives of pat","0.5","True","2026-07-24T11:48:11Z","","","","sec_edgar","https://www.sec.gov/Archives/edgar/data/1847367/000110465925021990/tm258686d1_ex99-1.htm","readout","3493127638","28.3","31.35","3.75","88.9","649985.0","522943000","16.7","into 2027","company-guided","2027-12-15","https://www.sec.gov/Archives/edgar/data/1847367/000110465925086612/tm2525079d1_ex99-1.htm","","","","","2026-07-24T12:34:14Z","","","","","",""
"ZBIO","0001953926","Zenas BioPharma, Inc.","PhaseReadout","2026-H2","half","Orelabrutinib","Multiple Sclerosis (MS) Primary Progressive","sec_edgar","https://www.sec.gov/Archives/edgar/data/1953926/000110465925048948/tm2514981d1_ex99-1.htm","tone trial in Relapsing Multiple Sclerosis enrollment concluding; topline results expected early in the fourth quarter 2025 - - Enrollment of Phase 2 SunStone trial in Systemic Lupus Erythematosus expected to be completed by year-end 2025; topline results expected mid-2026 - - Strengthened leadership team with appointments of Lisa von Moltke, M.D., Head of Research and Development and Chief Medical Officer, and Haley Laken, Ph.D., Chief Scientific Officer - - Cash, cash equivalents and investments of $314.2","0.5","True","2026-07-24T11:48:23Z","","","","sec_edgar","https://www.sec.gov/Archives/edgar/data/1953926/000110465925048948/tm2514981d1_ex99-1.htm","readout","1956503353","30.99","44.6","13.5","56.2","402039.0","717205000","40.9","~41 mo (estimated)","estimated","2029-12-18","","","moved","date_slip","2026-Q4 -> 2026-H2","2026-07-24T12:34:14Z","mcap corrected: FMP 45M -> SEC 63M sh (2026-04-30)","","","","",""
"PHVS","0001830487","Pharvaris N.V.","PhaseReadout","2026-H2","half","deucrictibant","Hereditary Angioedema","sec_edgar","https://www.sec.gov/Archives/edgar/data/1830487/000095017025004542/phvs-ex99_1.htm","EX-99.1 2 phvs-ex99_1.htm EX-99.1 EX-99.1 Exhibit 99.1 Pharvaris Outlines 2025 Strategic Priorities Initiated CHAPTER-3, the pivotal Phase 3 study of deucrictibant for prophylaxis against hereditary angioedema (HAE) attacks in 2024; topline data anticipated in 2H2026 Enrollment in RAPIDe-3, the pivotal Phase 3 study of deucrictibant for the on-demand treatment of HAE attacks, continuing as planned; topline data anticipated in 1Q2026 Study initiation of deucrictibant for the treatment of acquired angioe","0.5","True","2026-07-24T11:44:38Z","","","","sec_edgar","https://www.sec.gov/Archives/edgar/data/1830487/000095017025004542/phvs-ex99_1.htm","readout","2324199687","33.26","36.6","19.12","80.9","366231.0","246957998","20.0","~20 mo (estimated)","estimated","2028-03-23","","","","","","2026-07-24T12:34:14Z","","","","","",""
"CLDX","0000744218","Celldex Therapeutics, Inc.","PhaseReadout","2026-Q4","quarter","Barzolvolimab","Chronic Inducible Urticaria","sec_edgar","https://www.sec.gov/Archives/edgar/data/744218/000117184326001098/exh_991.htm","e designed to establish the efficacy and safety of barzolvolimab in adult patients with CSU who remain symptomatic despite H1 antihistamine treatment and also include patients who remain symptomatic after treatment with advanced therapies. Topline data are anticipated in Q4 2026, supporting a planned BLA filing in 2027. In December 2025, Celldex initiated a global Phase 3 study in cold urticaria (ColdU) and symptomatic dermographism (SD) EMBARQ-ColdU and -SD . Barzolvolimab is the first drug in development to demo","0.5","True","2026-07-24T11:44:41Z","","","","sec_edgar","https://www.sec.gov/Archives/edgar/data/744218/000117184326001098/exh_991.htm","readout","2780189190","35.42","40.3","19.72","76.3","856467.0","451458000","24.4","~12+ months (company-stated, non-specific)","company-guided","","https://www.sec.gov/Archives/edgar/data/744218/000110465926019652/cldx-20251231x10k.htm","","","","","2026-07-24T12:34:14Z","mcap corrected: FMP 67M -> SEC 78M sh (2026-04-29)","","","","",""
"ANNX","0001528115","Annexon, Inc.","PhaseReadout","2026-Q2","quarter","Tanruprubart","Guillain-Barre Syndrome","sec_edgar","https://www.sec.gov/Archives/edgar/data/1528115/000095017024127027/annx-ex99_1.htm","mes Data for ANX005 in Guillain-Barr Syndrome (GBS) Expected by Year-End 2024; Biologics License Application (BLA) Submission Targeted for First Half 2025 Ongoing Enrollment in Phase 3 ARCHER II Trial for ANX007 in Geographic Atrophy (GA); Topline Data Expected Second Half 2026 Proof-of-Concept Study with First-in-Kind Oral C1s Inhibitor ANX1502 Transitioned to an Enhanced Tablet Formulation; Data in Cold Agglutinin Disease (CAD) Expected in First Quarter 2025 Bolstered Commercial, Medical Affairs and Health Econ","0.5","True","2026-07-24T11:47:06Z","","","","sec_edgar","https://www.sec.gov/Archives/edgar/data/1528115/000095017024127027/annx-ex99_1.htm","readout","633853770","5.3","7.18","2.03","63.5","2192848.0","225025000","14.7","into 2H 2027","company-guided","2027-12-15","https://www.sec.gov/Archives/edgar/data/1528115/000119312526211863/annx-ex99_1.htm","","moved","date_slip","2026-Q4 -> 2026-Q2","2026-07-24T12:34:14Z","","","","","",""
"MLYS","0001933414","Mineralys Therapeutics, Inc.","PhaseReadout","2026-Q1","quarter","lorundrostat","Hypertension","sec_edgar","https://www.sec.gov/Archives/edgar/data/1933414/000193341425000139/mlys2025q38kex991.htm","xhibit 99.1 Mineralys Therapeutics Reports Third Quarter 2025 Financial Results and Provides Corporate Update Submission of New Drug Application (NDA) for lorundrostat planned for late-2025 Q1 2026 Completed enrollment in Explore-OSA trial topline results anticipated in Q1 2026 Conference call today at 4 30 p.m. ET RADNOR, PA November 10, 2025 Mineralys Therapeutics, Inc. (Nasdaq MLYS), a clinical-stage biopharmaceutical company focused on developing medicines to target hypertension and related comorbidities such","0.5","True","2026-07-24T11:46:48Z","","","","sec_edgar","https://www.sec.gov/Archives/edgar/data/1933414/000193341425000139/mlys2025q38kex991.htm","readout","2227448727","27.0","47.65","12.59","41.1","853548.0","646060000","56.8","~57 mo (estimated)","estimated","2031-04-15","","","","","","2026-07-24T12:34:14Z","mcap corrected: FMP 66M -> SEC 82M sh (2026-04-27)","","","","",""
"RGNX","0001590877","REGENXBIO Inc.","PhaseReadout","2026-Q4","quarter","Ranibizumab","AMD","sec_edgar","https://www.sec.gov/Archives/edgar/data/1590877/000119312526222768/rgnx-ex99_1.htm","gate endpoint Surabgene lomparvovec (sura-vec, ABBV-RGX-314) on track toward key catalysts o Sites activated in pivotal Phase IIb/III study for diabetic retinopathy; first patient dosed expected Q2 2026 o Subretinal wet AMD topline pivotal data expected in Q4 2026 Clinical hold lifted for RGX-121 Webcast today at 8:00 a.m. ET to discuss RGX-202 topline pivotal data and Q1 2026 earnings ROCKVILLE, Md., May 14, 2026 (PR Newswire) -- REGENXBIO Inc. (Nasdaq: RGNX) today reported financial results and op","0.5","True","2026-07-24T11:47:10Z","","","","sec_edgar","https://www.sec.gov/Archives/edgar/data/1590877/000119312526222768/rgnx-ex99_1.htm","readout","529900400","10.25","16.19","5.455","44.7","1364589.0","150491000","7.7","into early 2027","company-guided","2027-03-15","https://www.sec.gov/Archives/edgar/data/1590877/000119312526222804/rgnx-20260331.htm","ELEVATED — thin runway around catalyst","","","","2026-07-24T12:34:14Z","","","","","",""
"ZURA","0001855644","Zura Bio Ltd","PhaseReadout","2026-Q4","quarter","Tibulizumab","Systemic Sclerosis (SSc)","sec_edgar","https://www.sec.gov/Archives/edgar/data/1855644/000110465926025520/tm268344d1_ex99-1.htm","dual-pathway approach in HS tibulizumab ZB-106 Anti-BAFF + IL-17 First and currently only in-class bispecific antibody designed to target BAFF and IL-17 signaling, including IL-17A and IL-17A/F Phase 2 clinical trial (TibuSHIELD) ongoing; topline data anticipated in Q4 2026 Tibulizumab is an investigational agent. Its efficacy and safety have not been established or approved by the FDA or any other regulatory agency worldwide. Nasdaq: ZURA | www.zurabio.com HS is a complex and relapsing disease 2026 Zura Bio","0.5","True","2026-07-24T11:47:21Z","","","","sec_edgar","https://www.sec.gov/Archives/edgar/data/1855644/000110465926025520/tm268344d1_ex99-1.htm","readout","502537886","5.29","7.44","1.345","64.7","427495.0","225594000","37.2","into late 2028","company-guided","2028-12-15","https://www.sec.gov/Archives/edgar/data/1855644/000110465926032080/zura-20251231x10k.htm","","","","","2026-07-24T12:34:14Z","mcap corrected: FMP 65M -> SEC 95M sh (2026-05-04)","","","","",""
"ZURA","0001855644","Zura Bio Ltd","PhaseReadout","2026-Q3","quarter","Tibulizumab","Systemic Sclerosis (SSc)","sec_edgar","https://www.sec.gov/Archives/edgar/data/1855644/000110465925087286/tm2525151d1_ex99-1.htm","1b clinical data. Our lead product candidate, tibulizumab, is a potential first - in - class dual - pathway biologic designed to target IL - 17A and BAFF. It is currently being evaluated in two global Phase 2 studies: TibuSHIELD (HS), with topline results anticipated in Q3 2026. TibuSURE (SSc), with topline results anticipated in Q4 2026. We are committed to advancing treatments for immune - mediated diseases where there is unmet medical need. As of June 30, 2025, we had $154.5 million in cash and equivalents, ex","0.5","True","2026-07-24T11:46:41Z","","","","sec_edgar","https://www.sec.gov/Archives/edgar/data/1855644/000110465925087286/tm2525151d1_ex99-1.htm","readout","502537886","5.29","7.44","1.345","64.7","427495.0","225594000","37.2","into late 2028","company-guided","2028-12-15","https://www.sec.gov/Archives/edgar/data/1855644/000110465926032080/zura-20251231x10k.htm","","","","","2026-07-24T12:34:14Z","mcap corrected: FMP 65M -> SEC 95M sh (2026-05-04)","","","","",""
"QTTB","0001661998","Q32 Bio Inc.","PhaseReadout","2026-H2","half","bempikibart","Alopecia Areata","sec_edgar","https://www.sec.gov/Archives/edgar/data/1661998/000119312525278805/qttb-ex99_1.htm","ical trial due to the inclusion of the loading regimen, which may have the potential to induce earlier responsiveness. The trial is intended to support advancement into pivotal trials upon completion, pending review of the results. Q32 Bio expects to report topline results in mid-2026. Dosing of patients in Part A OLE of the SIGNAL-AA Phase 2a clinical trial is ongoing. Based on the continued emergence of bempikibart data suggesting a remittive effect and durable responses in long-term follow-up from SIGNAL-AA Part A, a","0.5","True","2026-07-24T11:46:47Z","","","","sec_edgar","https://www.sec.gov/Archives/edgar/data/1661998/000119312525278805/qttb-ex99_1.htm","readout","260789663","15.38","23.57","1.569","62.8","392948.0","50751000","22.2","into 1H 2028","company-guided","2028-06-15","https://www.sec.gov/Archives/edgar/data/1661998/000119312526205021/qttb-20260331.htm","","","","","2026-07-24T12:34:14Z","mcap corrected: FMP 13M -> SEC 17M sh (2026-05-01)","","","","",""
"TECX","0001681087","Tectonic Therapeutic, Inc.","PhaseReadout","2026-Q4","quarter","TX000045- Dose A","Pulmonary Hypertension","sec_edgar","https://www.sec.gov/Archives/edgar/data/1681087/000119312526076843/tecx-ex99_1.htm","X2100 in Hereditary Hemorrhagic Telangiectasia (HHT), including the target, mechanistic rationale and supporting preclinical evidence. A replay of the webinar can be accessed here. Upcoming Milestones Ongoing TX2100 Phase 1a Clinical Trial Topline Results Expected in Q4 2026: Tectonic expects topline results for the Phase 1a clinical trial of TX2100 in healthy volunteers in the fourth quarter of 2026. Assuming adequate safety and PK are established, Tectonic plans to initiate a Phase 2 proof-of-concept clinica","0.5","True","2026-07-24T11:48:25Z","","","","sec_edgar","https://www.sec.gov/Archives/edgar/data/1681087/000119312526076843/tecx-ex99_1.htm","readout","596454969","31.61","39.53","14.39","68.5","105034.0","236894000","43.5","~44 mo (estimated)","estimated","2030-03-07","","","","","","2026-07-24T12:34:14Z","","","","","",""
"AURA","0001501796","Aura Biosciences, Inc.","PhaseReadout","2026-H2","half","Bel-sar","Choroidal Melanoma","sec_edgar","https://www.sec.gov/Archives/edgar/data/1501796/000119312526216743/aura-ex99_1.htm","2026. Bladder Cancer The ongoing Phase 1b/2 trial evaluating additional doses and cycles of bel-sar across intermediate- and high-risk non-muscle invasive bladder cancer (NMIBC) patients continues to advance, with initial 3-month clinical data expected mid-2026. The trial is evaluating two approaches: immune ablative and neoadjuvant. In the immune ablative arm, bel-sar is given in two cycles without a transurethral resection of the bladder tumor (TURBT). In the neoadjuvant arm, bel-sar is given i","0.5","True","2026-07-24T11:45:27Z","","","","sec_edgar","https://www.sec.gov/Archives/edgar/data/1501796/000119312526216743/aura-ex99_1.htm","readout","744383218","7.2","9.535","4.73","51.4","230701.0","114733000","15.1","into 2H 2028","company-guided","2028-12-15","https://www.sec.gov/Archives/edgar/data/1501796/000119312526216808/aura-20260331.htm","","","","","2026-07-24T12:34:14Z","mcap corrected: FMP 64M -> SEC 103M sh (2026-05-08)","","","","",""
"SION","0002036042","Sionna Therapeutics, Inc.","PhaseReadout","2026-H2","half","SION-719","Cystic Fibrosis (CF)","sec_edgar","https://www.sec.gov/Archives/edgar/data/2036042/000203604225000014/sion1q25earningsrelease.htm","id-2026. Dual Combination MAD Trials Sionna remains on track to initiate at least one combination MAD trial in the second half of 2025, evaluating a dual combination of an NBD1 stabilizer with a complementary modulator in healthy subjects. Topline data are expected in mid-2026. Business Highlights Completion of Upsized IPO In February 2025, Sionna completed its upsized initial public offering (IPO), raising approximately $219 million gross proceeds before deducting underwriting discounts and commissions and othe","0.5","True","2026-07-24T11:44:19Z","","","","sec_edgar","https://www.sec.gov/Archives/edgar/data/2036042/000203604225000014/sion1q25earningsrelease.htm","readout","1989323540","44.06","51.565","16.38","78.7","811031.0","216150000","36.1","into 2028","company-guided","2028-12-15","https://www.sec.gov/Archives/edgar/data/2036042/000162828026033876/sionna-20260331.htm","","","","","2026-07-24T12:34:14Z","","","","","",""
"NMRA","0001885522","Neumora Therapeutics, Inc.","PhaseReadout","2026-H1","half","NMRA-335140","Major Depressive Disorder","sec_edgar","https://www.sec.gov/Archives/edgar/data/1885522/000119312525268046/nmra-ex99_1.htm","(AD) Agitation Around Year-End Neumora is on track to report data from a Phase 1b signal-seeking study evaluating NMRA-511 as a treatment for AD agitation around the end of 2025. Navacaprant: Enrollment Ongoing in Phase 3 KOASTAL Program; Topline Data Expected in 1H 2026 The Company is on track to report topline data with navacaprant in MDD from KOASTAL-3 in the first quarter of 2026 and KOASTAL-2 in the second quarter of 2026. THIRD QUARTER 2025 FINANCIAL RESULTS Cash Position: As of September 30, 2025, N","0.5","True","2026-07-24T11:48:07Z","","","","sec_edgar","https://www.sec.gov/Archives/edgar/data/1885522/000119312525268046/nmra-ex99_1.htm","readout","289043414","1.56","3.65","0.83","25.9","414728.0","147072000","9.1","~9 mo (estimated)","estimated","2027-04-26","","ELEVATED — under 12 months","","","","2026-07-24T12:34:14Z","","","","","",""
"NMRA","0001885522","Neumora Therapeutics, Inc.","PhaseReadout","2026-Q2","quarter","NMRA-335140","Major Depressive Disorder","sec_edgar","https://www.sec.gov/Archives/edgar/data/1885522/000119312526210310/nmra-ex99_1.htm","pansion cohort evaluating higher doses of NMRA-511 in the second half of 2026 and to initiate a Phase 2 study with NMRA-511 in Alzheimer's disease agitation in the first quarter of 2027. NMRA-898 (M4 Positive Allosteric Modulator): Phase 1 Data Expected in Second Half of 2026 Neumora is conducting a MAD study with NMRA-898 in healthy volunteers and patients with stable schizophrenia. The goal of the study is to identify a maximum tolerated dose of NMRA-898 and confirm central nervous system penetration via cere","0.5","True","2026-07-24T11:48:13Z","","","","sec_edgar","https://www.sec.gov/Archives/edgar/data/1885522/000119312526210310/nmra-ex99_1.htm","readout","289043414","1.56","3.65","0.83","25.9","414728.0","147072000","9.1","~9 mo (estimated)","estimated","2027-04-26","","ELEVATED — under 12 months","","","","2026-07-24T12:34:14Z","","","","","",""
"IRON","0001816736","Disc Medicine, Inc.","PhaseReadout","2026-Q4","quarter","DISC-1459","Erythropoietic Protoporphyria","sec_edgar","https://www.sec.gov/Archives/edgar/data/1816736/000119312526205187/iron-ex99_1.htm","1 2 iron-ex99_1.htm EX-99.1 EX-99.1 Exhibit 99.1 Disc Medicine Reports First Quarter 2026 Financial Results and Provides Business Update Completed enrollment of the Phase 3 APOLLO study of bitopertin in erythropoietic protoporphyria (EPP); topline data expected in Q4 2026 Updated data from Phase 2 study of DISC-0974 in patients with anemia of myelofibrosis (MF) to be shared at the American Society of Clinical Oncology (ASCO) Annual Meeting as an oral presentation Progressing ongoing Phase 2 study of DISC-34","0.5","True","2026-07-24T11:46:18Z","","","","sec_edgar","https://www.sec.gov/Archives/edgar/data/1816736/000119312526205187/iron-ex99_1.htm","readout","2897782892","75.86","99.5","40.0","60.3","273755.0","730158000","43.5","into 2028","company-guided","2028-12-15","https://www.sec.gov/Archives/edgar/data/1816736/000181673625000006/iron-ex99_1.htm","","","","","2026-07-24T12:34:14Z","","","","","",""
"FDMT","0001650648","4D Molecular Therapeutics, Inc.","PhaseReadout","2026-H2","half","4D-150 IVT","Macular Neovascularization Secondary to Age-Related Macular Degeneration","sec_edgar","https://www.sec.gov/Archives/edgar/data/1650648/000119312526113949/fdmt-ex99_1.htm","enrollment in 4D-150 4FRONT-1 wet AMD Phase 3 trial within approximately 11 months, ahead of initial projections and reflecting strong interest from investigators and patients; topline data expected in H1 2027 PRISM wet AMD Phase 2b 2-year data expected in mid-2026 and SPECTRA DME trial 2-year data in H2 2026 4D-150 DME global Phase 3 trial initiation expected in Q3 2026 $514 million in cash, cash equivalents and marketable securities expected to fund current operating plan into second half of 2028 E","0.5","True","2026-07-24T11:46:39Z","","","","sec_edgar","https://www.sec.gov/Archives/edgar/data/1650648/000119312526113949/fdmt-ex99_1.htm","readout","542627517","10.38","14.0","4.274","62.8","565576.0","390892000","36.2","into 2028","company-guided","2028-12-15","https://www.sec.gov/Archives/edgar/data/1650648/000095017025106243/fdmt-ex99_1.htm","","","","","2026-07-24T12:34:14Z","","","","","",""
"AMLX","0001658551","Amylyx Pharmaceuticals, Inc.","PhaseReadout","2026-Q3","quarter","AMX0035","Progressive Supranuclear Palsy","sec_edgar","https://www.sec.gov/Archives/edgar/data/1658551/000119312525268043/amlx-ex99_1.htm","EX-99.1 2 amlx-ex99_1.htm EX-99.1 EX-99.1 Exhibit 99.1 Amylyx Pharmaceuticals Reports Third Quarter 2025 Financial Results Completion of recruitment for pivotal Phase 3 LUCIDITY trial of avexitide expected in Q1 2026, with topline data anticipated in Q3 2026 Cash runway expected into 2028, through the potential approval and commercial launch of avexitide Management to host conference call and webcast today at 8:00 a.m. Eastern Time CAMBRIDGE, Mass. November 6, 2025 -- Amylyx Pharmaceuticals, I","0.5","True","2026-07-24T11:45:21Z","","","","sec_edgar","https://www.sec.gov/Archives/edgar/data/1658551/000119312525268043/amlx-ex99_1.htm","readout","1955767316","17.59","19.15","7.48","86.6","815925.0","279768000","27.9","into 2028","company-guided","2028-12-15","https://www.sec.gov/Archives/edgar/data/1658551/000119312526210292/amlx-20260331.htm","","","","","2026-07-24T12:34:14Z","mcap corrected: FMP 83M -> SEC 111M sh (2026-04-27)","","","","",""
"TENX","0000034956","TENAX THERAPEUTICS, INC.","PhaseReadout","2026-Q3","quarter","TNX-103","Pulmonary Hypertension","sec_edgar","https://www.sec.gov/Archives/edgar/data/34956/000165495426002072/tennx_ex991.htm","EX-99.1 2 tennx_ex991.htm PRESS RELEASE tennx_ex991.htm EXHIBIT 99.1 Tenax Therapeutics Reports Fourth Quarter and Full Year 2025 Financial Results and Provides Corporate Update Achieved randomization target of 230 patients in LEVEL study, topline data expected in third quarter of 2026 Initiated global Phase 3 LEVEL-2 clinical trial and opened long-term OLE study for patients to remain on drug CHAPEL HILL, N.C., March 10, 2026 (GLOBE NEWSWIRE) -- Tenax Therapeutics, Inc. (Nasdaq: TENX) ( Tenax or Tenax Therapeutics or th","0.5","True","2026-07-24T11:47:45Z","","","","sec_edgar","https://www.sec.gov/Archives/edgar/data/34956/000165495426002072/tennx_ex991.htm","readout","388328328","14.64","19.4","5.78","65.1","1400778.0","118755000","37.4","into early 2028","company-guided","2028-03-15","https://www.sec.gov/Archives/edgar/data/34956/000119312526219383/tennx-20260331.htm","","","","","2026-07-24T12:34:14Z","mcap corrected: FMP 17M -> SEC 27M sh (2026-05-08)","","","","",""
"TVRD","0001346830","Tvardi Therapeutics, Inc.","PhaseReadout","2026-H1","half","TTI-101","Hepatocellular Carcinoma","sec_edgar","https://www.sec.gov/Archives/edgar/data/1346830/000110465925113901/tm2531635d1_ex99-1.htm","increase in systemic exposures TTI-109 vs TTI-101 cross-over to demonstrate similar exposures of active moiety Safety and tolerability of TTI-109 vs TTI-101 26 Overall Goals for Ongoing Phase 1 Healthy Volunteer Study with TTI-109 Phase 1 Data Expected 1H 2026 1. Hepatocellular carcinoma 2. Investigational new drug. 27 Targeting STAT3: Central Mediator of Fibrosis-Driven Diseases Deep expertise in STAT3 biology Potential to serve as a disease-modifying therapy TTI-109: designed to enhance delive","0.5","True","2026-07-24T11:47:08Z","","","","sec_edgar","https://www.sec.gov/Archives/edgar/data/1346830/000110465925113901/tm2531635d1_ex99-1.htm","readout","24016241","2.56","43.65","1.5","2.5","497507.0","24981000","12.2","into late 2026","company-guided","2026-12-15","https://www.sec.gov/Archives/edgar/data/1346830/000110465926057524/tm2613977d1_ex99-1.htm","","","","","2026-07-24T12:34:14Z","","","","","",""
"HELP","0001833141","CYBIN INC.","PhaseReadout","2026-Q4","quarter","CYB003","Major Depressive Disorder","sec_edgar","https://www.sec.gov/Archives/edgar/data/1833141/000183314126000012/q3earningspr2026.htm","ata readout from the Phase 2 study evaluating HLP004 in GAD in Q1 2026. HLP003 Phase 3 Program in Major Depressive Disorder Continued execution of the APPROACH pivotal Phase 3 study evaluating HLP003 as an adjunctive treatment for MDD with topline data anticipated in Q4 2026. Continued execution of the EMBRACE complementary Phase 3 study, which initiated patient enrollment in the prior quarter, designed to reinforce efficacy findings and support the overall evidence package for HLP003 in MDD. Ongoing patient p","0.5","True","2026-07-24T11:44:28Z","","","","sec_edgar","https://www.sec.gov/Archives/edgar/data/1833141/000183314126000012/q3earningspr2026.htm","readout","386776734","7.73","9.12","3.76","74.1","988457.0","219307289","19.0","~19 mo (estimated)","estimated","2028-02-21","","","","","","2026-07-24T12:34:14Z","","CYBN","","","",""
"AMLX","0001658551","Amylyx Pharmaceuticals, Inc.","PhaseReadout","2026-H1","half","AMX0035","Progressive Supranuclear Palsy","sec_edgar","https://www.sec.gov/Archives/edgar/data/1658551/000095017025066355/amlx-ex99_1.htm","ts Pivotal Phase 3 LUCIDITY trial of avexitide, a potential first-in-class GLP-1 receptor antagonist with FDA breakthrough therapy designation, underway in post-bariatric hypoglycemia (PBH); completion of recruitment expected in 2025, with topline data anticipated in first half of 2026 Data through Week 48 from the ongoing Phase 2 HELIOS trial of AMX0035 in Wolfram syndrome to be presented at the Joint Congress of the European Society for Pediatric Endocrinology (ESPE) and the European Society of Endocrinology (ESE) taki","0.5","True","2026-07-24T11:45:59Z","","","","sec_edgar","https://www.sec.gov/Archives/edgar/data/1658551/000095017025066355/amlx-ex99_1.htm","readout","1955767316","17.59","19.15","7.48","86.6","815925.0","279768000","27.9","into 2028","company-guided","2028-12-15","https://www.sec.gov/Archives/edgar/data/1658551/000119312526210292/amlx-20260331.htm","","","","","2026-07-24T12:34:14Z","mcap corrected: FMP 83M -> SEC 111M sh (2026-04-27)","","","","",""
"HELP","0001833141","CYBIN INC.","PhaseReadout","2026-Q1","quarter","CYB003","Major Depressive Disorder","sec_edgar","https://www.sec.gov/Archives/edgar/data/1833141/000183314125000025/cybncorpupdatesept232025pr.htm","form and Upcoming Clinical Milestones - Successfully completed enrollment of 36 participants in Phase 2 study of CYB004, the Company s deuterated dimethyltryptamine ( DMT ) program for the treatment of Generalized Anxiety Disorder ( GAD ). Topline data expected Q1 2026 - - Continues to advance CYB003, the Company s proprietary deuterated psilocin analog, in Phase 3 studies for the adjunctive treatment of major depressive disorder ( MDD ). Dosing is ongoing in the first pivotal study, APPROACH, with expec","0.5","True","2026-07-24T11:45:18Z","","","","sec_edgar","https://www.sec.gov/Archives/edgar/data/1833141/000183314125000025/cybncorpupdatesept232025pr.htm","readout","386776734","7.73","9.12","3.76","74.1","988457.0","219307289","19.0","~19 mo (estimated)","estimated","2028-02-21","","","","","","2026-07-24T12:34:14Z","","CYBN","","","",""
"TENX","0000034956","TENAX THERAPEUTICS, INC.","PhaseReadout","2026-Q2","quarter","TNX-103","Pulmonary Hypertension","sec_edgar","https://www.sec.gov/Archives/edgar/data/34956/000165495425014059/tennx_ex991.htm","enax Therapeutics Announces Result of Prespecifed Blinded Sample Size Assessment Planned Review of Standard Deviation Demonstrates No Need to Increase Size of Ongoing LEVEL Study LEVEL On Track to Complete Enrollment in First Half of 2026; Topline Data Expected in Second Half of 2026 Global Phase 3 LEVEL-2 Study Initiated; Company Estimates Completion of Enrollment by End of 2027 CHAPEL HILL, N.C., Dec. 17, 2025 (GLOBE NEWSWIRE) -- Tenax Therapeutics, Inc. (Nasdaq: TENX) ( Tenax or Tenax Therapeutics or the Company ),","0.5","True","2026-07-24T11:47:35Z","","","","sec_edgar","https://www.sec.gov/Archives/edgar/data/34956/000165495425014059/tennx_ex991.htm","readout","388328328","14.64","19.4","5.78","65.1","1400778.0","118755000","37.4","into early 2028","company-guided","2028-03-15","https://www.sec.gov/Archives/edgar/data/34956/000119312526219383/tennx-20260331.htm","","","","","2026-07-24T12:34:14Z","mcap corrected: FMP 17M -> SEC 27M sh (2026-05-08)","","","","",""
"NBP","0001778016","I-Mab","PhaseReadout","2026-H1","half","TJ003234","Coronavirus Disease 2019 COVID-19","sec_edgar","https://www.sec.gov/Archives/edgar/data/1778016/000095017025080015/imab-ex99_1.htm","s Phase 1b escalation study of givastomig in combination with nivolumab plus chemotherapy fully enrolled (n=17); topline data to be presented in oral presentation at ESMO GI 2025 Phase 1b expansion study enrolling ahead of schedule (n=40); topline data expected in 1H 2026 Strong Capital Position with Cash Through Major Readouts $168.6M of cash as of March 31, 20253; provides runway into 2027, through expected clinical readouts for givastomig Capital efficient operating model with U.S.-based management team","0.5","True","2026-07-24T11:45:54Z","","","","sec_edgar","https://www.sec.gov/Archives/edgar/data/1778016/000095017025080015/imab-ex99_1.htm","readout","204020914","1.77","6.79","1.46","5.8","414541.0","30141972","249.5","~250 mo (estimated)","estimated","2047-04-29","","","","","","2026-07-24T12:34:14Z","","","","","",""
"NBP","0001778016","I-Mab","PhaseReadout","2026-Q1","quarter","TJ003234","Coronavirus Disease 2019 COVID-19","sec_edgar","https://www.sec.gov/Archives/edgar/data/1778016/000177801625000009/imab-ex99_1.htm","laudin 18.2-directed therapy for metastatic gastric cancers in the 1L setting. Thanks to strong study momentum and active investigator engagement, we completed enrollment of the planned Phase 1b dose expansion cohorts ahead of schedule and expect to report topline data in Q1 2026. We believe our strong cash position and unwavering focus on value creation, position I-Mab to deliver meaningful clinical data and improve the lives of patients. Recent and Anticipated Upcoming Clinical Milestones Givastomig (CLDN18.2 x 4","0.5","True","2026-07-24T11:47:58Z","","","","sec_edgar","https://www.sec.gov/Archives/edgar/data/1778016/000177801625000009/imab-ex99_1.htm","readout","204020914","1.77","6.79","1.46","5.8","414541.0","30141972","249.5","~250 mo (estimated)","estimated","2047-04-29","","","new","new","","2026-07-24T12:34:14Z","","","","","",""
"MIRM","0001759425","Mirum Pharmaceuticals, Inc.","PhaseReadout","2026-H2","half","Brelovitug","","sec_edgar","https://www.sec.gov/Archives/edgar/data/1759425/000119312526022582/d35336dex991.htm","ls Completes Acquisition of Bluejay Therapeutics, Expanding Global Leadership in Rare Disease - Adds brelovitug for chronic hepatitis delta virus (HDV) with Breakthrough Therapy and PRIME designations to Mirum s portfolio - Topline Phase 3 results expected in 2H 2026 FOSTER CITY, Calif . January 26, 2026 Mirum Pharmaceuticals, Inc. (NASDAQ: MIRM), a leading rare disease company, today announced the successful completion of its acquisition of Bluejay Therapeutics, a privately held biotechnology company","0.5","True","2026-07-24T11:47:50Z","","","","sec_edgar","https://www.sec.gov/Archives/edgar/data/1759425/000119312526022582/d35336dex991.htm","readout","6973813120","114.36","130.0","50.25","80.4","1403720.0","386259000","27.1","~27 mo (estimated)","estimated","2028-10-24","","","","","","2026-07-24T12:34:14Z","mcap corrected: FMP 50M -> SEC 61M sh (2026-05-01)","","","","",""
"MIRM","0001759425","Mirum Pharmaceuticals, Inc.","PhaseReadout","2026-Q2","quarter","Brelovitug","","sec_edgar","https://www.sec.gov/Archives/edgar/data/1759425/000175942526000010/mirm-20260225xexx991.htm","Mirum Pharmaceuticals Reports Fourth Quarter and Year-End 2025 Results and Provides Business Update 2025 net product sales of $521 million 2026 expected global net product sales of $630 million to $650 million Volixibat VISTAS study in PSC topline data expected Q2 2026 LIVMARLI EXPAND study in additional cholestatic pruritus settings topline data expected Q4 2026 Brelovitug AZURE-1 and AZURE-4 studies in HDV topline data expected H2 2026 Conference call to provide business updates today, February 25 at 1","0.5","True","2026-07-24T11:44:46Z","","","","sec_edgar","https://www.sec.gov/Archives/edgar/data/1759425/000175942526000010/mirm-20260225xexx991.htm","readout","6973813120","114.36","130.0","50.25","80.4","1403720.0","386259000","27.1","~27 mo (estimated)","estimated","2028-10-24","","","moved","date_slip","2026-Q4 -> 2026-Q2","2026-07-24T12:34:14Z","mcap corrected: FMP 50M -> SEC 61M sh (2026-05-01)","","","","",""
"ADCT","0001771910","ADC Therapeutics SA","PhaseReadout","2026-H2","half","rituximab","","sec_edgar","https://www.sec.gov/Archives/edgar/data/1771910/000162828026001386/adctjpmcorporateupdatepr-0.htm","3 confirmatory trial of ZYNLONTA in combination with rituximab in patients with 2L+ DLBCL once the pre-specified number of approximately 262 progression-free survival (PFS) events is reached and data are available. Publication of the full results is anticipated by the end of 2026. Assuming positive results, a supplemental Biologics License Application (sBLA) submission to the U.S. FDA will follow, with potential compendia inclusion in the first half of 2027 and confirmatory approval in 2L+ DLBCL in mid-2027. Invest","0.5","True","2026-07-24T11:46:04Z","","","","sec_edgar","https://www.sec.gov/Archives/edgar/data/1771910/000162828026001386/adctjpmcorporateupdatepr-0.htm","readout","155173020","1.22","4.98","0.78","10.5","579879.0","231008000","24.2","~24 mo (estimated)","estimated","2028-07-28","","","moved","date_slip","2026-Q2 -> 2026-H2","2026-07-24T12:34:14Z","","","","","",""
"VRDN","0001590750","Viridian Therapeutics, Inc.\DE","PhaseReadout","2026-H2","half","VRDN-008","","sec_edgar","https://www.sec.gov/Archives/edgar/data/1590750/000119312526073391/d105707dex991.htm","ted. Viridian anticipates communicating development plans in 2026. VRDN-008: IND cleared and phase 1 clinical trial initiated VRDN-008 IND cleared in January 2026. Phase 1 clinical trial in healthy volunteers is now enrolling participants; data expected in 2H 2026. Financial Results Cash Position: Cash, cash equivalents, and marketable securities were $874.7 million as of December 31, 2025, compared with $717.6 million as of December 31, 2024. Together with anticipated milestone payments from the DR","0.5","True","2026-07-24T11:44:33Z","","","","sec_edgar","https://www.sec.gov/Archives/edgar/data/1590750/000119312526073391/d105707dex991.htm","readout","1985219492","19.26","34.29","13.18","28.8","1346629.0","762181000","30.1","into 2H 2027","company-guided","2027-12-15","https://www.sec.gov/Archives/edgar/data/1590750/000119312525173983/d20477dex991.htm","","","","","2026-07-24T12:34:14Z","mcap corrected: FMP 90M -> SEC 103M sh (2026-05-01)","","","","",""
"SABS","0001833214","SAB Biotherapeutics, Inc.","PhaseReadout","2026-H2","half","SAB-142","","sec_edgar","https://www.sec.gov/Archives/edgar/data/1833214/000095017025009474/sabs-ex99_2.htm","Phase 2B (SAFEGUARD) study Potential registrational Phase 2b Study in Stage 3 T1D patients Primary endpoint being C-peptide along with Time-In-Range (TIR) as the leading clinical end point Global study expected to initiate mid 2025 Interim data expected mid 2026 SAB-142-101 data provided by SAB SAB-142: Multicenter Global Phase 2b in Stage 3 Type 1 Diabetes Patients SAFEGUARD study: SAFety and Efficacy of human anti-thymocyte immunoGlobUlin SAB-142 ARresting progression of type 1 Diabetes United K","0.5","True","2026-07-24T11:46:44Z","","","","sec_edgar","https://www.sec.gov/Archives/edgar/data/1833214/000095017025009474/sabs-ex99_2.htm","readout","273741457","3.58","5.15","1.85","52.4","892587.0","107391581","25.1","~25 mo (estimated)","estimated","2028-08-25","","","moved","date_slip","2027-H2 -> 2026-H2","2026-07-24T12:34:14Z","mcap corrected: FMP 10M -> SEC 76M sh (2026-05-06)","","","","",""
"NGNE","0001404644","Neurogene Inc.","PhaseReadout","2026-H2","half","NGN-401","","sec_edgar","https://www.sec.gov/Archives/edgar/data/1404644/000140464426000044/ngne_prxemboldendosingcomp.htm","et by dosing a total of 25 participants with NGN-401 in registrational trial due to strong demand from Rett syndrome community NGN-401 has been generally well-tolerated, with no cases of HLH at the 1E15 vg dose additional interim Phase 1 2 data expected mid-2026 Topline data from Embolden anticipated in 2H 2027 NEW YORK June 8, 2026 Neurogene Inc. (Nasdaq NGNE), a clinical-stage company founded to bring life-changing genetic medicines to patients and families affected by rare neurological diseases","0.5","True","2026-07-24T11:46:10Z","","","","sec_edgar","https://www.sec.gov/Archives/edgar/data/1404644/000140464426000044/ngne_prxemboldendosingcomp.htm","readout","562088736","35.57","43.66","15.93","70.8","155473.0","243182000","35.6","~12+ months (company-stated, non-specific)","company-guided","","https://www.sec.gov/Archives/edgar/data/1404644/000140464426000037/ngne-20260331.htm","","moved","date_slip","2027-H2 -> 2026-H2","2026-07-24T12:34:14Z","","","","","",""
"ATAI","0002081043","AtaiBeckley Inc.","PhaseReadout","2026-Q4","quarter","BPL-003","","sec_edgar","https://www.sec.gov/Archives/edgar/data/2081043/000114036126008178/ef20066741_ex99-1.htm","ction-1 and 2 anticipated by early 2029. First patient dosed in the Part 4 cohort of the open-label Phase 2a study, evaluating a two-dose induction regimen (8 mg + 8 mg) of BPL-003 in TRD patients receiving defined antidepressants. Initial data expected in Q4 2026 . VLS-01: dimethyltryptamine (DMT) buccal film for TRD VLS-01 is an investigational proprietary oral transmucosal film formulation of DMT applied to the buccal surface, designed to fit within the established two-hour interventional psychia","0.5","True","2026-07-24T11:45:51Z","","","","sec_edgar","https://www.sec.gov/Archives/edgar/data/2081043/000114036126008178/ef20066741_ex99-1.htm","readout","2639757390","7.17","7.22","3.06","98.8","9037998.0","230767000","26.0","into 2029","company-guided","2029-12-15","https://www.sec.gov/Archives/edgar/data/2081043/000119312526219412/atai-20260331.htm","","","","","2026-07-24T12:34:14Z","","","","","",""
"KPTI","0001503802","Karyopharm Therapeutics Inc.","PhaseReadout","2026-H2","half","EC-042","","sec_edgar","https://www.sec.gov/Archives/edgar/data/1503802/000119312526222808/kpti-ex99_1.htm","2 kpti-ex99_1.htm EX-99.1 EX-99.1 Exhibit 99.1 Karyopharm Reports First Quarter 2026 Financial Results and Completion of Phase 3 Endometrial Cancer Trial Enrollment Completed Enrollment of Phase 3 XPORT-EC-042 Trial in Endometrial Cancer; Topline Data Expected Mid-2026 Phase 3 SENTRY Results Selected for Late-Breaking Oral Presentation at ASCO on June 2 Total Revenue was $35.1 Million and U.S. XPOVIO (selinexor) Net Product Revenue was $29.2 Million for the First Quarter of 2026 Company Reaffirms Full-Ye","0.5","True","2026-07-24T11:45:53Z","","","","sec_edgar","https://www.sec.gov/Archives/edgar/data/1503802/000119312526222808/kpti-ex99_1.htm","readout","160680266","7.09","10.99","3.65","46.9","680124.0","90850000","18.4","into 2026","company-guided","2026-12-15","https://www.sec.gov/Archives/edgar/data/1503802/000095017025106236/kpti-ex99_1.htm","ELEVATED — thin runway around catalyst","","","","2026-07-24T12:34:14Z","","","","","",""
"NVCR","0001645113","NovoCure Ltd","PDUFA","2026-Q4","quarter","","","fmp_news","https://seekingalpha.com/article/4921244-novocure-buy-trident-setback-and-ttfields-fda-decision-q4-2026","NovoCure: 'Buy' TRIDENT Setback And TTFields FDA Decision Q4 2026 . NovoCure Limited is downgra","0.5","True","2026-07-24T12:02:23Z","","","","fmp_news","https://seekingalpha.com/article/4921244-novocure-buy-trident-setback-and-ttfields-fda-decision-q4-2026","drug","2315260591","19.99","20.55","9.82","94.8","8941401.0","440559000","","","","","","","","","","2026-07-24T12:34:14Z","","","","","","blank_drug|stale_alias"
"CNTB","0001835268","Connect Biopharma Holdings Ltd","PhaseReadout","2026-H1","half","","","sec_edgar","https://www.sec.gov/Archives/edgar/data/1835268/000183526825000033/cntbq12025earningsrelease.htm","irst Quarter 2025 Financial Results and Provides Business Update Initiated Phase 2 Seabreeze STAT Asthma and Seabreeze STAT COPD studies evaluating rademikibart as an adjunct treatment for acute exacerbations in Asthma and COPD in May 2025 topline data expected in 1H 2026 Published positive data from its global Phase 2 study supporting potential of rademikibart as a novel biologic treatment for patients with asthma and Type 2 inflammation Strong balance sheet with cash runway into 2027 through key clinical","0.5","True","2026-07-24T11:46:20Z","","","","sec_edgar","https://www.sec.gov/Archives/edgar/data/1835268/000183526825000033/cntbq12025earningsrelease.htm","readout","138520477","2.2","3.82","1.23","37.5","236492.0","44342000","11.2","into 2H 2027","company-guided","2027-12-15","https://www.sec.gov/Archives/edgar/data/1835268/000183526826000019/cntbq12026earningsrelease.htm","ELEVATED — under 12 months","","","","2026-07-24T12:34:14Z","","","","","","blank_drug"
"CELC","0001603454","Celcuity Inc.","PhaseReadout","2026-Q2","quarter","","","sec_edgar","https://www.sec.gov/Archives/edgar/data/1603454/000149315225018565/ex99-2.htm","A mutant cohort of the VIKTORIA-1 study is 100% enrolled, said Brian Sullivan, CEO and co-founder of Celcuity. Based on our current forecast of reaching the event threshold that will trigger primary analysis in the PIK3CA mutant cohort, we expect to report topline data sometime in late Q1 2026 or during Q2 2026. Updated Analysis of Data from the Phase 1b Trial In a presentation of results from the PIK3CA wild-type ( WT ) cohort of the VIKTORIA-1 study at the European Society for Medical Oncology ( ESMO ) Congress, additional data from a Phase 1b","0.5","True","2026-07-24T11:46:07Z","","","","sec_edgar","https://www.sec.gov/Archives/edgar/data/1603454/000149315225018565/ex99-2.htm","readout","4308013882","88.34","151.02","13.59","54.4","1751721.0","145191000","10.1","into 2027","company-guided","2027-12-15","https://www.sec.gov/Archives/edgar/data/1603454/000149315225021903/ex99-1.htm","ELEVATED — under 12 months","new","new","","2026-07-24T12:34:14Z","","","","","","blank_drug"
"OCUL","0001393434","OCULAR THERAPEUTIX, INC","PhaseReadout","2027-H1","half","","","sec_edgar","https://www.sec.gov/Archives/edgar/data/1393434/000110465925073909/tm2522503d1_ex99-1.htm","cial Results and Business Highlights Outstanding patient retention and clinical execution in complementary AXPAXLI SOL trials for wet AMD SOL-1 remains on track for 1Q 2026 topline data SOL-R rescue criteria streamlined and simplified with topline data expected in 1H 2027 Planning to incorporate single long-term extension study for both SOL trials Ocular to host Investor Day on Tuesday, September 30, 2025, in New York City Raised gross proceeds of approximately $97 million in June 2025 through existing ATM","0.5","True","2026-07-24T11:44:31Z","","","","sec_edgar","https://www.sec.gov/Archives/edgar/data/1393434/000110465925073909/tm2522503d1_ex99-1.htm","readout","1887438286","8.62","16.44","6.23","23.4","1811774.0","666699000","35.4","~35 mo (estimated)","estimated","2029-07-04","","","new","new","","2026-07-24T12:34:14Z","","","","","","blank_drug"
"HRMY","0001802665","Harmony Biosciences Holdings, Inc.","PhaseReadout","2027-H1","half","","","sec_edgar","https://www.sec.gov/Archives/edgar/data/1802665/000110465926002731/hrmy-20260112xex99d2.htm","iosciences | J.P. Morgan Healthcare Conference | All rights reserved. ESTABLISHED 5-HT2 (SEROTONIN) AGONIST MECHANISM OF ACTION MoA validated via the zebrafish model ONGOING PHASE 3 TRIAL IN LENNOX-GASTAUT SYNDROME (LGS) (LIGHTHOUSE Study) Topline data anticipated 1H 2027 SAFETY: POTENTIAL TO OFFER A UNIQUE RISK/BENEFIT PROPOSITION No additional laboratory or special safety monitoring BID DOSING REGIMEN Convenient for patients and caregivers 1H 2027 Anticipate Topline Data from Ongoing Global Phase 3 Trial","0.5","True","2026-07-24T11:44:36Z","","","","sec_edgar","https://www.sec.gov/Archives/edgar/data/1802665/000110465926002731/hrmy-20260112xex99d2.htm","readout","2072557801","35.8","40.87","25.52","67.0","782575.0","640918000","","","","","","","","","","2026-07-24T12:34:14Z","","","","","","blank_drug"
"ALXO","0001810182","ALX ONCOLOGY HOLDINGS INC","PhaseReadout","2027-H2","half","","","sec_edgar","https://www.sec.gov/Archives/edgar/data/1810182/000119312526079342/alxo-ex99_1.htm","ab combination trial accepted for poster presentation at ESMO Breast Cancer 2026 Annual Congress - - Phase 2 ASPEN-09 breast cancer trial is currently enrolling patients and will evaluate evorpacept efficacy by CD47 expression levels, with topline data anticipated mid-2027 - - Phase 1 trial evaluating ALX2004 continues to enroll patients in the third dose cohort; safety data from dose-escalation phase expected in 2H 2026 - - Company completed a $150 million registered offering of common stock and pre-funded","0.5","True","2026-07-24T11:45:24Z","","","","sec_edgar","https://www.sec.gov/Archives/edgar/data/1810182/000119312526079342/alxo-ex99_1.htm","readout","271817092","2.02","2.66","0.508","70.3","428193.0","140324000","21.6","into 1H 2028","company-guided","2028-06-15","https://www.sec.gov/Archives/edgar/data/1810182/000119312526213399/alxo-20260331.htm","","","","","2026-07-24T12:34:14Z","","","","","","blank_drug"
"ARGX","0001697862","ARGENX SE","PhaseReadout","2026-H1","half","","","sec_edgar","https://www.sec.gov/Archives/edgar/data/1697862/000169786225000059/a02earningspressreleaseq3.htm","tor antibody negative (AChR-Ab seronegative) gMG subtypes (MuSK+, LRP4+, triple seronegative) on track for filing with U.S. Food and Drug Administration (FDA) by year-end 2025 Pursuing label expansion through ongoing registrational studies Topline results expected in first half of 2026 for ocular MG (ADAPT OCULUS) Topline results expected in the second half of 2026 for primary ITP (ADVANCE-NEXT) Expanded partnership with FUJIFILM to include new manufacturing site in North Carolina, strengthening global supply chain and s","0.5","True","2026-07-24T11:48:23Z","","","","sec_edgar","https://www.sec.gov/Archives/edgar/data/1697862/000169786225000059/a02earningspressreleaseq3.htm","readout","57498812142","924.6","953.58","587.37","92.1","607666.0","4440039000","","","","","","","new","new","","2026-07-24T12:34:14Z","","","","","","blank_drug"
"EYPT","0001314102","EyePoint, Inc.","PhaseReadout","2026-H2","half","","","sec_edgar","https://www.sec.gov/Archives/edgar/data/1314102/000095017025103527/eypt-ex99_1.htm","hase 3 trials experienced unprecedented enrollment exceeding observed recruitment rates of comparable historical and ongoing wet AMD clinical trials o The oversubscribed LUGANO trial randomized 432 patients in the U.S. in seven months with topline data anticipated in mid-2026. o LUCIA randomized over 400 patients in the U.S. and in ex-U.S. sites over a seven-month period, with topline data anticipated in the second half of 2026. o Enrolled the first ex-U.S. patient in the LUCIA trial in Israel with patient part","0.5","True","2026-07-24T11:45:17Z","","","","sec_edgar","https://www.sec.gov/Archives/edgar/data/1314102/000095017025103527/eypt-ex99_1.htm","readout","1045500986","12.47","19.11","9.4","31.6","1284701.0","222545000","10.0","into late 2027","company-guided","2027-12-15","https://www.sec.gov/Archives/edgar/data/1314102/000119312526211870/eypt-20260331.htm","ELEVATED — under 12 months","","","","2026-07-24T12:34:14Z","","","","","","blank_drug|stale_alias"
"CNTB","0001835268","Connect Biopharma Holdings Ltd","PhaseReadout","2026-H2","half","","","sec_edgar","https://www.sec.gov/Archives/edgar/data/1835268/000183526826000006/exhibit991-phase1ivstudypr.htm","que beneficial effect on bronchodilation - Mean FEV 1 improvements of 200 - 400 mL were maintained through Day 29 in asthma and COPD patients Recruitment ongoing for Phase 2 Seabreeze STAT studies for acute exacerbations in asthma and COPD expect to report topline data for both studies in mid-2026 Company to host conference call and webcast today, March 30, 2026 at 8 00 a.m. ET SAN DIEGO, March 30, 2026, (GLOBE NEWSWIRE) -- Connect Biopharma Holdings Limited (Nasdaq CNTB) (Connect Biopharma, Connect or the Company), a clinical-stage","0.5","True","2026-07-24T11:46:43Z","","","","sec_edgar","https://www.sec.gov/Archives/edgar/data/1835268/000183526826000006/exhibit991-phase1ivstudypr.htm","readout","138520477","2.2","3.82","1.23","37.5","236492.0","44342000","11.2","into 2H 2027","company-guided","2027-12-15","https://www.sec.gov/Archives/edgar/data/1835268/000183526826000019/cntbq12026earningsrelease.htm","ELEVATED — under 12 months","","","","2026-07-24T12:34:14Z","","","","","","blank_drug"
"INSM","0001104506","INSMED Inc","PhaseReadout","2026-Q1","quarter","","","sec_edgar","https://www.sec.gov/Archives/edgar/data/1104506/000114036125000711/ef20041296_ex99-1.htm","se 2 Study of TPIP in Patients with PAH Completed in December 2024; Expected Timing for Topline Data Moved Forward to Mid-2025 Phase 3 ENCORE Trial for ARIKAYCE in Patients with Newly Diagnosed or Recurrent MAC Lung Disease Fully Enrolled; Topline Data Anticipated in First Quarter of 2026 IND Cleared for Insmed s First Gene Therapy (INS1201) for Patients with DMD; First Patient Dosing Anticipated in the First Half of 2025 BRIDGEWATER, N.J., January 10, 2025 /PRNewswire/ Insmed Incorporated (Nasdaq: INSM), a people-first glo","0.5","True","2026-07-24T11:47:20Z","","","","sec_edgar","https://www.sec.gov/Archives/edgar/data/1104506/000114036125000711/ef20041296_ex99-1.htm","readout","23281332320","107.41","212.75","90.39","13.9","1752913.0","1223514000","16.4","~16 mo (estimated)","estimated","2027-12-04","","","new","new","","2026-07-24T12:34:14Z","","","","","","blank_drug"
"PRAX","0001689548","Praxis Precision Medicines","PhaseReadout","2026-Q4","quarter","","","sec_edgar","https://www.sec.gov/Archives/edgar/data/1689548/000168954826000049/praxisq12026pr.htm","-modifying improvements in patients with early-seizure onset SCN2A-DEE Topline results from the POWER1 study of vormatrigine in focal onset seizures expected in Q2 2026 Recruiting completed for relutrigine EMERALD study in broad DEEs, with topline results expected in Q4 2026 Cash and investments of approximately $1.4 billion as of March 31, 2026 maintains runway into 2028 Conference call today, May 7, 2026 at 8 30am BOSTON, May 7, 2026 Praxis Precision Medicines, Inc. (NASDAQ PRAX), a fully integrated, leading","0.5","True","2026-07-24T11:48:30Z","","","","sec_edgar","https://www.sec.gov/Archives/edgar/data/1689548/000168954826000049/praxisq12026pr.htm","readout","8988116738","322.4","366.52","37.19","86.6","325369.0","786865000","33.4","into 2028","company-guided","2028-12-15","https://www.sec.gov/Archives/edgar/data/1689548/000168954826000049/praxisq12026pr.htm","","","","","2026-07-24T12:34:14Z","mcap corrected: FMP 21M -> SEC 28M sh (2026-05-04)","","","","","blank_drug"
"LTRN","0001763950","Lantern Pharma Inc.","PhaseReadout","2026-07-28","month","Tavocept(BNP7787) in combination with cisplatin and either docetaxel or paclitaxel","Advanced Solid Tumor","clinicaltrials","https://clinicaltrials.gov/study/NCT05933265","PHASE2 | Study of LP-184 in Patients With Advanced Solid Tumors | primary completion 2026-07-28","0.45","True","2026-07-24T11:51:15Z","","","","clinicaltrials","https://clinicaltrials.gov/study/NCT05933265","readout","36618749","2.87","5.744","1.11","38.0","85483.0","6322853","5.0","into early 2027","company-guided","2027-03-15","https://www.sec.gov/Archives/edgar/data/1763950/000149315226023758/ex99-1.htm","ELEVATED — under 12 months","","","","2026-07-24T12:34:14Z","","","","","",""
"LTRN","0001763950","Lantern Pharma Inc.","PhaseReadout","2026-12-01","month","Tavocept(BNP7787) in combination with cisplatin and either docetaxel or paclitaxel","Adenocarcinoma of Lung","clinicaltrials","https://clinicaltrials.gov/study/NCT05456256","PHASE2 | A Study of LP-300 With Carboplatin and Pemetrexed in Never Smokers With Advanced Lung Aden | primary completion 2026-12","0.45","True","2026-07-24T11:51:15Z","","","","clinicaltrials","https://clinicaltrials.gov/study/NCT05456256","readout","36618749","2.87","5.744","1.11","38.0","85483.0","6322853","5.0","into early 2027","company-guided","2027-03-15","https://www.sec.gov/Archives/edgar/data/1763950/000149315226023758/ex99-1.htm","ELEVATED — under 12 months","","","","2026-07-24T12:34:14Z","","","","","",""
"INAB","0001740279","IN8BIO, INC.","PhaseReadout","2027-01-01","month","Autologous genetically modified gamma-delta T cells","Acute Myeloid Leukemia","clinicaltrials","https://clinicaltrials.gov/study/NCT03533816","PHASE1 | Expanded/Activated Gamma Delta T-cell Infusion Following Hematopoietic Stem Cell Transplan | primary completion 2027-01","0.45","True","2026-07-24T11:50:53Z","","","","clinicaltrials","https://clinicaltrials.gov/study/NCT03533816","readout","11411698","1.19","2.73","1.17","1.3","29190.0","21941000","18.1","~18 mo (estimated)","estimated","2028-01-25","","","","","","2026-07-24T12:34:14Z","","","","","",""
"MBRX","0001659617","Moleculin Biotech, Inc.","PhaseReadout","2027-12-27","month","Placebo in combination with Cytarabine Injection","Glioblastoma, IDH-Wildtype","clinicaltrials","https://clinicaltrials.gov/study/NCT05879250","PHASE2 | WP1066 and Radiation Therapy in Treating Patients With Newly Diagnosed Glioblastoma | primary completion 2027-12-27","0.45","True","2026-07-24T11:51:19Z","","","","clinicaltrials","https://clinicaltrials.gov/study/NCT05879250","readout","11099608","2.08","18.75","1.79","1.7","36127.0","10317000","5.1","into late 2025","company-guided","2025-12-15","https://www.sec.gov/Archives/edgar/data/1659617/000143774925026357/ex_851330.htm","ELEVATED — under 12 months","","","","2026-07-24T12:34:14Z","","","","","",""
"CRMD","0001410098","CorMedix Inc.","PhaseReadout","2028-01-01","month","(taurolidine and heparin) catheter lock solution","Central Line Associated Blood Stream Infections (CLABSI)","clinicaltrials","https://clinicaltrials.gov/study/NCT06822426","PHASE3 | Comparing The Safety And Efficacy Of DEFENCATH® In Reducing Central-Line Bloodstream Infec | primary completion 2028-01","0.45","True","2026-07-24T11:50:07Z","","","","clinicaltrials","https://clinicaltrials.gov/study/NCT06822426","readout","631537723","8.05","14.96","6.13","21.7","698240.0","178087000","","","","","","","","","","2026-07-24T12:34:14Z","","","","","",""
"BTAI","0001720893","BioXcel Therapeutics, Inc.","PhaseReadout","2027-07-31","month","Sublingual film containing dexmedetomidine","Schizophrenia","clinicaltrials","https://clinicaltrials.gov/study/NCT05025605","PHASE1 | Determining Efficacy and Safety of BXCL501 in Agitation Associated With Pediatric Schizoph | primary completion 2027-07-31","0.45","True","2026-07-24T11:49:44Z","","","","clinicaltrials","https://clinicaltrials.gov/study/NCT05025605","readout","26872775","0.8703","8.08","0.737","1.8","344800.0","17180000","3.6","~4 mo (estimated)","estimated","2026-11-10","","ELEVATED — under 12 months","","","","2026-07-24T12:34:14Z","","","","","",""
"MNPR","0001645469","Monopar Therapeutics","PhaseReadout","2026-12-01","month","Clonidine HCl Mucoadhesive Buccal Tablet","Solid Tumor, Adult","clinicaltrials","https://clinicaltrials.gov/study/NCT06617169","PHASE1 | Dose-Escalation of MNPR-101-PCTA-177Lu in Solid Tumors | primary completion 2026-12","0.45","True","2026-07-24T11:51:26Z","","","","clinicaltrials","https://clinicaltrials.gov/study/NCT06617169","readout","708090642","105.7","116.635","29.18","87.5","297910.0","137492940","164.8","~165 mo (estimated)","estimated","2040-04-10","","","","","","2026-07-24T12:34:14Z","","","","","",""
"INSM","0001104506","INSMED Inc","PhaseReadout","2026-12-31","month","Treprostinil Palmitil Inhalation Powder","Pulmonary Arterial Hypertension","clinicaltrials","https://clinicaltrials.gov/study/NCT05649748","PHASE3 | An Extension Study of Treprostinil Palmitil Inhalation Powder (TPIP) for Pulmonary Arteria | primary completion 2026-12-31","0.45","True","2026-07-24T11:50:57Z","","","","clinicaltrials","https://clinicaltrials.gov/study/NCT05649748","readout","23281332320","107.41","212.75","90.39","13.9","1752913.0","1223514000","16.4","~16 mo (estimated)","estimated","2027-12-04","","","","","","2026-07-24T12:34:14Z","","","","","",""
"PCVX","0001649094","Vaxcyte, Inc.","PhaseReadout","2027-03-01","month","31-valent pneumococcal conjugate vaccine","Pneumococcal Vaccines","clinicaltrials","https://clinicaltrials.gov/study/NCT07365826","PHASE3 | A Clinical Study to Evaluate the Safety, Tolerability, and Immunogenicity of VAX-31 With I | primary completion 2027-03","0.45","True","2026-07-24T11:51:53Z","","","","clinicaltrials","https://clinicaltrials.gov/study/NCT07365826;https://clinicaltrials.gov/study/NCT07425392","readout","8034287026","55.64","65.0","29.08","73.9","750325.0","1737178000","27.1","~27 mo (estimated)","estimated","2028-10-24","","","","","","2026-07-24T12:34:14Z","","","","","",""
"PCVX","0001649094","Vaxcyte, Inc.","PhaseReadout","2027-12-01","month","31-valent pneumococcal conjugate vaccine","Pneumococcal Vaccines","clinicaltrials","https://clinicaltrials.gov/study/NCT06720038","PHASE2 | A Clinical Study to Evaluate the Safety, Tolerability, and Immunogenicity of VAX-31 in Hea | primary completion 2027-12","0.45","True","2026-07-24T11:51:53Z","","","","clinicaltrials","https://clinicaltrials.gov/study/NCT06720038;https://clinicaltrials.gov/study/NCT07616934","readout","8034287026","55.64","65.0","29.08","73.9","750325.0","1737178000","27.1","~27 mo (estimated)","estimated","2028-10-24","","","","","","2026-07-24T12:34:14Z","","","","","",""
"PCVX","0001649094","Vaxcyte, Inc.","PhaseReadout","2027-01-01","month","31-valent pneumococcal conjugate vaccine","Pneumococcal Vaccines","clinicaltrials","https://clinicaltrials.gov/study/NCT07284654","PHASE3 | Safety, Tolerability, and Immunogenicity of VAX-31 in Adults ≥50 Years With Immunobridging | primary completion 2027-01","0.45","True","2026-07-24T11:51:53Z","","","","clinicaltrials","https://clinicaltrials.gov/study/NCT07284654","readout","8034287026","55.64","65.0","29.08","73.9","750325.0","1737178000","27.1","~27 mo (estimated)","estimated","2028-10-24","","","","","","2026-07-24T12:34:14Z","","","","","",""
"ZNTL","0001725160","Zentalis Pharmaceuticals, Inc.","PhaseReadout","2026-12-01","month","Investigator's choice of Chemotherapy","High-Grade Serous Ovarian, Fallopian Tube or Primary Peritoneal Cancer","clinicaltrials","https://clinicaltrials.gov/study/NCT05128825","PHASE2 | A Study of Azenosertib (ZN-c3) in Subjects With Platinum-Resistant High-Grade Serous Ovari | primary completion 2026-12-01","0.45","True","2026-07-24T11:52:58Z","","","","clinicaltrials","https://clinicaltrials.gov/study/NCT05128825","readout","316779249","4.45","6.95","1.212","56.4","992424.0","211758000","20.2","~20 mo (estimated)","estimated","2028-03-29","","","","","","2026-07-24T12:34:14Z","","","","","",""
"DMAC","0001401040","DiaMedica Therapeutics Inc.","PhaseReadout","2026-12-01","month","Recombinant human tissue kallikrein","Acute Stroke","clinicaltrials","https://clinicaltrials.gov/study/NCT05065216","PHASE3 | Treatment of Acute Ischemic Stroke (ReMEDy2 Trial) | primary completion 2026-12","0.45","True","2026-07-24T11:50:13Z","","","","clinicaltrials","https://clinicaltrials.gov/study/NCT05065216","readout","367484106","6.82","10.4195","4.0145","43.8","169960.0","51331000","19.8","into 2H 2027","company-guided","2027-12-15","https://www.sec.gov/Archives/edgar/data/1401040/000143774926010409/ex_939162.htm","","","","","2026-07-24T12:34:14Z","","","","","",""
"HUMA","0001818382","Humacyte, Inc.","PhaseReadout","2027-09-01","month","Acellular Tissue Engineered Vessel","Trauma","clinicaltrials","https://clinicaltrials.gov/study/NCT03005418","PHASE3 | Humacyte Human Acellular Vessel (HAV) in Patients With Vascular Trauma | primary completion 2027-09-01","0.45","True","2026-07-24T11:50:43Z","","","","clinicaltrials","https://clinicaltrials.gov/study/NCT03005418","readout","107284800","0.6386","2.755","0.547","4.1","5133501.0","48539000","5.7","~6 mo (estimated)","estimated","2027-01-13","","ELEVATED — under 12 months","","","","2026-07-24T12:34:14Z","","","","","",""
"HUMA","0001818382","Humacyte, Inc.","PhaseReadout","2027-06-01","month","Acellular Tissue Engineered Vessel","End Stage Renal Disease (ESRD)","clinicaltrials","https://clinicaltrials.gov/study/NCT05908084","PHASE3 | To Compare the Efficacy and Safety of the ATEV With AVF in Female Patients With End-Stage  | primary completion 2027-06","0.45","True","2026-07-24T11:50:43Z","","","","clinicaltrials","https://clinicaltrials.gov/study/NCT05908084","readout","107284800","0.6386","2.755","0.547","4.1","5133501.0","48539000","5.7","~6 mo (estimated)","estimated","2027-01-13","","ELEVATED — under 12 months","","","","2026-07-24T12:34:14Z","","","","","",""
"CGON","0001991792","CG Oncology, Inc.","PhaseReadout","2026-11-01","month","Cretostimogene Grenadenorepvec","Non Muscle Invasive Bladder Cancer","clinicaltrials","https://clinicaltrials.gov/study/NCT06111235","PHASE3 | A Study of Adjuvant Cretostimogene Grenadenorepvec for Treatment of Intermediate Risk NMIB | primary completion 2026-11","0.45","True","2026-07-24T11:49:51Z","","","","clinicaltrials","https://clinicaltrials.gov/study/NCT06111235","readout","6272959880","71.12","77.0","23.65","89.0","1036498.0","1076242000","80.7","into 2029","company-guided","2029-12-15","https://www.sec.gov/Archives/edgar/data/1991792/000119312526213440/ck0001991792-ex99_1.htm","","","","","2026-07-24T12:34:14Z","","","","","",""
"CGON","0001991792","CG Oncology, Inc.","PhaseReadout","2027-03-31","month","Cretostimogene Grenadenorepvec","High-Risk Non-Muscle-Invasive Bladder Cancer","clinicaltrials","https://clinicaltrials.gov/study/NCT06567743","PHASE2 | Phase 2 Study to Evaluate Safety and Efficacy of Cretostimogene Grenadenorepvec in High-Ri | primary completion 2027-03-31","0.45","True","2026-07-24T11:49:51Z","","","","clinicaltrials","https://clinicaltrials.gov/study/NCT06567743","readout","6272959880","71.12","77.0","23.65","89.0","1036498.0","1076242000","80.7","into 2029","company-guided","2029-12-15","https://www.sec.gov/Archives/edgar/data/1991792/000119312526213440/ck0001991792-ex99_1.htm","","","","","2026-07-24T12:34:14Z","","","","","",""
"IOVA","0001425205","IOVANCE BIOTHERAPEUTICS, INC.","PhaseReadout","2026-09-01","month","Lifileucel plus Pembrolizumab","Gastric Cancer","clinicaltrials","https://clinicaltrials.gov/study/NCT05483491","PHASE1 | KK-LC-1 TCR-T Cell Therapy for Gastric, Breast, Cervical, and Lung Cancer | primary completion 2026-09-01","0.45","True","2026-07-24T11:50:58Z","","","","clinicaltrials","https://clinicaltrials.gov/study/NCT05483491","readout","1834145531","5.13","5.64","1.76","86.9","9721850.0","313443000","13.9","into Q3 2027","company-guided","2027-09-15","https://www.sec.gov/Archives/edgar/data/1425205/000110465926018837/tm266992d1_ex99-1.htm","","","","","2026-07-24T12:34:14Z","","","","","",""
"IOVA","0001425205","IOVANCE BIOTHERAPEUTICS, INC.","PhaseReadout","2027-01-01","month","Lifileucel plus Pembrolizumab","Cervical Cancer","clinicaltrials","https://clinicaltrials.gov/study/NCT05686226","PHASE2 | E7 TCR-T Cell Immunotherapy for Human Papillomavirus (HPV) Associated Cancers | primary completion 2027-01-01","0.45","True","2026-07-24T11:50:58Z","","","","clinicaltrials","https://clinicaltrials.gov/study/NCT05686226","readout","1834145531","5.13","5.64","1.76","86.9","9721850.0","313443000","13.9","into Q3 2027","company-guided","2027-09-15","https://www.sec.gov/Archives/edgar/data/1425205/000110465926018837/tm266992d1_ex99-1.htm","","","","","2026-07-24T12:34:14Z","","","","","",""
"IOVA","0001425205","IOVANCE BIOTHERAPEUTICS, INC.","PhaseReadout","2026-10-01","month","Lifileucel plus Pembrolizumab","HPV-Associated Cervical Carcinoma","clinicaltrials","https://clinicaltrials.gov/study/NCT05639972","PHASE2 | E7 T-cell Receptor (TCR) -T Cell Induction Therapy for Locoregionally Advanced HPV-associa | primary completion 2026-10-01","0.45","True","2026-07-24T11:50:58Z","","","","clinicaltrials","https://clinicaltrials.gov/study/NCT05639972","readout","1834145531","5.13","5.64","1.76","86.9","9721850.0","313443000","13.9","into Q3 2027","company-guided","2027-09-15","https://www.sec.gov/Archives/edgar/data/1425205/000110465926018837/tm266992d1_ex99-1.htm","","","","","2026-07-24T12:34:14Z","","","","","",""
"IOVA","0001425205","IOVANCE BIOTHERAPEUTICS, INC.","PhaseReadout","2026-11-01","month","Lifileucel plus Pembrolizumab","Metastatic Melanoma","clinicaltrials","https://clinicaltrials.gov/study/NCT05640193","PHASE1 | A Study of LN-144 in People With Metastatic Melanoma to the Brain | primary completion 2026-11","0.45","True","2026-07-24T11:50:58Z","","","","clinicaltrials","https://clinicaltrials.gov/study/NCT05640193","readout","1834145531","5.13","5.64","1.76","86.9","9721850.0","313443000","13.9","into Q3 2027","company-guided","2027-09-15","https://www.sec.gov/Archives/edgar/data/1425205/000110465926018837/tm266992d1_ex99-1.htm","","","","","2026-07-24T12:34:14Z","","","","","",""
"IOVA","0001425205","IOVANCE BIOTHERAPEUTICS, INC.","PhaseReadout","2027-04-30","month","Lifileucel plus Pembrolizumab","Bone Sarcoma","clinicaltrials","https://clinicaltrials.gov/study/NCT03449108","PHASE2 | LN-145 or LN-145-S1 in Treating Patients With Relapsed or Refractory Ovarian Cancer, Tripl | primary completion 2027-04-30","0.45","True","2026-07-24T11:50:58Z","","","","clinicaltrials","https://clinicaltrials.gov/study/NCT03449108","readout","1834145531","5.13","5.64","1.76","86.9","9721850.0","313443000","13.9","into Q3 2027","company-guided","2027-09-15","https://www.sec.gov/Archives/edgar/data/1425205/000110465926018837/tm266992d1_ex99-1.htm","","","","","2026-07-24T12:34:14Z","","","","","",""
"IOVA","0001425205","IOVANCE BIOTHERAPEUTICS, INC.","PhaseReadout","2027-09-01","month","Lifileucel plus Pembrolizumab","Unresectable Melanoma","clinicaltrials","https://clinicaltrials.gov/study/NCT05361174","PHASE2 | A Study to Investigate the Efficacy and Safety of an Infusion of IOV-4001 in Adult Partici | primary completion 2027-09","0.45","True","2026-07-24T11:50:58Z","","","","clinicaltrials","https://clinicaltrials.gov/study/NCT05361174","readout","1834145531","5.13","5.64","1.76","86.9","9721850.0","313443000","13.9","into Q3 2027","company-guided","2027-09-15","https://www.sec.gov/Archives/edgar/data/1425205/000110465926018837/tm266992d1_ex99-1.htm","","","","","2026-07-24T12:34:14Z","","","","","",""
"IOVA","0001425205","IOVANCE BIOTHERAPEUTICS, INC.","PhaseReadout","2027-05-01","month","Lifileucel plus Pembrolizumab","Uveal Melanoma","clinicaltrials","https://clinicaltrials.gov/study/NCT05607095","PHASE1 | A Study of LN-144 or LN-145 in People With Advanced Uveal Melanoma, Undifferentiated Pleom | primary completion 2027-05-01","0.45","True","2026-07-24T11:50:58Z","","","","clinicaltrials","https://clinicaltrials.gov/study/NCT05607095","readout","1834145531","5.13","5.64","1.76","86.9","9721850.0","313443000","13.9","into Q3 2027","company-guided","2027-09-15","https://www.sec.gov/Archives/edgar/data/1425205/000110465926018837/tm266992d1_ex99-1.htm","","","","","2026-07-24T12:34:14Z","","","","","",""
"GNLX","0001231457","GENELUX Corp","PhaseReadout","2026-12-01","month","olvimulogene nanivacirepvec","Platinum-resistant Ovarian Cancer","clinicaltrials","https://clinicaltrials.gov/study/NCT05281471","PHASE3 | Efficacy & Safety of Olvi-Vec and Platinum-doublet + Bevacizumab Compared to Physician's C | primary completion 2026-12","0.45","True","2026-07-24T11:50:35Z","","","","clinicaltrials","https://clinicaltrials.gov/study/NCT05281471;https://clinicaltrials.gov/study/NCT07136285","readout","111346042","2.96","8.535","2.29","10.7","141379.0","26209000","12.1","~12 mo (estimated)","estimated","2027-07-26","","","","","","2026-07-24T12:34:14Z","","","","","",""
"GNLX","0001231457","GENELUX Corp","PhaseReadout","2027-02-01","month","olvimulogene nanivacirepvec","Advanced Non-squamous Non-small-cell Lung Cancer","clinicaltrials","https://clinicaltrials.gov/study/NCT06463665","PHASE2 | Efficacy & Safety of Olvimulogene Nanivacirepvec & Platinum-doublet + Physician's Choice o | primary completion 2027-02","0.45","True","2026-07-24T11:50:35Z","","","","clinicaltrials","https://clinicaltrials.gov/study/NCT06463665","readout","111346042","2.96","8.535","2.29","10.7","141379.0","26209000","12.1","~12 mo (estimated)","estimated","2027-07-26","","","","","","2026-07-24T12:34:14Z","","","","","",""
"CGTX","0001455365","COGNITION THERAPEUTICS INC","PhaseReadout","2027-04-01","month","Dextromethorphan-Bupropion","Early Alzheimer's Disease","clinicaltrials","https://clinicaltrials.gov/study/NCT05531656","PHASE2 | A Study to Evaluate the Safety and Efficacy of CT1812 in Early Alzheimer's Disease | primary completion 2027-04","0.45","True","2026-07-24T11:49:52Z","","","","clinicaltrials","https://clinicaltrials.gov/study/NCT05531656","readout","70653620","0.9602","3.83","0.55","12.5","324704.0","31130000","18.4","into Q2 2027","company-guided","2027-06-15","https://www.sec.gov/Archives/edgar/data/1455365/000110465926057186/tm2613845d1_ex99-1.htm","","","","","2026-07-24T12:34:14Z","","","","","",""
"PSTV","0001095981","PLUS THERAPEUTICS, INC.","PhaseReadout","2026-10-02","month","Rhenium Liposome Treatment","Leptomeningeal Metastasis","clinicaltrials","https://clinicaltrials.gov/study/NCT07098806","PHASE1 | Multiple Dose Intraventricular Administration of Rhenium-186 NanoLiposome for Leptomeninge | primary completion 2026-10-02","0.45","True","2026-07-24T11:52:00Z","","","","clinicaltrials","https://clinicaltrials.gov/study/NCT07098806","readout","9146103","3.78","23.5","2.9","4.3","63684.0","3022000","1.7","~2 mo (estimated)","estimated","2026-09-13","","ELEVATED — under 12 months","","","","2026-07-24T12:34:14Z","","","","","",""
"PSTV","0001095981","PLUS THERAPEUTICS, INC.","PhaseReadout","2027-03-01","month","Rhenium Liposome Treatment","Ependymoma","clinicaltrials","https://clinicaltrials.gov/study/NCT07061626","PHASE1 | Determine Maximum Tolerated Dose, Safety, and Tolerability of Rhenium (186Re) in Pediatric | primary completion 2027-03","0.45","True","2026-07-24T11:52:00Z","","","","clinicaltrials","https://clinicaltrials.gov/study/NCT07061626","readout","9146103","3.78","23.5","2.9","4.3","63684.0","3022000","1.7","~2 mo (estimated)","estimated","2026-09-13","","ELEVATED — under 12 months","","","","2026-07-24T12:34:14Z","","","","","",""
"KYTX","0001994702","Kyverna Therapeutics, Inc.","PhaseReadout","2027-09-01","month","Standard of Care Treatment","Myasthenia Gravis","clinicaltrials","https://clinicaltrials.gov/study/NCT06193889","PHASE3 | KYSA-6: A Study of Anti-CD19 Chimeric Antigen Receptor T-Cell Therapy, in Patients With Ge | primary completion 2027-09","0.45","True","2026-07-24T11:51:09Z","","","","clinicaltrials","https://clinicaltrials.gov/study/NCT06193889","readout","319241559","7.29","13.67","2.8","41.3","648293.0","236446000","18.9","into 2027","company-guided","2027-12-15","https://www.sec.gov/Archives/edgar/data/1994702/000119312525277584/kytx-20250930.htm","","","","","2026-07-24T12:34:14Z","","","","","",""
"KYTX","0001994702","Kyverna Therapeutics, Inc.","PhaseReadout","2027-06-01","month","Standard of Care Treatment","Rheumatoid Arthritis","clinicaltrials","https://clinicaltrials.gov/study/NCT06475495","PHASE2 | Comparison of B-cell Depletion by Rituximab and Anti-CD 19 CAR-T Therapy in Patients With  | primary completion 2027-06","0.45","True","2026-07-24T11:51:09Z","","","","clinicaltrials","https://clinicaltrials.gov/study/NCT06138132;https://clinicaltrials.gov/study/NCT06475495","readout","319241559","7.29","13.67","2.8","41.3","648293.0","236446000","18.9","into 2027","company-guided","2027-12-15","https://www.sec.gov/Archives/edgar/data/1994702/000119312525277584/kytx-20250930.htm","","","","","2026-07-24T12:34:14Z","","","","","",""
"KYTX","0001994702","Kyverna Therapeutics, Inc.","PhaseReadout","2027-02-01","month","Standard of Care Treatment","Idiopathic Inflammatory Myopathies","clinicaltrials","https://clinicaltrials.gov/study/NCT06152172","PHASE1 | CARTIMMUNE: Study of Patients With Autoimmune Diseases Receiving KYV-101 | primary completion 2027-02","0.45","True","2026-07-24T11:51:09Z","","","","clinicaltrials","https://clinicaltrials.gov/study/NCT06152172","readout","319241559","7.29","13.67","2.8","41.3","648293.0","236446000","18.9","into 2027","company-guided","2027-12-15","https://www.sec.gov/Archives/edgar/data/1994702/000119312525277584/kytx-20250930.htm","","","","","2026-07-24T12:34:14Z","","","","","",""
"KYTX","0001994702","Kyverna Therapeutics, Inc.","PhaseReadout","2027-04-01","month","Standard of Care Treatment","Multiple Sclerosis, Primary Progressive","clinicaltrials","https://clinicaltrials.gov/study/NCT06384976","PHASE2 | KYSA-7: A Study of Anti-CD19 CAR T-Cell Therapy, in Subjects With Refractory Primary and S | primary completion 2027-04","0.45","True","2026-07-24T11:51:09Z","","","","clinicaltrials","https://clinicaltrials.gov/study/NCT06384976","readout","319241559","7.29","13.67","2.8","41.3","648293.0","236446000","18.9","into 2027","company-guided","2027-12-15","https://www.sec.gov/Archives/edgar/data/1994702/000119312525277584/kytx-20250930.htm","","","","","2026-07-24T12:34:14Z","","","","","",""
"CADL","0001841387","Candel Therapeutics, Inc.","PhaseReadout","2027-01-01","month","Aglatimagene Besadenovec","Malignant Glioma of Brain","clinicaltrials","https://clinicaltrials.gov/study/NCT03152318","PHASE1 | A Study of the Treatment of Recurrent Malignant Glioma With rQNestin34.5v.2 | primary completion 2027-01","0.45","True","2026-07-24T11:49:47Z","","","","clinicaltrials","https://clinicaltrials.gov/study/NCT03152318","readout","541322706","9.86","11.36","4.35","78.6","763958.0","194834000","49.0","into early 2028","company-guided","2028-03-15","https://www.sec.gov/Archives/edgar/data/1841387/000119312526222892/cadl-ex99_1.htm","","","","","2026-07-24T12:34:14Z","","","","","",""
"AGIO","0001439222","Agios Pharmaceuticals","PhaseReadout","2027-03-01","month","Mitapivat Matched Placebo","Chondrosarcoma","clinicaltrials","https://clinicaltrials.gov/study/NCT04278781","PHASE2 | AG-120 in People With IDH1 Mutant Chondrosarcoma | primary completion 2027-03","0.45","True","2026-07-24T11:49:08Z","","","","clinicaltrials","https://clinicaltrials.gov/study/NCT04278781","readout","2157629648","36.28","46.0","22.24","59.1","778073.0","737038000","23.2","~23 mo (estimated)","estimated","2028-06-28","","","","","","2026-07-24T12:34:14Z","","","","","",""
"KYTX","0001994702","Kyverna Therapeutics, Inc.","PhaseReadout","2027-01-01","month","Standard of Care Treatment","ANCA-IgG-positive ANCA Associated Vasculitis","clinicaltrials","https://clinicaltrials.gov/study/NCT06590545","PHASE2 | Anti-CD 19 CAR-T Cell Therapy in Patients With ANCA Vasculitis | primary completion 2027-01","0.45","True","2026-07-24T11:51:09Z","","","","clinicaltrials","https://clinicaltrials.gov/study/NCT06590545","readout","319241559","7.29","13.67","2.8","41.3","648293.0","236446000","18.9","into 2027","company-guided","2027-12-15","https://www.sec.gov/Archives/edgar/data/1994702/000119312525277584/kytx-20250930.htm","","","","","2026-07-24T12:34:14Z","","","","","",""
"CADL","0001841387","Candel Therapeutics, Inc.","PhaseReadout","2026-08-01","month","Aglatimagene Besadenovec","Prostate Cancer Patients Treated by Radiotherapy","clinicaltrials","https://clinicaltrials.gov/study/NCT07332000","PHASE2 | A Biomarker Study in Men With Localized Prostate Cancer Treated With Aglatimagene Besadeno | primary completion 2026-08","0.45","True","2026-07-24T11:49:47Z","","","","clinicaltrials","https://clinicaltrials.gov/study/NCT07332000","readout","541322706","9.86","11.36","4.35","78.6","763958.0","194834000","49.0","into early 2028","company-guided","2028-03-15","https://www.sec.gov/Archives/edgar/data/1841387/000119312526222892/cadl-ex99_1.htm","","","","","2026-07-24T12:34:14Z","","","","","",""
"KYTX","0001994702","Kyverna Therapeutics, Inc.","PhaseReadout","2026-08-01","month","Standard of Care Treatment","Lupus Nephritis","clinicaltrials","https://clinicaltrials.gov/study/NCT05938725","PHASE2 | KYSA-1: A Study of Anti-CD19 Chimeric Antigen Receptor T-Cell (CD19 CAR T) Therapy, in Sub | primary completion 2026-08","0.45","True","2026-07-24T11:51:09Z","","","","clinicaltrials","https://clinicaltrials.gov/study/NCT05938725","readout","319241559","7.29","13.67","2.8","41.3","648293.0","236446000","18.9","into 2027","company-guided","2027-12-15","https://www.sec.gov/Archives/edgar/data/1994702/000119312525277584/kytx-20250930.htm","","","","","2026-07-24T12:34:14Z","","","","","",""
"AGIO","0001439222","Agios Pharmaceuticals","PhaseReadout","2028-01-17","month","Mitapivat Matched Placebo","Phenylketonuria","clinicaltrials","https://clinicaltrials.gov/study/NCT07241234","PHASE1 | A Study to Evaluate Safety, Tolerability, Pharmacokinetics, and Pharmacodynamics of AG-181 | primary completion 2028-01-17","0.45","True","2026-07-24T11:49:08Z","","","","clinicaltrials","https://clinicaltrials.gov/study/NCT07241234","readout","2157629648","36.28","46.0","22.24","59.1","778073.0","737038000","23.2","~23 mo (estimated)","estimated","2028-06-28","","","new","new","","2026-07-24T12:34:14Z","","","","","",""
"ADCT","0001771910","ADC Therapeutics SA","PhaseReadout","2027-03-01","month","Loncastuximab Tesirine","Relapsed or Refractory Large B-cell Lymphoma","clinicaltrials","https://clinicaltrials.gov/study/NCT06788964","PHASE2 | Loncastuximab Tesirine and Rituximab as Bridging Therapy Before Standard-of-care CAR-T The | primary completion 2027-03","0.45","True","2026-07-24T11:49:05Z","","","","clinicaltrials","https://clinicaltrials.gov/study/NCT06788964","readout","155173020","1.22","4.98","0.78","10.5","579879.0","231008000","24.2","~24 mo (estimated)","estimated","2028-07-28","","","","","","2026-07-24T12:34:14Z","","","","","",""
"BCDA","0000925741","BioCardia, Inc.","PhaseReadout","2026-12-01","month","Autologous cell therapy","Heart Failure, Systolic","clinicaltrials","https://clinicaltrials.gov/study/NCT05925608","PHASE2 | Clinical Trial of Human Allogenic Culture-expanded Bone Marrow-derived Mesenchymal Stem Ce | primary completion 2026-12","0.45","True","2026-07-24T11:49:31Z","","","","clinicaltrials","https://clinicaltrials.gov/study/NCT05925608","readout","5247928","0.905","2.4","0.78","7.7","272764.0","951000","1.5","~2 mo (estimated)","estimated","2026-09-07","","ELEVATED — under 12 months","","","","2026-07-24T12:34:14Z","","","","","",""
"AVIR","0001593899","Atea Pharmaceuticals, Inc.","PhaseReadout","2026-09-01","month","Bemnifosbuvir-Ruzasvir","HEPATITIS C VIRUS CHRONIC INFECTION","clinicaltrials","https://clinicaltrials.gov/study/NCT06868264","PHASE3 | C-BEYOND: Efficacy and Safety of BEM/RZR vs. SOF/VEL in Subjects With Chronic HCV | primary completion 2026-09","0.45","True","2026-07-24T11:49:27Z","","","","clinicaltrials","https://clinicaltrials.gov/study/NCT06868264","readout","380128720","4.75","6.45","2.78","53.7","181536.0","256006000","20.8","~21 mo (estimated)","estimated","2028-04-16","","","","","","2026-07-24T12:34:14Z","","","","","",""
"ADCT","0001771910","ADC Therapeutics SA","PhaseReadout","2027-03-31","month","Loncastuximab Tesirine","B-Cell Non-Hodgkin Lymphoma","clinicaltrials","https://clinicaltrials.gov/study/NCT04970901","PHASE1 | A Study to Evaluate the Safety and Anti-cancer Activity of Loncastuximab Tesirine in Combi | primary completion 2027-03-31","0.45","True","2026-07-24T11:49:05Z","","","","clinicaltrials","https://clinicaltrials.gov/study/NCT04970901","readout","155173020","1.22","4.98","0.78","10.5","579879.0","231008000","24.2","~24 mo (estimated)","estimated","2028-07-28","","","moved","date_slip","2026-10-30 -> 2027-03-31","2026-07-24T12:34:14Z","","","","","",""
"ADCT","0001771910","ADC Therapeutics SA","PhaseReadout","2026-12-31","month","Loncastuximab Tesirine","Chronic Lymphocytic Leukemia","clinicaltrials","https://clinicaltrials.gov/study/NCT05971251","PHASE1 | Addition of Loncastuximab Tesirine to Acalbrutinib , Chronic Lymphocytic Leukemia | primary completion 2026-12-31","0.45","True","2026-07-24T11:49:05Z","","","","clinicaltrials","https://clinicaltrials.gov/study/NCT05971251","readout","155173020","1.22","4.98","0.78","10.5","579879.0","231008000","24.2","~24 mo (estimated)","estimated","2028-07-28","","","","","","2026-07-24T12:34:14Z","","","","","",""
"STRO","0001382101","SUTRO BIOPHARMA, INC.","PhaseReadout","2027-12-01","month","Luveltamab tazevibulin","Head and Neck Squamous Cell Carcinoma HNSCC","clinicaltrials","https://clinicaltrials.gov/study/NCT07227168","PHASE1 | A Study of STRO-004 in Adults With Refractory/Recurrent Metastatic Cancer | primary completion 2027-12","0.45","True","2026-07-24T11:52:27Z","","","","clinicaltrials","https://clinicaltrials.gov/study/NCT07227168","readout","228383242","23.6","43.85","7.15","44.8","260757.0","202558000","16.0","~12+ months (company-stated, non-specific)","company-guided","","https://www.sec.gov/Archives/edgar/data/1382101/000119312526224170/stro-20260331.htm","","","","","2026-07-24T12:34:14Z","","","","","",""
"ADCT","0001771910","ADC Therapeutics SA","PhaseReadout","2026-10-01","month","Loncastuximab Tesirine","Double-Expressor Lymphoma","clinicaltrials","https://clinicaltrials.gov/study/NCT05600686","PHASE2 | Loncastuximab Tesirine and Rituximab Followed by DA-EPOCH-R for Treating Patients With Hig | primary completion 2026-10-01","0.45","True","2026-07-24T11:49:05Z","","","","clinicaltrials","https://clinicaltrials.gov/study/NCT05600686","readout","155173020","1.22","4.98","0.78","10.5","579879.0","231008000","24.2","~24 mo (estimated)","estimated","2028-07-28","","","","","","2026-07-24T12:34:14Z","","","","","",""
"AVIR","0001593899","Atea Pharmaceuticals, Inc.","PhaseReadout","2026-12-01","month","Bemnifosbuvir-Ruzasvir","HEPATITIS C VIRUS CHRONIC INFECTION","clinicaltrials","https://clinicaltrials.gov/study/NCT07037277","PHASE3 | C-Forward: Efficacy and Safety of BEM/RZR vs SOF/VEL in Subjects With Chronic HCV | primary completion 2026-12","0.45","True","2026-07-24T11:49:27Z","","","","clinicaltrials","https://clinicaltrials.gov/study/NCT07037277","readout","380128720","4.75","6.45","2.78","53.7","181536.0","256006000","20.8","~21 mo (estimated)","estimated","2028-04-16","","","","","","2026-07-24T12:34:14Z","","","","","",""
"ADCT","0001771910","ADC Therapeutics SA","PhaseReadout","2027-08-01","month","Loncastuximab Tesirine","Follicular Lymphoma","clinicaltrials","https://clinicaltrials.gov/study/NCT04998669","PHASE2 | Loncastuximab Tesirine in Combination With Rituximab in Patients With Relapsed or Refracto | primary completion 2027-08-01","0.45","True","2026-07-24T11:49:05Z","","","","clinicaltrials","https://clinicaltrials.gov/study/NCT04998669","readout","155173020","1.22","4.98","0.78","10.5","579879.0","231008000","24.2","~24 mo (estimated)","estimated","2028-07-28","","","","","","2026-07-24T12:34:14Z","","","","","",""
"AVIR","0001593899","Atea Pharmaceuticals, Inc.","PhaseReadout","2026-08-01","month","Bemnifosbuvir-Ruzasvir","Healthy Volunteer Study","clinicaltrials","https://clinicaltrials.gov/study/NCT07314346","PHASE1 | Drug-drug Interaction Study of Bemnifosbuvir/Ruzasvir (BEM/RZR) and Buprenorphine/Naloxone | primary completion 2026-08","0.45","True","2026-07-24T11:49:27Z","","","","clinicaltrials","https://clinicaltrials.gov/study/NCT07314346","readout","380128720","4.75","6.45","2.78","53.7","181536.0","256006000","20.8","~21 mo (estimated)","estimated","2028-04-16","","","new","new","","2026-07-24T12:34:14Z","","","","","",""
"GILD","0000882095","GILEAD SCIENCES, INC.","PhaseReadout","2027-03-30","month","Sacituzumab Govitecan","HER2-negative Breast Cancer","clinicaltrials","https://clinicaltrials.gov/study/NCT04595565","PHASE3 | Sacituzumab Govitecan in Primary HER2-negative Breast Cancer | primary completion 2027-03-30","0.45","True","2026-07-24T11:50:33Z","","","","clinicaltrials","https://clinicaltrials.gov/study/NCT04595565","readout","162471833712","130.86","157.29","108.46","45.9","6298021.0","9817000000","","","","","","","new","new","","2026-07-24T12:34:14Z","","","","","",""
"GILD","0000882095","GILEAD SCIENCES, INC.","PhaseReadout","2026-12-31","month","Sacituzumab Govitecan","Bladder Cancer","clinicaltrials","https://clinicaltrials.gov/study/NCT06528483","PHASE2 | Bladder Preservation With Sacituzumab Govitecan + Zimberelimab for Muscle-Invasive Bladder | primary completion 2026-12-31","0.45","True","2026-07-24T11:50:33Z","","","","clinicaltrials","https://clinicaltrials.gov/study/NCT05675579;https://clinicaltrials.gov/study/NCT06528483","readout","162471833712","130.86","157.29","108.46","45.9","6298021.0","9817000000","","","","","","","","","","2026-07-24T12:34:14Z","","","","","",""
"UTHR","0001082554","UNITED THERAPEUTICS Corp","PhaseReadout","2027-01-04","month","Inhaled Treprostinil","Prostate Cancer","clinicaltrials","https://clinicaltrials.gov/study/NCT06059118","PHASE2 | Difluoromethylornithine and High Dose Testosterone With Enzalutamide in Metastatic Castrat | primary completion 2027-01-04","0.45","True","2026-07-24T11:52:43Z","","","","clinicaltrials","https://clinicaltrials.gov/study/NCT06059118","readout","22476801051","529.53","609.35","272.12","76.3","241115.0","2153700000","","","","","","","","","","2026-07-24T12:34:14Z","","","","","",""
"UTHR","0001082554","UNITED THERAPEUTICS Corp","PhaseReadout","2027-11-01","month","Inhaled Treprostinil","Progressive Pulmonary Fibrosis","clinicaltrials","https://clinicaltrials.gov/study/NCT05943535","PHASE3 | Study of the Efficacy and Safety of Inhaled Treprostinil in Subjects With Progressive Pulm | primary completion 2027-11","0.45","True","2026-07-24T11:52:43Z","","","","clinicaltrials","https://clinicaltrials.gov/study/NCT05943535","readout","22476801051","529.53","609.35","272.12","76.3","241115.0","2153700000","","","","","","","","","","2026-07-24T12:34:14Z","","","","","",""
"REGN","0000872589","Regeneron","PhaseReadout","2027-05-17","month","Acetylsalicylic Acid","Symptomatic Venous Thromboembolism (VTE)","clinicaltrials","https://clinicaltrials.gov/study/NCT07213778","PHASE3 | REGN7508 Versus Acetylsalicylic Acid (ASA) for Venous Thromboprophylaxis After Total Knee  | primary completion 2027-05-17","0.45","True","2026-07-24T11:52:10Z","","","","clinicaltrials","https://clinicaltrials.gov/study/NCT07213778","readout","67161072020","651.91","821.11","541.0","39.6","1129331.0","8753700000","","","","","","","new","new","","2026-07-24T12:34:14Z","","","","","",""
"UTHR","0001082554","UNITED THERAPEUTICS Corp","PhaseReadout","2026-12-01","month","Inhaled Treprostinil","PAH","clinicaltrials","https://clinicaltrials.gov/study/NCT03683186","PHASE3 | A Study Evaluating the Long-Term Efficacy and Safety of Ralinepag in Subjects With PAH Via | primary completion 2026-12","0.45","True","2026-07-24T11:52:43Z","","","","clinicaltrials","https://clinicaltrials.gov/study/NCT02573896;https://clinicaltrials.gov/study/NCT03683186","readout","22476801051","529.53","609.35","272.12","76.3","241115.0","2153700000","","","","","","","","","","2026-07-24T12:34:14Z","","","","","",""
"UTHR","0001082554","UNITED THERAPEUTICS Corp","PhaseReadout","2027-07-01","month","Inhaled Treprostinil","COPD (Chronic Obstructive Pulmonary Disease)","clinicaltrials","https://clinicaltrials.gov/study/NCT07037836","PHASE2 | Inhaled Treprostinil (Tyvaso Nebulizer) For COPD Patients With Hypoxemia | primary completion 2027-07-01","0.45","True","2026-07-24T11:52:43Z","","","","clinicaltrials","https://clinicaltrials.gov/study/NCT07037836","readout","22476801051","529.53","609.35","272.12","76.3","241115.0","2153700000","","","","","","","","","","2026-07-24T12:34:14Z","","","","","",""
"BYSI","0001677940","BeyondSpring Inc.","PhaseReadout","2026-11-01","month","Docetaxel + Plinabulin","Multiple Myeloma","clinicaltrials","https://clinicaltrials.gov/study/NCT05130827","PHASE2 | Study of Plinabulin and Pegfilgrastim in People With Multiple Myeloma Undergoing an Autolo | primary completion 2026-11","0.45","True","2026-07-24T11:49:45Z","","","","clinicaltrials","https://clinicaltrials.gov/study/NCT05130827","readout","44409406","1.08","2.44","0.994","5.9","23275.0","7863000","4.9","~5 mo (estimated)","estimated","2026-12-19","","ELEVATED — under 12 months","","","","2026-07-24T12:34:14Z","","","","","",""
"UTHR","0001082554","UNITED THERAPEUTICS Corp","PhaseReadout","2027-03-15","month","Inhaled Treprostinil","Ovarian Clear Cell Adenocarcinoma","clinicaltrials","https://clinicaltrials.gov/study/NCT05231122","PHASE2 | Pembrolizumab Combined With Bevacizumab With or Without Agonist Anti-CD40 CDX-1140 for the | primary completion 2027-03-15","0.45","True","2026-07-24T11:52:43Z","","","","clinicaltrials","https://clinicaltrials.gov/study/NCT05231122","readout","22476801051","529.53","609.35","272.12","76.3","241115.0","2153700000","","","","","","","","","","2026-07-24T12:34:14Z","","","","","",""
"UTHR","0001082554","UNITED THERAPEUTICS Corp","PhaseReadout","2026-12-31","month","Inhaled Treprostinil","Breast Cancer","clinicaltrials","https://clinicaltrials.gov/study/NCT03804944","PHASE2 | Converting HR+ Breast Cancer Into an Individualized Vaccine | primary completion 2026-12-31","0.45","True","2026-07-24T11:52:43Z","","","","clinicaltrials","https://clinicaltrials.gov/study/NCT03804944","readout","22476801051","529.53","609.35","272.12","76.3","241115.0","2153700000","","","","","","","","","","2026-07-24T12:34:14Z","","","","","",""
"UTHR","0001082554","UNITED THERAPEUTICS Corp","PhaseReadout","2027-02-26","month","Inhaled Treprostinil","Alcohol Use Disorder (AUD)","clinicaltrials","https://clinicaltrials.gov/study/NCT06580444","PHASE2 | Brexanolone to Target Concurrent PTSD and Stress Induced Alcohol Use in Veterans: A Dose F | primary completion 2027-02-26","0.45","True","2026-07-24T11:52:43Z","","","","clinicaltrials","https://clinicaltrials.gov/study/NCT06580444","readout","22476801051","529.53","609.35","272.12","76.3","241115.0","2153700000","","","","","","","","","","2026-07-24T12:34:14Z","","","","","",""
"PCSA","0001533743","Processa Pharmaceuticals, Inc.","PhaseReadout","2026-09-01","month","PCS6422 and capecitabine","Breast Cancer","clinicaltrials","https://clinicaltrials.gov/study/NCT06568692","PHASE2 | A Phase 2 Study of PCS6422 With Capecitabine in Patients With Advanced or Metastatic Breas | primary completion 2026-09","0.45","True","2026-07-24T11:51:53Z","","","","clinicaltrials","https://clinicaltrials.gov/study/NCT06568692","readout","6502754","2.87","14.25","1.67","9.5","102643.0","1691043","1.7","~2 mo (estimated)","estimated","2026-09-13","","ELEVATED — under 12 months","","","","2026-07-24T12:34:14Z","","","","","",""
"SKYE","0001516551","Skye Bioscience, Inc.","PhaseReadout","2026-11-20","month","Nimacimab injection","Obesity","clinicaltrials","https://clinicaltrials.gov/study/NCT06577090","PHASE2 | Study to Evaluate the Effect on Obesity of QW Nimacimab and QW Nimacimab Co-administered W | primary completion 2026-11-20","0.45","True","2026-07-24T11:52:21Z","","","","clinicaltrials","https://clinicaltrials.gov/study/NCT06577090","readout","23722012","0.675","4.99","0.566","2.5","75638.0","17108629","4.8","~5 mo (estimated)","estimated","2026-12-16","","ELEVATED — under 12 months","","","","2026-07-24T12:34:14Z","","","","","",""
"ARQT","0001787306","Arcutis","PhaseReadout","2026-09-01","month","Topical Roflumilast","Hidradenitis Suppurativa","clinicaltrials","https://clinicaltrials.gov/study/NCT07077902","PHASE2 | A Study for Evaluating Safety & Efficacy of Topical Roflumilast 0.3% Foam in Hidradenitis  | primary completion 2026-09","0.45","True","2026-07-24T11:49:20Z","","","","clinicaltrials","https://clinicaltrials.gov/study/NCT07077902","readout","3418518390","27.33","31.77","13.695","75.4","1031411.0","224000000","","","","","","","","","","2026-07-24T12:34:14Z","","","","","",""
"KOD","0001468748","Kodiak Sciences Inc.","PhaseReadout","2026-08-01","month","Tabirafusp Tedromer","Wet Age-related Macular Degeneration","clinicaltrials","https://clinicaltrials.gov/study/NCT06556368","PHASE3 | A Study to Evaluate the Efficacy and Safety of Tarcocimab Tedromer and Tabirafusp Tedromer | primary completion 2026-08","0.45","True","2026-07-24T11:51:05Z","","","","clinicaltrials","https://clinicaltrials.gov/study/NCT06556368","readout","2171196722","41.02","47.84","6.21","83.6","387144.0","169530000","13.8","~14 mo (estimated)","estimated","2027-09-16","","","","","","2026-07-24T12:34:14Z","","","","","",""
"DNLI","0001714899","Denali Therapeutics Inc.","PhaseReadout","2027-12-01","month","Tividenofusp Alfa","Mucopolysaccharidosis II","clinicaltrials","https://clinicaltrials.gov/study/NCT05371613","PHASE3 | A Study to Determine the Efficacy and Safety of Tividenofusp Alfa (DNL310) vs Idursulfase  | primary completion 2027-12","0.45","True","2026-07-24T11:50:13Z","","","","clinicaltrials","https://clinicaltrials.gov/study/NCT05371613","readout","3716982041","23.42","27.3","12.58","73.6","1112399.0","987684000","28.7","~29 mo (estimated)","estimated","2028-12-12","","","","","","2026-07-24T12:34:14Z","","","","","",""
"GERN","0000886744","GERON CORP","PhaseReadout","2027-02-01","month","Imetelstat Sodium","Myelofibrosis","clinicaltrials","https://clinicaltrials.gov/study/NCT05371964","PHASE1 | A Study to Evaluate the Safety, Pharmacokinetics, Pharmacodynamics and Clinical Activity o | primary completion 2027-02","0.45","True","2026-07-24T11:50:31Z","","","","clinicaltrials","https://clinicaltrials.gov/study/NCT05371964","readout","930205412","1.45","2.01","1.04","42.3","4263725.0","314285000","29.9","~30 mo (estimated)","estimated","2029-01-17","","","","","","2026-07-24T12:34:14Z","","","","","",""
"GH","0001576280","Guardant Health, Inc.","PhaseReadout","2027-05-01","month","FOLFIRI+cetuximab","Metastatic Non-small Cell Lung Cancer","clinicaltrials","https://clinicaltrials.gov/study/NCT04410796","PHASE2 | Osimertinib Alone or With Chemotherapy for EGFR-Mutant Lung Cancers | primary completion 2027-05","0.45","True","2026-07-24T11:50:32Z","","","","clinicaltrials","https://clinicaltrials.gov/study/NCT04410796","readout","19916509336","150.2","174.08","40.35","82.1","1112953.0","1102760000","75.4","~75 mo (estimated)","estimated","2032-11-01","","","","","","2026-07-24T12:34:14Z","","","","","",""
"GERN","0000886744","GERON CORP","PhaseReadout","2027-05-31","month","Imetelstat Sodium","Phase II","clinicaltrials","https://clinicaltrials.gov/study/NCT07549451","PHASE2 | Phase 2 Study Of Imetelstat for Patient With Myelodysplastic/Myeloproliferative Neoplasms | primary completion 2027-05-31","0.45","True","2026-07-24T11:50:31Z","","","","clinicaltrials","https://clinicaltrials.gov/study/NCT07549451","readout","930205412","1.45","2.01","1.04","42.3","4263725.0","314285000","29.9","~30 mo (estimated)","estimated","2029-01-17","","","","","","2026-07-24T12:34:14Z","","","","","",""
"BHVN","0001935979","Biohaven Ltd.","PhaseReadout","2026-09-01","month","Taldefgrobep Alfa","Obesity","clinicaltrials","https://clinicaltrials.gov/study/NCT07281495","PHASE2 | Taldefgrobep Alfa in Adults With Overweight and Obesity | primary completion 2026-09","0.45","True","2026-07-24T11:49:36Z","","","","clinicaltrials","https://clinicaltrials.gov/study/NCT07281495","readout","1550927143","14.65","18.566","7.48","64.7","1549213.0","347817000","7.0","~7 mo (estimated)","estimated","2027-02-21","","ELEVATED — under 12 months","","","","2026-07-24T12:34:14Z","","","","","",""
"INCY","0000879169","INCYTE CORP","PhaseReadout","2026-08-10","month","Ruxolitinib Cream","NonSegmental Vitiligo","clinicaltrials","https://clinicaltrials.gov/study/NCT06548360","PHASE3 | A Study to Evaluate the Safety and Efficacy of Ruxolitinib Cream in Pediatric Participants | primary completion 2026-08-10","0.45","True","2026-07-24T11:50:55Z","","","","clinicaltrials","https://clinicaltrials.gov/study/NCT06548360","readout","23312579667","116.69","119.6","69.69","94.2","956124.0","4015825000","","","","","","","","","","2026-07-24T12:34:14Z","","","","","",""
"GH","0001576280","Guardant Health, Inc.","PhaseReadout","2028-01-01","month","FOLFIRI+cetuximab","Colorectal Cancer Metastatic","clinicaltrials","https://clinicaltrials.gov/study/NCT07004413","PHASE3 | Continuous or Intermittent Cetuximab Plus FOLFIRI as First-line Treatment in RAS/BRAF Wild | primary completion 2028-01-01","0.45","True","2026-07-24T11:50:32Z","","","","clinicaltrials","https://clinicaltrials.gov/study/NCT07004413","readout","19916509336","150.2","174.08","40.35","82.1","1112953.0","1102760000","75.4","~75 mo (estimated)","estimated","2032-11-01","","","","","","2026-07-24T12:34:14Z","","","","","",""
"INCY","0000879169","INCYTE CORP","PhaseReadout","2026-10-09","month","Ruxolitinib Cream","Hidradenitis Suppurativa","clinicaltrials","https://clinicaltrials.gov/study/NCT06958211","PHASE3 | Study to Evaluate the Efficacy and Safety of Ruxolitinib Cream in Participants With Hidrad | primary completion 2026-10-09","0.45","True","2026-07-24T11:50:55Z","","","","clinicaltrials","https://clinicaltrials.gov/study/NCT06958211","readout","23312579667","116.69","119.6","69.69","94.2","956124.0","4015825000","","","","","","","new","new","","2026-07-24T12:34:14Z","","","","","",""
"IMMP","0001506184","IMMUTEP Ltd","PhaseReadout","2026-10-31","month","eftilagimod alfa","Breast Carcinoma","clinicaltrials","https://clinicaltrials.gov/study/NCT05747794","PHASE3 | Study in Metastatic Breast Cancer Patients Receiving Eftilagimod Alpha or Placebo in Combi | primary completion 2026-10-31","0.45","True","2026-07-24T11:50:47Z","","","","clinicaltrials","https://clinicaltrials.gov/study/NCT05747794","readout","57828773","0.3924","3.53","0.29","3.2","311979.0","99129499","11.1","~11 mo (estimated)","estimated","2027-06-26","","ELEVATED — under 12 months","","","","2026-07-24T12:34:14Z","","","","","",""
"INCY","0000879169","INCYTE CORP","PhaseReadout","2027-09-28","month","Corticosteroids","Chronic Graft-versus-host-disease","clinicaltrials","https://clinicaltrials.gov/study/NCT06585774","PHASE3 | A Study to Evaluate Axatilimab and Corticosteroids as Initial Treatment for Chronic Graft- | primary completion 2027-09-28","0.45","True","2026-07-24T11:50:55Z","","","","clinicaltrials","https://clinicaltrials.gov/study/NCT06585774","readout","23312579667","116.69","119.6","69.69","94.2","956124.0","4015825000","","","","","","","new","new","","2026-07-24T12:34:14Z","","","","","",""
"IMMP","0001506184","IMMUTEP Ltd","PhaseReadout","2026-08-31","month","eftilagimod alfa","Healthy","clinicaltrials","https://clinicaltrials.gov/study/NCT06637865","PHASE1 | A First-in-human Study of the Safety of an Immunosuppressive Antibody (IMP761) in Healthy  | primary completion 2026-08-31","0.45","True","2026-07-24T11:50:47Z","","","","clinicaltrials","https://clinicaltrials.gov/study/NCT06637865","readout","57828773","0.3924","3.53","0.29","3.2","311979.0","99129499","11.1","~11 mo (estimated)","estimated","2027-06-26","","ELEVATED — under 12 months","","","","2026-07-24T12:34:14Z","","","","","",""
"IMMP","0001506184","IMMUTEP Ltd","PhaseReadout","2026-09-30","month","eftilagimod alfa","Solid Tumors","clinicaltrials","https://clinicaltrials.gov/study/NCT03252938","PHASE1 | Feasibility and Safety of IMP321 (Eftilagimod Alpha) for Advanced Stage Solid Tumors | primary completion 2026-09-30","0.45","True","2026-07-24T11:50:47Z","","","","clinicaltrials","https://clinicaltrials.gov/study/NCT03252938","readout","57828773","0.3924","3.53","0.29","3.2","311979.0","99129499","11.1","~11 mo (estimated)","estimated","2027-06-26","","ELEVATED — under 12 months","","","","2026-07-24T12:34:14Z","","","","","",""
"ARQT","0001787306","Arcutis","PhaseReadout","2027-06-30","month","Roflumilast Foam","Seborrheic Dermatitis","clinicaltrials","https://clinicaltrials.gov/study/NCT07683806","PHASE3 | Efficacy and Safety of Roflumilast Foam 0.3% in Trial Participants With Seborrheic Dermati | primary completion 2027-06-30","0.45","True","2026-07-24T11:49:20Z","","","","clinicaltrials","https://clinicaltrials.gov/study/NCT07683806","readout","3418518390","27.33","31.77","13.695","75.4","1031411.0","224000000","","","","","","","","","","2026-07-24T12:34:14Z","","","","","",""
"IMMP","0001506184","IMMUTEP Ltd","PhaseReadout","2027-06-01","month","eftilagimod alfa","Advanced/Metastatic Non-Small Cell Lung Cancer (NSCLC)","clinicaltrials","https://clinicaltrials.gov/study/NCT06726265","PHASE3 | Study of Eftilagimod Alfa (Efti) in Combination With Pembrolizumab and Chemotherapy Versus | primary completion 2027-06","0.45","True","2026-07-24T11:50:47Z","","","","clinicaltrials","https://clinicaltrials.gov/study/NCT06726265","readout","57828773","0.3924","3.53","0.29","3.2","311979.0","99129499","11.1","~11 mo (estimated)","estimated","2027-06-26","","ELEVATED — under 12 months","","","","2026-07-24T12:34:14Z","","","","","",""
"TLSA","0001723069","Tiziana Life Sciences Ltd","PhaseReadout","2027-04-01","month","Foralumab Nasal","Multiple System Atrophy","clinicaltrials","https://clinicaltrials.gov/study/NCT06868628","PHASE2 | A Phase 2a Study of Foralumab Nasal in Patients With Multiple System Atrophy (MSA) | primary completion 2027-04-01","0.45","True","2026-07-24T11:52:36Z","","","","clinicaltrials","https://clinicaltrials.gov/study/NCT06868628","readout","64902156","1.02","2.6","0.9099","6.5","489910.0","4010000","3.4","~3 mo (estimated)","estimated","2026-11-04","","ELEVATED — under 12 months","","","","2026-07-24T12:34:14Z","","","","","",""
"ALMS","0001847367","ALUMIS INC.","PhaseReadout","2026-12-01","month","Envudeucitinib","Plaque Psoriasis","clinicaltrials","https://clinicaltrials.gov/study/NCT05739435","PHASE2 | Open-Label Extension Study to Evaluate the Long Term Safety and Efficacy of ESK-001 in Pla | primary completion 2026-12-01","0.45","True","2026-07-24T11:49:11Z","","","","clinicaltrials","https://clinicaltrials.gov/study/NCT05739435","readout","3493127638","28.3","31.35","3.75","88.9","649985.0","522943000","16.7","into 2027","company-guided","2027-12-15","https://www.sec.gov/Archives/edgar/data/1847367/000110465925086612/tm2525079d1_ex99-1.htm","","","","","2026-07-24T12:34:14Z","","","","","",""
"LEGN","0001801198","Legend Biotech Corp","PhaseReadout","2026-09-01","month","LCAR-B38M CAR-T Cell","Relapsed B-cell Non-Hodgkin Lymphoma","clinicaltrials","https://clinicaltrials.gov/study/NCT06313957","PHASE1 | A Study of LUCAR-20SP in Subjects With Relapsed/Refractory B-cell Non-Hodgkin Lymphoma | primary completion 2026-09","0.45","True","2026-07-24T11:51:11Z","","","","clinicaltrials","https://clinicaltrials.gov/study/NCT06313957","readout","4351713120","23.53","44.17","16.24","26.1","943580.0","834625899","57.2","~57 mo (estimated)","estimated","2031-04-27","","","","","","2026-07-24T12:34:14Z","","","","","",""
"LEGN","0001801198","Legend Biotech Corp","PhaseReadout","2027-06-30","month","LCAR-B38M CAR-T Cell","Relapsed/Refractory B-cell Malignancies","clinicaltrials","https://clinicaltrials.gov/study/NCT07002112","PHASE1 | The CD19/CD20 Dual-Target in Vivo CAR-T Lentiviral Product in the Treatment of Relapsed/Re | primary completion 2027-06-30","0.45","True","2026-07-24T11:51:11Z","","","","clinicaltrials","https://clinicaltrials.gov/study/NCT07002112","readout","4351713120","23.53","44.17","16.24","26.1","943580.0","834625899","57.2","~57 mo (estimated)","estimated","2031-04-27","","","","","","2026-07-24T12:34:14Z","","","","","",""
"LEGN","0001801198","Legend Biotech Corp","PhaseReadout","2027-12-01","month","LCAR-B38M CAR-T Cell","Gastric Cancer","clinicaltrials","https://clinicaltrials.gov/study/NCT05539430","PHASE1 | Claudin 18.2-Targeted Chimeric Antigen Receptor T-cells in Subjects With Unresectable, Loc | primary completion 2027-12","0.45","True","2026-07-24T11:51:11Z","","","","clinicaltrials","https://clinicaltrials.gov/study/NCT05539430;https://clinicaltrials.gov/study/NCT05680922","readout","4351713120","23.53","44.17","16.24","26.1","943580.0","834625899","57.2","~57 mo (estimated)","estimated","2031-04-27","","","","","","2026-07-24T12:34:14Z","","","","","",""
"BCAX","0002023658","Bicara Therapeutics Inc.","PhaseReadout","2026-12-31","month","Ficerafusp alfa","Head and Neck Squamous Cell Carcinoma","clinicaltrials","https://clinicaltrials.gov/study/NCT04429542","PHASE1 | Study of Safety and Tolerability of BCA101 Monotherapy and in Combination Therapy in Patie | primary completion 2026-12-31","0.45","True","2026-07-24T11:49:31Z","","","","clinicaltrials","https://clinicaltrials.gov/study/NCT04429542","readout","1519035507","27.73","30.99","9.57","84.8","357448.0","539753000","55.7","into 1H 2029","company-guided","2029-06-15","https://www.sec.gov/Archives/edgar/data/2023658/000162828026033135/pressrelease-q12026.htm","","","","","2026-07-24T12:34:14Z","","","","","",""
"APRE","0001781983","Aprea Therapeutics, Inc.","PhaseReadout","2027-06-01","month","APR-246 + azacitidine","Advanced Solid Tumor","clinicaltrials","https://clinicaltrials.gov/study/NCT06260514","PHASE1 | Study of APR-1051 in Patients With Advanced Solid Tumors | primary completion 2027-06","0.45","True","2026-07-24T11:49:18Z","","","","clinicaltrials","https://clinicaltrials.gov/study/NCT06260514","readout","4098043","0.631","1.999","0.548","5.7","30590.0","46466202","45.6","~46 mo (estimated)","estimated","2030-05-10","","","","","","2026-07-24T12:34:14Z","","","","","",""
"LXRX","0001062822","LEXICON PHARMACEUTICALS, INC.","PhaseReadout","2028-01-01","month","Sotagliflozin","Type 1 Diabetes","clinicaltrials","https://clinicaltrials.gov/study/NCT05696366","PHASE2 | Combination Adjunctive Therapy to Address Multiple Metabolic Imbalances in Type 1 Diabetes | primary completion 2028-01","0.45","True","2026-07-24T11:51:17Z","","","","clinicaltrials","https://clinicaltrials.gov/study/NCT05696366","readout","1021650800","2.3","2.68","1.0","77.4","2707000.0","170658000","52.8","~53 mo (estimated)","estimated","2030-12-15","","","","","","2026-07-24T12:34:14Z","","","","","",""
"MBX","0001776111","MBX Biosciences, Inc.","PhaseReadout","2028-01-01","month","Canvuparatide","Hypoparathyroidism","clinicaltrials","https://clinicaltrials.gov/study/NCT07699471","PHASE3 | A Study to Investigate Canvuparatide Compared With Placebo in Adult Patients With Hypopara | primary completion 2028-01","0.45","True","2026-07-24T11:51:19Z","","","","clinicaltrials","https://clinicaltrials.gov/study/NCT07699471","readout","2135515211","63.57","66.55","9.63","94.8","537679.0","439977000","68.1","into 2029","company-guided","2029-12-15","https://www.sec.gov/Archives/edgar/data/1776111/000119312526210825/mbx-ex99_1.htm","","new","new","","2026-07-24T12:34:14Z","","","","","",""
"VTVT","0001641489","vTv Therapeutics Inc.","PhaseReadout","2027-04-01","month","Cadisegliatin","Type 1 Diabetes (T1D)","clinicaltrials","https://clinicaltrials.gov/study/NCT07616206","PHASE2 | Cadisegliatin as Adjunctive Therapy to Insulin in Participants With Type 1 Diabetes Who Ar | primary completion 2027-04","0.45","True","2026-07-24T11:52:51Z","","","","clinicaltrials","https://clinicaltrials.gov/study/NCT07616206","readout","82861027","31.66","44.0","14.0","58.9","156640.0","98086000","113.0","~113 mo (estimated)","estimated","2035-12-19","","","","","","2026-07-24T12:34:14Z","","","","","",""
"CLDX","0000744218","Celldex Therapeutics, Inc.","PhaseReadout","2027-04-15","month","Barzolvolimab","Malignant Epithelial Neoplasms","clinicaltrials","https://clinicaltrials.gov/study/NCT05349890","PHASE1 | Personalized TCR-T: Study of Adoptively Transferred T-cell Receptor Gene-engineered T Cell | primary completion 2027-04-15","0.45","True","2026-07-24T11:49:54Z","","","","clinicaltrials","https://clinicaltrials.gov/study/NCT05349890","readout","2356792289","35.42","40.3","19.72","76.3","856467.0","451458000","24.4","~12+ months (company-stated, non-specific)","company-guided","","https://www.sec.gov/Archives/edgar/data/744218/000110465926019652/cldx-20251231x10k.htm","","","","","2026-07-24T12:34:14Z","","","","","",""
"VTVT","0001641489","vTv Therapeutics Inc.","PhaseReadout","2026-09-01","month","Cadisegliatin","Diabetes Mellitus, Type 1","clinicaltrials","https://clinicaltrials.gov/study/NCT06334133","PHASE3 | Cadisegliatin as Adjunctive Therapy to Insulin in Participants With Type 1 Diabetes | primary completion 2026-09","0.45","True","2026-07-24T11:52:51Z","","","","clinicaltrials","https://clinicaltrials.gov/study/NCT06334133","readout","82861027","31.66","44.0","14.0","58.9","156640.0","98086000","113.0","~113 mo (estimated)","estimated","2035-12-19","","","","","","2026-07-24T12:34:14Z","","","","","",""
"MBX","0001776111","MBX Biosciences, Inc.","PhaseReadout","2026-10-30","month","Canvuparatide","Obesity","clinicaltrials","https://clinicaltrials.gov/study/NCT07142707","PHASE1 | A Study to Evaluate the Safety, Tolerability, Pharmacokinetics, and Pharmacodynamics of MB | primary completion 2026-10-30","0.45","True","2026-07-24T11:51:19Z","","","","clinicaltrials","https://clinicaltrials.gov/study/NCT07142707","readout","2135515211","63.57","66.55","9.63","94.8","537679.0","439977000","68.1","into 2029","company-guided","2029-12-15","https://www.sec.gov/Archives/edgar/data/1776111/000119312526210825/mbx-ex99_1.htm","","","","","2026-07-24T12:34:14Z","","","","","",""
"PHVS","0001830487","Pharvaris N.V.","PhaseReadout","2026-08-01","month","deucrictibant","Hereditary Angioedema (HAE)","clinicaltrials","https://clinicaltrials.gov/study/NCT06669754","PHASE3 | Study of Oral Deucrictibant Extended-Release Tablet for Prophylaxis Against Angioedema Att | primary completion 2026-08","0.45","True","2026-07-24T11:51:57Z","","","","clinicaltrials","https://clinicaltrials.gov/study/NCT06669754","readout","2324199687","33.26","36.6","19.12","80.9","366231.0","246957998","20.0","~20 mo (estimated)","estimated","2028-03-23","","","","","","2026-07-24T12:34:14Z","","","","","",""
"MBX","0001776111","MBX Biosciences, Inc.","PhaseReadout","2027-05-27","month","Canvuparatide","Hypoparathyroidism","clinicaltrials","https://clinicaltrials.gov/study/NCT06531941","PHASE2 | Extension Study to Evaluate the Long-Term Safety and Tolerability of MBX 2109 in Patients  | primary completion 2027-05-27","0.45","True","2026-07-24T11:51:19Z","","","","clinicaltrials","https://clinicaltrials.gov/study/NCT06531941","readout","2135515211","63.57","66.55","9.63","94.8","537679.0","439977000","68.1","into 2029","company-guided","2029-12-15","https://www.sec.gov/Archives/edgar/data/1776111/000119312526210825/mbx-ex99_1.htm","","","","","2026-07-24T12:34:14Z","","","","","",""
"ORIC","0001796280","Oric Pharmaceuticals, Inc.","PhaseReadout","2026-12-01","month","Rinzimetostat","Solid Tumors","clinicaltrials","https://clinicaltrials.gov/study/NCT06816992","PHASE1 | ORIC-114 in Combination With Subcutaneous Amivantamab in Patients With EGFR Exon20 Inserti | primary completion 2026-12","0.45","True","2026-07-24T11:51:48Z","","","","clinicaltrials","https://clinicaltrials.gov/study/NCT06816992","readout","1127306250","10.89","14.93","7.23","47.5","2168815.0","281932000","30.5","~12+ months (company-stated, non-specific)","company-guided","","https://www.sec.gov/Archives/edgar/data/1796280/000119312526204047/oric-20260331.htm","","","","","2026-07-24T12:34:14Z","","","","","",""
"RCUS","0001724521","Arcus Biosciences, Inc.","PhaseReadout","2026-12-01","month","Quemliclustat","Borderline Resectable Pancreatic Adenocarcinoma","clinicaltrials","https://clinicaltrials.gov/study/NCT05688215","PHASE2 | Zimberelimab and Quemliclustat in Combination With Chemotherapy for the Treatment of Patie | primary completion 2026-12-01","0.45","True","2026-07-24T11:52:09Z","","","","clinicaltrials","https://clinicaltrials.gov/study/NCT05024097;https://clinicaltrials.gov/study/NCT05688215;https://clinicaltrials.gov/study/NCT05915442","readout","2992952992","29.73","31.735","8.84","91.2","1217569.0","822000000","20.2","~20 mo (estimated)","estimated","2028-03-29","","","","","","2026-07-24T12:34:14Z","","","","","",""
"CLDX","0000744218","Celldex Therapeutics, Inc.","PhaseReadout","2027-03-31","month","Barzolvolimab","Glioblastoma","clinicaltrials","https://clinicaltrials.gov/study/NCT03688178","PHASE2 | DC Migration Study to Evaluate TReg Depletion In GBM Patients With and Without Varlilumab | primary completion 2027-03-31","0.45","True","2026-07-24T11:49:54Z","","","","clinicaltrials","https://clinicaltrials.gov/study/NCT03688178","readout","2356792289","35.42","40.3","19.72","76.3","856467.0","451458000","24.4","~12+ months (company-stated, non-specific)","company-guided","","https://www.sec.gov/Archives/edgar/data/744218/000110465926019652/cldx-20251231x10k.htm","","","","","2026-07-24T12:34:14Z","","","","","",""
"ORIC","0001796280","Oric Pharmaceuticals, Inc.","PhaseReadout","2027-06-01","month","Rinzimetostat","Metastatic Prostate Cancer","clinicaltrials","https://clinicaltrials.gov/study/NCT05413421","PHASE1 | Study of ORIC-944 in Patients With Metastatic Prostate Cancer | primary completion 2027-06","0.45","True","2026-07-24T11:51:48Z","","","","clinicaltrials","https://clinicaltrials.gov/study/NCT05413421","readout","1127306250","10.89","14.93","7.23","47.5","2168815.0","281932000","30.5","~12+ months (company-stated, non-specific)","company-guided","","https://www.sec.gov/Archives/edgar/data/1796280/000119312526204047/oric-20260331.htm","","","","","2026-07-24T12:34:14Z","","","","","",""
"PHVS","0001830487","Pharvaris N.V.","PhaseReadout","2027-06-01","month","deucrictibant","Hereditary Angioedema","clinicaltrials","https://clinicaltrials.gov/study/NCT05396105","PHASE3 | Extension Study of Oral PHA-022121 for Acute Treatment of Angioedema Attacks in Patients W | primary completion 2027-06","0.45","True","2026-07-24T11:51:57Z","","","","clinicaltrials","https://clinicaltrials.gov/study/NCT05396105;https://clinicaltrials.gov/study/NCT07266805","readout","2324199687","33.26","36.6","19.12","80.9","366231.0","246957998","20.0","~20 mo (estimated)","estimated","2028-03-23","","","","","","2026-07-24T12:34:14Z","","","","","",""
"SPRY","0001671858","ARS Pharmaceuticals, Inc.","PhaseReadout","2027-06-01","month","0.5 mg epinephrine","Urticaria Chronic","clinicaltrials","https://clinicaltrials.gov/study/NCT06927999","PHASE2 | An Outpatient Study of the Efficacy of ARS-2 in Patients With Chronic Spontaneous Urticari | primary completion 2027-06","0.45","True","2026-07-24T11:52:26Z","","","","clinicaltrials","https://clinicaltrials.gov/study/NCT06927999","readout","595819572","6.0","18.63","5.765","1.8","2659943.0","200969000","13.8","~14 mo (estimated)","estimated","2027-09-16","","","new","new","","2026-07-24T12:34:14Z","","","","","",""
"MRK","0000310158","Merck","PhaseReadout","2026-10-31","month","Pembrolizumab","Cervix Cancer","clinicaltrials","https://clinicaltrials.gov/study/NCT06266338","PHASE2 | Study of Pembrolizumab and Lenvatinib in Metastatic and Recurrent Cervix Cancer (LenPem Ce | primary completion 2026-10-31","0.45","True","2026-07-24T11:51:27Z","","","","clinicaltrials","https://clinicaltrials.gov/study/NCT06266338","readout","322212717200","130.46","131.74","76.66","97.7","5980266.0","5702000000","","","","","","","new","new","","2026-07-24T12:34:14Z","","","","","",""
"MRK","0000310158","Merck","PhaseReadout","2026-12-01","month","Pembrolizumab","Solid Tumor","clinicaltrials","https://clinicaltrials.gov/study/NCT05784688","PHASE2 | Study of TU2218 in Combination With KEYTRUDA®(Pembrolizumab) in Patients With Advanced Sol | primary completion 2026-12","0.45","True","2026-07-24T11:51:27Z","","","","clinicaltrials","https://clinicaltrials.gov/study/NCT05784688","readout","322212717200","130.46","131.74","76.66","97.7","5980266.0","5702000000","","","","","","","","","","2026-07-24T12:34:14Z","","","","","",""
"CLDX","0000744218","Celldex Therapeutics, Inc.","PhaseReadout","2027-03-01","month","Barzolvolimab","Mild to Moderate Asthma","clinicaltrials","https://clinicaltrials.gov/study/NCT07330778","PHASE1 | A Study of CDX-622 in Participants With Mild to Moderate Asthma | primary completion 2027-03","0.45","True","2026-07-24T11:49:54Z","","","","clinicaltrials","https://clinicaltrials.gov/study/NCT07330778","readout","2356792289","35.42","40.3","19.72","76.3","856467.0","451458000","24.4","~12+ months (company-stated, non-specific)","company-guided","","https://www.sec.gov/Archives/edgar/data/744218/000110465926019652/cldx-20251231x10k.htm","","","","","2026-07-24T12:34:14Z","","","","","",""
"LXRX","0001062822","LEXICON PHARMACEUTICALS, INC.","PhaseReadout","2027-10-31","month","Sotagliflozin","Type 1 Diabetes","clinicaltrials","https://clinicaltrials.gov/study/NCT06435156","PHASE2 | Sotagliflozin in Patients With Heart Failure Symptoms and Type 1 Diabetes | primary completion 2027-10-31","0.45","True","2026-07-24T11:51:17Z","","","","clinicaltrials","https://clinicaltrials.gov/study/NCT06435156","readout","1021650800","2.3","2.68","1.0","77.4","2707000.0","170658000","52.8","~53 mo (estimated)","estimated","2030-12-15","","","","","","2026-07-24T12:34:14Z","","","","","",""
"ORIC","0001796280","Oric Pharmaceuticals, Inc.","PhaseReadout","2026-09-01","month","Rinzimetostat","Solid Tumors","clinicaltrials","https://clinicaltrials.gov/study/NCT05315700","PHASE2 | Study of ORIC-114 in Patients With Advanced Solid Tumors Harboring an EGFR or HER2 Alterat | primary completion 2026-09","0.45","True","2026-07-24T11:51:48Z","","","","clinicaltrials","https://clinicaltrials.gov/study/NCT05315700","readout","1127306250","10.89","14.93","7.23","47.5","2168815.0","281932000","30.5","~12+ months (company-stated, non-specific)","company-guided","","https://www.sec.gov/Archives/edgar/data/1796280/000119312526204047/oric-20260331.htm","","","","","2026-07-24T12:34:14Z","","","","","",""
"RYTM","0001649904","RHYTHM PHARMACEUTICALS, INC.","PhaseReadout","2027-11-01","month","Setmelanotide","Hypothalamic Obesity","clinicaltrials","https://clinicaltrials.gov/study/NCT06239116","PHASE2 | A Study of RM-718 in Healthy Subjects and Patients With MC4R Pathway Impairment | primary completion 2027-11-01","0.45","True","2026-07-24T11:52:15Z","","","","clinicaltrials","https://clinicaltrials.gov/study/NCT06239116","readout","7041816307","102.66","122.2","74.5","59.0","470589.0","340625000","34.2","~34 mo (estimated)","estimated","2029-05-28","","","","","","2026-07-24T12:34:14Z","","","","","",""
"RYTM","0001649904","RHYTHM PHARMACEUTICALS, INC.","PhaseReadout","2026-10-31","month","Setmelanotide","Prader-Willi Syndrome","clinicaltrials","https://clinicaltrials.gov/study/NCT06772597","PHASE2 | A Study of Setmelanotide in Patients With Prader-Willi Syndrome | primary completion 2026-10-31","0.45","True","2026-07-24T11:52:15Z","","","","clinicaltrials","https://clinicaltrials.gov/study/NCT06772597","readout","7041816307","102.66","122.2","74.5","59.0","470589.0","340625000","34.2","~34 mo (estimated)","estimated","2029-05-28","","","","","","2026-07-24T12:34:14Z","","","","","",""
"MRK","0000310158","Merck","PhaseReadout","2027-10-28","month","Pembrolizumab","Small Cell Lung Cancer","clinicaltrials","https://clinicaltrials.gov/study/NCT04624204","PHASE3 | Placebo-controlled, Study of Concurrent Chemoradiation Therapy With Pembrolizumab Followed | primary completion 2027-10-28","0.45","True","2026-07-24T11:51:27Z","","","","clinicaltrials","https://clinicaltrials.gov/study/NCT04624204","readout","322212717200","130.46","131.74","76.66","97.7","5980266.0","5702000000","","","","","","","new","new","","2026-07-24T12:34:14Z","","","","","",""
"CLDX","0000744218","Celldex Therapeutics, Inc.","PhaseReadout","2027-12-31","month","Barzolvolimab","Melanoma","clinicaltrials","https://clinicaltrials.gov/study/NCT04930783","PHASE1 | NeoVax + CDX-301 and Nivolumab or Pembrolizumab in Melanoma | primary completion 2027-12-31","0.45","True","2026-07-24T11:49:54Z","","","","clinicaltrials","https://clinicaltrials.gov/study/NCT04930783","readout","2356792289","35.42","40.3","19.72","76.3","856467.0","451458000","24.4","~12+ months (company-stated, non-specific)","company-guided","","https://www.sec.gov/Archives/edgar/data/744218/000110465926019652/cldx-20251231x10k.htm","","","","","2026-07-24T12:34:14Z","","","","","",""
"CLDX","0000744218","Celldex Therapeutics, Inc.","PhaseReadout","2026-10-01","month","Barzolvolimab","Chronic Spontaneous Urticaria","clinicaltrials","https://clinicaltrials.gov/study/NCT06455202","PHASE3 | A Phase 3 Study of Barzolvolimab in Participants With Chronic Spontaneous Urticaria (CSU) | primary completion 2026-10","0.45","True","2026-07-24T11:49:54Z","","","","clinicaltrials","https://clinicaltrials.gov/study/NCT06445023;https://clinicaltrials.gov/study/NCT06455202","readout","2356792289","35.42","40.3","19.72","76.3","856467.0","451458000","24.4","~12+ months (company-stated, non-specific)","company-guided","","https://www.sec.gov/Archives/edgar/data/744218/000110465926019652/cldx-20251231x10k.htm","","","","","2026-07-24T12:34:14Z","","","","","",""
"RYTM","0001649904","RHYTHM PHARMACEUTICALS, INC.","PhaseReadout","2027-03-13","month","Setmelanotide","Hypothalamic Obesity","clinicaltrials","https://clinicaltrials.gov/study/NCT06760546","PHASE3 | A Trial of Setmelanotide in Patients With Congenital Hypothalamic Obesity (Sub-study of NC | primary completion 2027-03-13","0.45","True","2026-07-24T11:52:15Z","","","","clinicaltrials","https://clinicaltrials.gov/study/NCT06760546","readout","7041816307","102.66","122.2","74.5","59.0","470589.0","340625000","34.2","~34 mo (estimated)","estimated","2029-05-28","","","","","","2026-07-24T12:34:14Z","","","","","",""
"GPCR","0001888886","Structure Therapeutics Inc.","PhaseReadout","2026-09-01","month","Aleniglipron","Obese","clinicaltrials","https://clinicaltrials.gov/study/NCT07400588","PHASE2 | Aleniglipron Phase 2 in Type 2 Diabetes Mellitus | primary completion 2026-09","0.45","True","2026-07-24T11:50:37Z","","","","clinicaltrials","https://clinicaltrials.gov/study/NCT07400588","readout","2924386633","50.8","94.9","15.8","44.2","665106.0","1458504000","113.1","~113 mo (estimated)","estimated","2035-12-22","","","","","","2026-07-24T12:34:14Z","","","","","",""
"REGN","0000872589","Regeneron","PhaseReadout","2027-01-02","month","Odronextamab","Follicular Lymphoma","clinicaltrials","https://clinicaltrials.gov/study/NCT07128641","PHASE2 | Odronextamab in Low Tumor Volume Advanced FL | primary completion 2027-01-02","0.45","True","2026-07-24T11:52:10Z","","","","clinicaltrials","https://clinicaltrials.gov/study/NCT07128641","readout","67161072020","651.91","821.11","541.0","39.6","1129331.0","8753700000","","","","","","","new","new","","2026-07-24T12:34:14Z","","","","","",""
"SVRA","0001160308","Savara","PhaseReadout","2027-06-01","month","Molgramostim","Autoimmune Pulmonary Alveolar Proteinosis","clinicaltrials","https://clinicaltrials.gov/study/NCT06431776","PHASE3 | Inhaled Molgramostim in Pediatric Participants With Autoimmune Pulmonary Alveolar Proteino | primary completion 2027-06","0.45","True","2026-07-24T11:52:28Z","","","","clinicaltrials","https://clinicaltrials.gov/study/NCT06431776","readout","1178330250","5.75","7.005","2.43","72.6","1621998.0","202772000","22.8","~23 mo (estimated)","estimated","2028-06-16","","","","","","2026-07-24T12:34:14Z","","","","","",""
"VSTM","0001526119","Verastem, Inc.","PhaseReadout","2026-08-31","month","avutometinib","KRAS Activating Mutation","clinicaltrials","https://clinicaltrials.gov/study/NCT05669482","PHASE2 | Study of Avutometinib (VS-6766) +Defactinib With Gemcitabine and Nab-paclitaxel in Patient | primary completion 2026-08-31","0.45","True","2026-07-24T11:52:49Z","","","","clinicaltrials","https://clinicaltrials.gov/study/NCT05669482","readout","428359908","6.18","11.25","3.43","35.2","2191375.0","181678000","14.4","~14 mo (estimated)","estimated","2027-10-04","","","","","","2026-07-24T12:34:14Z","","","","","",""
"ANNX","0001528115","Annexon, Inc.","PhaseReadout","2026-12-31","month","Tanruprubart","Guillain-Barre Syndrome","clinicaltrials","https://clinicaltrials.gov/study/NCT07020819","PHASE3 | An Open Label Clinical Study to Evaluate Tanruprubart (Also Commonly Known as ANX005) in P | primary completion 2026-12-31","0.45","True","2026-07-24T11:49:15Z","","","","clinicaltrials","https://clinicaltrials.gov/study/NCT07020819","readout","633853770","5.3","7.18","2.03","63.5","2192848.0","225025000","14.7","into 2H 2027","company-guided","2027-12-15","https://www.sec.gov/Archives/edgar/data/1528115/000119312526211863/annx-ex99_1.htm","","","","","2026-07-24T12:34:14Z","","","","","",""
"VSTM","0001526119","Verastem, Inc.","PhaseReadout","2027-06-01","month","avutometinib","Pancreatic Ductal Adenocarcinoma (PDAC)","clinicaltrials","https://clinicaltrials.gov/study/NCT07644559","PHASE2 | A Phase 2 Study of VS-7375 in Patients With KRAS G12D-Mutated Pancreatic Cancer | primary completion 2027-06","0.45","True","2026-07-24T11:52:49Z","","","","clinicaltrials","https://clinicaltrials.gov/study/NCT07644559;https://clinicaltrials.gov/study/NCT07659782;https://clinicaltrials.gov/study/NCT07659795","readout","428359908","6.18","11.25","3.43","35.2","2191375.0","181678000","14.4","~14 mo (estimated)","estimated","2027-10-04","","","","","","2026-07-24T12:34:14Z","","","","","",""
"EXEL","0000939767","EXELIXIS, INC.","PhaseReadout","2026-09-01","month","Cabozantinib","RCC","clinicaltrials","https://clinicaltrials.gov/study/NCT05931393","PHASE2 | Sequential Treatment of Cabozantinib for Advanced Renal Cell Carcinoma (RCC) | primary completion 2026-09-01","0.45","True","2026-07-24T11:50:25Z","","","","clinicaltrials","https://clinicaltrials.gov/study/NCT05931393","readout","13987910369","55.65","57.57","33.76","91.9","1659532.0","777207000","","","","","","","","","","2026-07-24T12:34:14Z","","","","","",""
"AGEN","0001098972","AGENUS INC","PhaseReadout","2026-08-04","month","Botensilimab","Advanced Pancreatic Ductal Adenocarcinoma","clinicaltrials","https://clinicaltrials.gov/study/NCT05632328","PHASE2 | AGEN1423 and Botensilimab w/ or w/o Chemo in PDAC | primary completion 2026-08-04","0.45","True","2026-07-24T11:49:07Z","","","","clinicaltrials","https://clinicaltrials.gov/study/NCT05632328","readout","257766456","6.19","8.7","2.71","58.1","2320002.0","34996000","4.8","~5 mo (estimated)","estimated","2026-12-16","","ELEVATED — under 12 months","","","","2026-07-24T12:34:14Z","","","","","",""
"NVCR","0001645113","NovoCure Ltd","PhaseReadout","2027-02-17","month","Temozolomide","Spinal Metastasis","clinicaltrials","https://clinicaltrials.gov/study/NCT06906900","PHASE1 | A Phase I Study of the NovoTTF-200M and Novo TTF-200A Systems for the Treatment of Refract | primary completion 2027-02-17","0.45","True","2026-07-24T11:51:39Z","","","","clinicaltrials","https://clinicaltrials.gov/study/NCT06906900","readout","2315260591","19.99","20.55","9.82","94.8","8941401.0","440559000","","","","","","","","","","2026-07-24T12:34:14Z","","","","","",""
"IDYA","0001676725","IDEAYA Biosciences, Inc.","PhaseReadout","2027-01-15","month","Darovasertib","Metastatic Uveal Melanoma","clinicaltrials","https://clinicaltrials.gov/study/NCT05987332","PHASE3 | IDE196 (Darovasertib) in Combination With Crizotinib as First-line Therapy in Metastatic U | primary completion 2027-01-15","0.45","True","2026-07-24T11:50:46Z","","","","clinicaltrials","https://clinicaltrials.gov/study/NCT05987332","readout","3444860713","36.23","40.58","22.09","76.5","847692.0","671201000","93.7","into 2030","company-guided","2030-12-15","https://www.sec.gov/Archives/edgar/data/1676725/000119312526052741/idya-ex99_1.htm","","","","","2026-07-24T12:34:14Z","","","","","",""
"ONC","0001651308","BeOne Medicines Ltd.","PhaseReadout","2026-07-31","month","Tislelizumab","Gastric Neoplasms","clinicaltrials","https://clinicaltrials.gov/study/NCT05152147","PHASE3 | A Study of Zanidatamab in Combination With Chemotherapy Plus or Minus Tislelizumab in Pati | primary completion 2026-07-31","0.45","True","2026-07-24T11:51:47Z","","","","clinicaltrials","https://clinicaltrials.gov/study/NCT05152147","readout","34918142895","326.77","385.22","253.948","55.5","546433.0","4791676000","","","","","","","","","","2026-07-24T12:34:14Z","","","","","",""
"RCUS","0001724521","Arcus Biosciences, Inc.","PhaseReadout","2026-08-01","month","Domvanalimab","Advanced Upper Gastrointestinal Tract Adenocarcinoma","clinicaltrials","https://clinicaltrials.gov/study/NCT05568095","PHASE3 | A Clinical Trial of a New Combination Treatment, Domvanalimab and Zimberelimab, Plus Chemo | primary completion 2026-08","0.45","True","2026-07-24T11:52:09Z","","","","clinicaltrials","https://clinicaltrials.gov/study/NCT05568095;https://clinicaltrials.gov/study/NCT06727565","readout","2992952992","29.73","31.735","8.84","91.2","1217569.0","822000000","20.2","~20 mo (estimated)","estimated","2028-03-29","","","new","new","","2026-07-24T12:34:14Z","","","","","",""
"ONC","0001651308","BeOne Medicines Ltd.","PhaseReadout","2027-03-01","month","Zanubrutinib","Mantle Cell Lymphoma; Non-Hodgkin Lymphoma","clinicaltrials","https://clinicaltrials.gov/study/NCT04002297","PHASE3 | A Study to Investigate the Efficacy of Zanubrutinib Plus Rituximab Compared With Bendamust | primary completion 2027-03","0.45","True","2026-07-24T11:51:47Z","","","","clinicaltrials","https://clinicaltrials.gov/study/NCT04002297","readout","34918142895","326.77","385.22","253.948","55.5","546433.0","4791676000","","","","","","","","","","2026-07-24T12:34:14Z","","","","","",""
"CRVS","0001626971","Corvus Pharmaceuticals, Inc.","PhaseReadout","2027-06-01","month","Soquelitinib","Atopic Dermatitis","clinicaltrials","https://clinicaltrials.gov/study/NCT07441395","PHASE2 | Study to Evaluate Soquelitinib in Participants With Moderate to Severe AD | primary completion 2027-06","0.45","True","2026-07-24T11:50:09Z","","","","clinicaltrials","https://clinicaltrials.gov/study/NCT07441395","readout","1150356672","13.68","26.95","3.96","42.3","999372.0","236714000","81.4","into Q2 2028","company-guided","2028-06-15","https://www.sec.gov/Archives/edgar/data/1626971/000110465926057100/crvs-20260331x10q.htm","","","","","2026-07-24T12:34:14Z","","","","","",""
"AXSM","0001579428","Axsome Therapeutics, Inc.","PhaseReadout","2026-12-01","month","Solriamfetol","Excessive Sleepiness","clinicaltrials","https://clinicaltrials.gov/study/NCT06568367","PHASE3 | Studying Solriamfetol Modulation of TAAR-1, Dopamine, and Norepinephrine in Shift Work Dis | primary completion 2026-12","0.45","True","2026-07-24T11:49:27Z","","","","clinicaltrials","https://clinicaltrials.gov/study/NCT06170970;https://clinicaltrials.gov/study/NCT06568367;https://clinicaltrials.gov/study/NCT06878976","readout","12429077282","241.53","260.19","96.09","88.6","500337.0","305106000","51.8","~52 mo (estimated)","estimated","2030-11-14","","","","","","2026-07-24T12:34:14Z","","","","","",""
"CORT","0001088856","CORCEPT THERAPEUTICS INC","PhaseReadout","2026-09-01","month","Relacorilant","Nonalcoholic Steatohepatitis (NASH)","clinicaltrials","https://clinicaltrials.gov/study/NCT06108219","PHASE2 | A Phase 2b, Study Evaluating Miricorilant in Adult Patients With Nonalcoholic Steatohepati | primary completion 2026-09","0.45","True","2026-07-24T11:50:03Z","","","","clinicaltrials","https://clinicaltrials.gov/study/NCT06108219;https://clinicaltrials.gov/study/NCT07276373","readout","10376644320","96.66","97.05","28.66","99.4","981082.0","338184000","","","","","","","","","","2026-07-24T12:34:14Z","","","","","",""
"OLMA","0001750284","Olema Pharmaceuticals, Inc.","PhaseReadout","2027-05-30","month","Palazestrant","Advanced or Metastatic ER+ HER2- Breast Cancer (mBC)","clinicaltrials","https://clinicaltrials.gov/study/NCT06784193","PHASE1 | Phase 1 Study of OP-3136 in Advanced or Metastatic Solid Tumors | primary completion 2027-05-30","0.45","True","2026-07-24T11:51:45Z","","","","clinicaltrials","https://clinicaltrials.gov/study/NCT06784193","readout","1025459310","11.74","36.259","4.47","22.9","879492.0","505347000","40.8","~41 mo (estimated)","estimated","2029-12-15","","","","","","2026-07-24T12:34:14Z","","","","","",""
"GPCR","0001888886","Structure Therapeutics Inc.","PhaseReadout","2026-08-01","month","Aleniglipron","Obesity, Overweight, or Chronic Weight Management","clinicaltrials","https://clinicaltrials.gov/study/NCT07169942","PHASE2 | Aleniglipron Phase 2 Body Composition Study | primary completion 2026-08","0.45","True","2026-07-24T11:50:37Z","","","","clinicaltrials","https://clinicaltrials.gov/study/NCT07169942","readout","2924386633","50.8","94.9","15.8","44.2","665106.0","1458504000","113.1","~113 mo (estimated)","estimated","2035-12-22","","","","","","2026-07-24T12:34:14Z","","","","","",""
"EXEL","0000939767","EXELIXIS, INC.","PhaseReadout","2027-01-01","month","Cabozantinib","Germ Cell Tumor","clinicaltrials","https://clinicaltrials.gov/study/NCT04876456","PHASE2 | A Phase II Trial of Cabozantinib With Patients With Refractory GCTs | primary completion 2027-01","0.45","True","2026-07-24T11:50:25Z","","","","clinicaltrials","https://clinicaltrials.gov/study/NCT04876456","readout","13987910369","55.65","57.57","33.76","91.9","1659532.0","777207000","","","","","","","","","","2026-07-24T12:34:14Z","","","","","",""
"CORT","0001088856","CORCEPT THERAPEUTICS INC","PhaseReadout","2026-08-01","month","Relacorilant","Ovarian Cancer","clinicaltrials","https://clinicaltrials.gov/study/NCT06906341","PHASE2 | Relacorilant in Combination With Different Treatment Regimens in Patients With Gynecologic | primary completion 2026-08","0.45","True","2026-07-24T11:50:03Z","","","","clinicaltrials","https://clinicaltrials.gov/study/NCT06906341","readout","10376644320","96.66","97.05","28.66","99.4","981082.0","338184000","","","","","","","","","","2026-07-24T12:34:14Z","","","","","",""
"IDYA","0001676725","IDEAYA Biosciences, Inc.","PhaseReadout","2027-04-30","month","Darovasertib","Uveal Melanoma","clinicaltrials","https://clinicaltrials.gov/study/NCT05907954","PHASE2 | (Neo)Adjuvant IDE196 (Darovasertib) in Patients With Localized Ocular Melanoma | primary completion 2027-04-30","0.45","True","2026-07-24T11:50:46Z","","","","clinicaltrials","https://clinicaltrials.gov/study/NCT05907954","readout","3444860713","36.23","40.58","22.09","76.5","847692.0","671201000","93.7","into 2030","company-guided","2030-12-15","https://www.sec.gov/Archives/edgar/data/1676725/000119312526052741/idya-ex99_1.htm","","","","","2026-07-24T12:34:14Z","","","","","",""
"VSTM","0001526119","Verastem, Inc.","PhaseReadout","2027-04-01","month","avutometinib","Low-Grade Serous Ovarian Cancer","clinicaltrials","https://clinicaltrials.gov/study/NCT06394804","PHASE2 | A Study of Avutometinib, Defactinib, and Letrozole in People With Low-Grade Serous Ovarian | primary completion 2027-04","0.45","True","2026-07-24T11:52:49Z","","","","clinicaltrials","https://clinicaltrials.gov/study/NCT06394804","readout","428359908","6.18","11.25","3.43","35.2","2191375.0","181678000","14.4","~14 mo (estimated)","estimated","2027-10-04","","","","","","2026-07-24T12:34:14Z","","","","","",""
"EXEL","0000939767","EXELIXIS, INC.","PhaseReadout","2027-02-01","month","Cabozantinib","Metastatic Soft-tissue Sarcoma","clinicaltrials","https://clinicaltrials.gov/study/NCT04551430","PHASE2 | Cabozantinib Combined With PD-1 and CTLA-4 Inhibition in Metastatic Soft Tissue Sarcoma | primary completion 2027-02-01","0.45","True","2026-07-24T11:50:25Z","","","","clinicaltrials","https://clinicaltrials.gov/study/NCT04551430","readout","13987910369","55.65","57.57","33.76","91.9","1659532.0","777207000","","","","","","","","","","2026-07-24T12:34:14Z","","","","","",""
"NVCR","0001645113","NovoCure Ltd","PhaseReadout","2026-09-01","month","Temozolomide","Anaplastic (Malignant) Meningioma","clinicaltrials","https://clinicaltrials.gov/study/NCT02847559","PHASE2 | Optune Delivered Electric Field Therapy and Bevacizumab in Treating Patients With Recurren | primary completion 2026-09","0.45","True","2026-07-24T11:51:39Z","","","","clinicaltrials","https://clinicaltrials.gov/study/NCT02847559","readout","2315260591","19.99","20.55","9.82","94.8","8941401.0","440559000","","","","","","","","","","2026-07-24T12:34:14Z","","","","","",""
"VSTM","0001526119","Verastem, Inc.","PhaseReadout","2027-03-01","month","avutometinib","Mesonephric Gynecologic Cancer","clinicaltrials","https://clinicaltrials.gov/study/NCT05787561","PHASE2 | A Study of Avutometinib (VS-6766) and Defactinib in People With Mesonephric Gynecologic Ca | primary completion 2027-03","0.45","True","2026-07-24T11:52:49Z","","","","clinicaltrials","https://clinicaltrials.gov/study/NCT05787561","readout","428359908","6.18","11.25","3.43","35.2","2191375.0","181678000","14.4","~14 mo (estimated)","estimated","2027-10-04","","","","","","2026-07-24T12:34:14Z","","","","","",""
"EXEL","0000939767","EXELIXIS, INC.","PhaseReadout","2026-12-01","month","Cabozantinib","Metastatic Renal Cell Carcinoma","clinicaltrials","https://clinicaltrials.gov/study/NCT05263050","PHASE2 | Trial of an Alternative Cabozantinib Dosing Schedule in Metastatic Renal Cell Carcinoma an | primary completion 2026-12","0.45","True","2026-07-24T11:50:25Z","","","","clinicaltrials","https://clinicaltrials.gov/study/NCT05263050;https://clinicaltrials.gov/study/NCT05425004;https://clinicaltrials.gov/study/NCT06568562","readout","13987910369","55.65","57.57","33.76","91.9","1659532.0","777207000","","","","","","","new","new","","2026-07-24T12:34:14Z","","","","","",""
"IONS","0000874015","Ionis","PhaseReadout","2026-12-01","month","Donidalorsen","Hereditary Angioedema","clinicaltrials","https://clinicaltrials.gov/study/NCT05392114","PHASE3 | A Study to Assess the Long-Term Safety and Efficacy of Donidalorsen in the Prophylactic Tr | primary completion 2026-12","0.45","True","2026-07-24T11:50:58Z","","","","clinicaltrials","https://clinicaltrials.gov/study/NCT05392114","readout","9233219004","55.87","86.74","40.03","33.9","3834334.0","1919113000","25.3","~25 mo (estimated)","estimated","2028-08-31","","","","","","2026-07-24T12:34:14Z","","","","","",""
"NVCR","0001645113","NovoCure Ltd","PhaseReadout","2027-10-01","month","Temozolomide","Pancreas Cancer","clinicaltrials","https://clinicaltrials.gov/study/NCT04605913","PHASE2 | Nab-Paclitaxel + Cisplatin + Gemcitabine + TTF in pt. w/ Metastatic PAC | primary completion 2027-10-01","0.45","True","2026-07-24T11:51:39Z","","","","clinicaltrials","https://clinicaltrials.gov/study/NCT04605913","readout","2315260591","19.99","20.55","9.82","94.8","8941401.0","440559000","","","","","","","","","","2026-07-24T12:34:14Z","","","","","",""
"CORT","0001088856","CORCEPT THERAPEUTICS INC","PhaseReadout","2027-10-01","month","Relacorilant","Metastatic Breast Cancer","clinicaltrials","https://clinicaltrials.gov/study/NCT06099769","PHASE2 | A Study of Enzalutamide, Enzalutamide in Combination With Mifepristone, or Chemotherapy in | primary completion 2027-10","0.45","True","2026-07-24T11:50:03Z","","","","clinicaltrials","https://clinicaltrials.gov/study/NCT06099769","readout","10376644320","96.66","97.05","28.66","99.4","981082.0","338184000","","","","","","","","","","2026-07-24T12:34:14Z","","","","","",""
"ONC","0001651308","BeOne Medicines Ltd.","PhaseReadout","2027-10-30","month","Tislelizumab","Metastatic Gastric Adenocarcinoma","clinicaltrials","https://clinicaltrials.gov/study/NCT07043400","PHASE3 | A Study to Investigate Tislelizumab Administered as Subcutaneous Injection Versus Intraven | primary completion 2027-10-30","0.45","True","2026-07-24T11:51:47Z","","","","clinicaltrials","https://clinicaltrials.gov/study/NCT07043400","readout","34918142895","326.77","385.22","253.948","55.5","546433.0","4791676000","","","","","","","new","new","","2026-07-24T12:34:14Z","","","","","",""
"CRVS","0001626971","Corvus Pharmaceuticals, Inc.","PhaseReadout","2027-11-01","month","Soquelitinib","Peripheral T-Cell Lymphoma, Not Otherwise Specified","clinicaltrials","https://clinicaltrials.gov/study/NCT06561048","PHASE3 | Soquelitinib vs Standard of Care in Participants With Relapsed/Refractory Peripheral T-cel | primary completion 2027-11","0.45","True","2026-07-24T11:50:09Z","","","","clinicaltrials","https://clinicaltrials.gov/study/NCT06561048","readout","1150356672","13.68","26.95","3.96","42.3","999372.0","236714000","81.4","into Q2 2028","company-guided","2028-06-15","https://www.sec.gov/Archives/edgar/data/1626971/000110465926057100/crvs-20260331x10q.htm","","","","","2026-07-24T12:34:14Z","","","","","",""
"AGEN","0001098972","AGENUS INC","PhaseReadout","2027-09-01","month","Botensilimab","Metastatic Colorectal Cancer","clinicaltrials","https://clinicaltrials.gov/study/NCT05608044","PHASE2 | A Study of Botensilimab and Balstilimab for the Treatment of Colorectal Cancer | primary completion 2027-09","0.45","True","2026-07-24T11:49:07Z","","","","clinicaltrials","https://clinicaltrials.gov/study/NCT05608044","readout","257766456","6.19","8.7","2.71","58.1","2320002.0","34996000","4.8","~5 mo (estimated)","estimated","2026-12-16","","ELEVATED — under 12 months","","","","2026-07-24T12:34:14Z","","","","","",""
"LLY","0000059478","ELI LILLY & Co","PhaseReadout","2027-09-01","month","Orforglipron","Hypertension","clinicaltrials","https://clinicaltrials.gov/study/NCT06952530","PHASE3 | A Master Protocol Study of Orforglipron (LY3502970) in Participants With Hypertension and  | primary completion 2027-09","0.45","True","2026-07-24T11:51:14Z","","","","clinicaltrials","https://clinicaltrials.gov/study/NCT06952530","readout","1116688225570","1185.77","1249.45","623.78","89.8","1419483.0","5282000000","","","","","","","new","new","","2026-07-24T12:34:14Z","","","","","",""
"CORT","0001088856","CORCEPT THERAPEUTICS INC","PhaseReadout","2026-12-01","month","Relacorilant","Cushing Syndrome","clinicaltrials","https://clinicaltrials.gov/study/NCT03604198","PHASE2 | Extension Study to Evaluate the Safety of Long-Term Use of Relacorilant in Patients With C | primary completion 2026-12","0.45","True","2026-07-24T11:50:03Z","","","","clinicaltrials","https://clinicaltrials.gov/study/NCT03604198","readout","10376644320","96.66","97.05","28.66","99.4","981082.0","338184000","","","","","","","","","","2026-07-24T12:34:14Z","","","","","",""
"EXEL","0000939767","EXELIXIS, INC.","PhaseReadout","2026-10-01","month","Cabozantinib","Hepatocellular Carcinoma","clinicaltrials","https://clinicaltrials.gov/study/NCT04472767","PHASE2 | Cabozantinib Combined With Ipilimumab/Nivolumab and TACE in Patients With Hepatocellular C | primary completion 2026-10-01","0.45","True","2026-07-24T11:50:25Z","","","","clinicaltrials","https://clinicaltrials.gov/study/NCT04472767","readout","13987910369","55.65","57.57","33.76","91.9","1659532.0","777207000","","","","","","","","","","2026-07-24T12:34:14Z","","","","","",""
"CORT","0001088856","CORCEPT THERAPEUTICS INC","PhaseReadout","2027-09-01","month","Relacorilant","Adenocarcinoma","clinicaltrials","https://clinicaltrials.gov/study/NCT07259317","PHASE2 | Relacorilant With Nab-Paclitaxel and Gemcitabine in Patients With Metastatic Pancreatic Ad | primary completion 2027-09","0.45","True","2026-07-24T11:50:03Z","","","","clinicaltrials","https://clinicaltrials.gov/study/NCT07259317","readout","10376644320","96.66","97.05","28.66","99.4","981082.0","338184000","","","","","","","","","","2026-07-24T12:34:14Z","","","","","",""
"LLY","0000059478","ELI LILLY & Co","PhaseReadout","2027-12-01","month","Orforglipron","Obesity","clinicaltrials","https://clinicaltrials.gov/study/NCT06672939","PHASE3 | A Study of Orforglipron (LY3502970) in Adolescent Participants With Obesity, or Overweight | primary completion 2027-12","0.45","True","2026-07-24T11:51:14Z","","","","clinicaltrials","https://clinicaltrials.gov/study/NCT05509777;https://clinicaltrials.gov/study/NCT06672939","readout","1116688225570","1185.77","1249.45","623.78","89.8","1419483.0","5282000000","","","","","","","new","new","","2026-07-24T12:34:14Z","","","","","",""
"ONC","0001651308","BeOne Medicines Ltd.","PhaseReadout","2027-10-01","month","Zanubrutinib","Primary Membranous Nephropathy","clinicaltrials","https://clinicaltrials.gov/study/NCT05707377","PHASE3 | A Study to Examine the Efficacy and Safety of Zanubrutinib Given to Adults With Primary Me | primary completion 2027-10","0.45","True","2026-07-24T11:51:47Z","","","","clinicaltrials","https://clinicaltrials.gov/study/NCT05707377","readout","34918142895","326.77","385.22","253.948","55.5","546433.0","4791676000","","","","","","","","","","2026-07-24T12:34:14Z","","","","","",""
"CORT","0001088856","CORCEPT THERAPEUTICS INC","PhaseReadout","2026-10-01","month","Relacorilant","Amyotrophic Lateral Sclerosis","clinicaltrials","https://clinicaltrials.gov/study/NCT05407324","PHASE2 | Dazucorilant in Patients With Amyotrophic Lateral Sclerosis | primary completion 2026-10","0.45","True","2026-07-24T11:50:03Z","","","","clinicaltrials","https://clinicaltrials.gov/study/NCT05407324","readout","10376644320","96.66","97.05","28.66","99.4","981082.0","338184000","","","","","","","","","","2026-07-24T12:34:14Z","","","","","",""
"NVCR","0001645113","NovoCure Ltd","PhaseReadout","2027-08-29","month","Temozolomide","Pancreatic Adenocarcinoma","clinicaltrials","https://clinicaltrials.gov/study/NCT05624918","PHASE2 | A Study of NovoTTF-200T(P) in Combination With Gemcitabine and Nab-Paclitaxel for Resectab | primary completion 2027-08-29","0.45","True","2026-07-24T11:51:39Z","","","","clinicaltrials","https://clinicaltrials.gov/study/NCT05624918","readout","2315260591","19.99","20.55","9.82","94.8","8941401.0","440559000","","","","","","","","","","2026-07-24T12:34:14Z","","","","","",""
"VSTM","0001526119","Verastem, Inc.","PhaseReadout","2027-08-16","month","avutometinib","Thyroid Cancer","clinicaltrials","https://clinicaltrials.gov/study/NCT06007924","PHASE2 | A Study of Avutometinib and Defactinib in People With Thyroid Cancer | primary completion 2027-08-16","0.45","True","2026-07-24T11:52:49Z","","","","clinicaltrials","https://clinicaltrials.gov/study/NCT06007924","readout","428359908","6.18","11.25","3.43","35.2","2191375.0","181678000","14.4","~14 mo (estimated)","estimated","2027-10-04","","","","","","2026-07-24T12:34:14Z","","","","","",""
"CORT","0001088856","CORCEPT THERAPEUTICS INC","PhaseReadout","2026-09-15","month","Relacorilant","Treatment-resistant PTSD","clinicaltrials","https://clinicaltrials.gov/study/NCT06689254","PHASE2 | REVERSE: Improving Treatment-resistant Post Traumatic Stress Disorder (PTSD) with Glucocor | primary completion 2026-09-15","0.45","True","2026-07-24T11:50:03Z","","","","clinicaltrials","https://clinicaltrials.gov/study/NCT06689254","readout","10376644320","96.66","97.05","28.66","99.4","981082.0","338184000","","","","","","","","","","2026-07-24T12:34:14Z","","","","","",""
"TAK","0001395064","Takeda","PhaseReadout","2027-12-01","month","Tislelizumab","Minimal Residual Disease","clinicaltrials","https://clinicaltrials.gov/study/NCT07136077","PHASE2 | A Phase 2 Trial of Fruquintinib and Tislelizumab in ctDNA-defined Minimal Residual Disease | primary completion 2027-12-01","0.45","True","2026-07-24T11:52:30Z","","","","clinicaltrials","https://clinicaltrials.gov/study/NCT07136077","readout","53509735120","16.82","18.9","12.99","64.8","3511434.0","597634849000","","","","","","","","","","2026-07-24T12:34:14Z","","","","","",""
"VSTM","0001526119","Verastem, Inc.","PhaseReadout","2027-12-01","month","avutometinib","Endometrioid Cancer","clinicaltrials","https://clinicaltrials.gov/study/NCT05512208","PHASE2 | A Phase 2 Study of Avutometinib (VS-6766) Plus Defactinib | primary completion 2027-12","0.45","True","2026-07-24T11:52:49Z","","","","clinicaltrials","https://clinicaltrials.gov/study/NCT05512208","readout","428359908","6.18","11.25","3.43","35.2","2191375.0","181678000","14.4","~14 mo (estimated)","estimated","2027-10-04","","","","","","2026-07-24T12:34:14Z","","","","","",""
"RCUS","0001724521","Arcus Biosciences, Inc.","PhaseReadout","2026-10-31","month","Domvanalimab","Non Small Cell Lung Cancer","clinicaltrials","https://clinicaltrials.gov/study/NCT04791839","PHASE2 | Safety and Efficacy of Zimberelimab (AB122) in Combination With Domvanalimab (AB154) and E | primary completion 2026-10-31","0.45","True","2026-07-24T11:52:09Z","","","","clinicaltrials","https://clinicaltrials.gov/study/NCT04791839","readout","2992952992","29.73","31.735","8.84","91.2","1217569.0","822000000","20.2","~20 mo (estimated)","estimated","2028-03-29","","","","","","2026-07-24T12:34:14Z","","","","","",""
"ANTX","0001880438","AN2 Therapeutics, Inc.","PhaseReadout","2027-12-01","month","Epetraborole","Mycobacterium Abscessus Infection","clinicaltrials","https://clinicaltrials.gov/study/NCT07301320","PHASE2 | Epetraborole in Patients With Mycobacterium Abscessus Lung Disease | primary completion 2027-12","0.45","True","2026-07-24T11:49:16Z","","","","clinicaltrials","https://clinicaltrials.gov/study/NCT07301320","readout","134817958","4.92","6.91","1.0","66.3","98964.0","85288000","32.7","into 2028","company-guided","2028-12-15","https://www.sec.gov/Archives/edgar/data/1880438/000095017025107278/antx-ex99_1.htm","","","","","2026-07-24T12:34:14Z","","","","","",""
"ANNX","0001528115","Annexon, Inc.","PhaseReadout","2026-10-31","month","Tanruprubart","Geographic Atrophy","clinicaltrials","https://clinicaltrials.gov/study/NCT06510816","PHASE3 | A Study Investigating the Efficacy and Safety of Intravitreal (IVT) Injections of Vonaprum | primary completion 2026-10-31","0.45","True","2026-07-24T11:49:15Z","","","","clinicaltrials","https://clinicaltrials.gov/study/NCT06510816","readout","633853770","5.3","7.18","2.03","63.5","2192848.0","225025000","14.7","into 2H 2027","company-guided","2027-12-15","https://www.sec.gov/Archives/edgar/data/1528115/000119312526211863/annx-ex99_1.htm","","","","","2026-07-24T12:34:14Z","","","","","",""
"INCY","0000879169","INCYTE CORP","PhaseReadout","2026-10-19","month","Povorcitinib","Prurigo Nodularis","clinicaltrials","https://clinicaltrials.gov/study/NCT06516952","PHASE3 | A Study to Evaluate the Efficacy and Safety Study of Povorcitinib in Participants With Pru | primary completion 2026-10-19","0.45","True","2026-07-24T11:50:55Z","","","","clinicaltrials","https://clinicaltrials.gov/study/NCT06516952;https://clinicaltrials.gov/study/NCT06516965","readout","23312579667","116.69","119.6","69.69","94.2","956124.0","4015825000","","","","","","","new","new","","2026-07-24T12:34:14Z","","","","","",""
"NVCR","0001645113","NovoCure Ltd","PhaseReadout","2027-08-01","month","Temozolomide","Adenocarcinoma of Lung","clinicaltrials","https://clinicaltrials.gov/study/NCT05764954","PHASE1 | A Study of Tumor-Treating Fields (TTFields) in People With Lung Adenocarcinoma | primary completion 2027-08","0.45","True","2026-07-24T11:51:39Z","","","","clinicaltrials","https://clinicaltrials.gov/study/NCT05764954","readout","2315260591","19.99","20.55","9.82","94.8","8941401.0","440559000","","","","","","","","","","2026-07-24T12:34:14Z","","","","","",""
"RARE","0001515673","Ultragenyx Pharmaceutical Inc.","PhaseReadout","2027-08-01","month","Triheptanoin","Long-chain Fatty Acid Oxidation Disorders (LC-FAOD)","clinicaltrials","https://clinicaltrials.gov/study/NCT05933200","PHASE3 | A Study to Determine the Effect of Triheptanoin Compared With Even-Chain MCT on MCEs in Pe | primary completion 2027-08","0.45","True","2026-07-24T11:52:08Z","","","","clinicaltrials","https://clinicaltrials.gov/study/NCT04360265;https://clinicaltrials.gov/study/NCT05933200","readout","2661178184","27.02","39.89","18.29","40.4","1888285.0","413000000","10.0","~10 mo (estimated)","estimated","2027-05-24","","ELEVATED — under 12 months","","","","2026-07-24T12:34:14Z","","","","","",""
"LLY","0000059478","ELI LILLY & Co","PhaseReadout","2027-08-01","month","Orforglipron","Obesity","clinicaltrials","https://clinicaltrials.gov/study/NCT06972472","PHASE3 | A Study of Orforglipron (LY3502970) in Participants With Obesity or Overweight and Type 2  | primary completion 2027-08","0.45","True","2026-07-24T11:51:14Z","","","","clinicaltrials","https://clinicaltrials.gov/study/NCT06972472","readout","1116688225570","1185.77","1249.45","623.78","89.8","1419483.0","5282000000","","","","","","","","","","2026-07-24T12:34:14Z","","","","","",""
"EXEL","0000939767","EXELIXIS, INC.","PhaseReadout","2026-09-30","month","Cabozantinib","High Grade Neuroendocrine Neoplasms","clinicaltrials","https://clinicaltrials.gov/study/NCT04412629","PHASE2 | Cabozantinib in High Grade Neuroendocrine Neoplasms | primary completion 2026-09-30","0.45","True","2026-07-24T11:50:25Z","","","","clinicaltrials","https://clinicaltrials.gov/study/NCT04412629","readout","13987910369","55.65","57.57","33.76","91.9","1659532.0","777207000","","","","","","","","","","2026-07-24T12:34:14Z","","","","","",""
"OLMA","0001750284","Olema Pharmaceuticals, Inc.","PhaseReadout","2027-12-31","month","Palazestrant","Metastatic Breast Cancer","clinicaltrials","https://clinicaltrials.gov/study/NCT05508906","PHASE1 | Phase 1b Study of OP-1250 (Palazestrant) in Combination With Ribociclib, Alpelisib, Everol | primary completion 2027-12-31","0.45","True","2026-07-24T11:51:45Z","","","","clinicaltrials","https://clinicaltrials.gov/study/NCT05508906","readout","1025459310","11.74","36.259","4.47","22.9","879492.0","505347000","40.8","~41 mo (estimated)","estimated","2029-12-15","","","","","","2026-07-24T12:34:14Z","","","","","",""
"IPHA","0001598599","Innate Pharma SA","PhaseReadout","2027-03-01","month","Monalizumab","Metastatic Cancer","clinicaltrials","https://clinicaltrials.gov/study/NCT05143970","PHASE1 | A Phase 1 First-In-Human Study of the Anti-CD73 IPH5301 Alone or in Combination With Chemo | primary completion 2027-03","0.45","True","2026-07-24T11:50:59Z","","","","clinicaltrials","https://clinicaltrials.gov/study/NCT05143970","readout","165269783","1.76","2.63","1.17","40.4","4372.0","34295397","6.4","~6 mo (estimated)","estimated","2027-02-03","","ELEVATED — under 12 months","","","","2026-07-24T12:34:14Z","","","","","",""
"MLTX","0001821586","MoonLake Immunotherapeutics","PhaseReadout","2026-09-28","month","Sonelokimab","Hidradenitis Suppurativa","clinicaltrials","https://clinicaltrials.gov/study/NCT06768671","PHASE3 | An Open-label, Single-arm Study to Evaluate Pharmacokinetics and Safety of Subcutaneous So | primary completion 2026-09-28","0.45","True","2026-07-24T11:51:23Z","","","","clinicaltrials","https://clinicaltrials.gov/study/NCT06768671","readout","1599434144","19.36","62.75","5.95","23.6","743061.0","357921000","19.2","into 2H 2027","company-guided","2027-12-15","https://www.sec.gov/Archives/edgar/data/1821586/000182158626000002/mnlk-20251231.htm","","","","","2026-07-24T12:34:14Z","","","","","",""
"NVO","0000353278","Novo Nordisk","PhaseReadout","2026-12-31","month","Semaglutide","Intestinal Mucositis","clinicaltrials","https://clinicaltrials.gov/study/NCT06449625","PHASE2 | Semaglutide in Auto-HSCT | primary completion 2026-12-31","0.45","True","2026-07-24T11:51:40Z","","","","clinicaltrials","https://clinicaltrials.gov/study/NCT06449625","readout","214101399367","48.18","71.8","35.12","35.6","8120373.0","21626000000","","","","","","","new","new","","2026-07-24T12:34:14Z","","","","","",""
"CELC","0001603454","Celcuity Inc.","PhaseReadout","2028-01-01","month","Gedatolisib","mCRPC (Metastatic Castration-resistant Prostate Cancer)","clinicaltrials","https://clinicaltrials.gov/study/NCT06190899","PHASE2 | Gedatolisib in Combination With Darolutamide in Metastatic Castration-Resistant Prostate C | primary completion 2028-01","0.45","True","2026-07-24T11:49:49Z","","","","clinicaltrials","https://clinicaltrials.gov/study/NCT06190899","readout","4308013882","88.34","151.02","13.59","54.4","1751721.0","145191000","10.1","into 2027","company-guided","2027-12-15","https://www.sec.gov/Archives/edgar/data/1603454/000149315225021903/ex99-1.htm","ELEVATED — under 12 months","","","","2026-07-24T12:34:14Z","","","","","",""
"AGEN","0001098972","AGENUS INC","PhaseReadout","2026-10-01","month","Balstilimab","Anatomic Stage IV Breast Cancer AJCC v8","clinicaltrials","https://clinicaltrials.gov/study/NCT05318469","PHASE2 | Ivermectin in Combination With Balstilimab or Pembrolizumab in Patients With Metastatic Tr | primary completion 2026-10","0.45","True","2026-07-24T11:49:07Z","","","","clinicaltrials","https://clinicaltrials.gov/study/NCT05318469","readout","257766456","6.19","8.7","2.71","58.1","2320002.0","34996000","4.8","~5 mo (estimated)","estimated","2026-12-16","","ELEVATED — under 12 months","","","","2026-07-24T12:34:14Z","","","","","",""
"BIIB","0000875045","Biogen/Eisai","PhaseReadout","2026-09-30","month","Litifilimab","Lupus Erythematosus, Systemic","clinicaltrials","https://clinicaltrials.gov/study/NCT04895241","PHASE3 | A Study to Learn About the Safety of Litifilimab (BIIB059) Injections and Whether They Can | primary completion 2026-09-30","0.45","True","2026-07-24T11:49:36Z","","","","clinicaltrials","https://clinicaltrials.gov/study/NCT04895241","readout","29618934940","200.62","219.72","124.56","79.9","1031054.0","4282700000","","","","","","","","","","2026-07-24T12:34:14Z","","","","","",""
"BIIB","0000875045","Biogen/Eisai","PhaseReadout","2026-09-27","month","Litifilimab","Lupus Erythematosus, Systemic","clinicaltrials","https://clinicaltrials.gov/study/NCT04961567","PHASE3 | A Study to Learn About the Safety of Litifilimab (BIIB059) Injections and Whether They Can | primary completion 2026-09-27","0.45","True","2026-07-24T11:49:36Z","","","","clinicaltrials","https://clinicaltrials.gov/study/NCT04961567","readout","29618934940","200.62","219.72","124.56","79.9","1031054.0","4282700000","","","","","","","","","","2026-07-24T12:34:14Z","","","","","",""
"RGNX","0001590877","REGENXBIO Inc.","PhaseReadout","2026-08-01","month","Ranibizumab","Neovascular Age-Related Macular Degeneration (nAMD)","clinicaltrials","https://clinicaltrials.gov/study/NCT04514653","PHASE2 | RGX-314 Gene Therapy Administered in the Suprachoroidal Space for Participants With Neovas | primary completion 2026-08","0.45","True","2026-07-24T11:52:11Z","","","","clinicaltrials","https://clinicaltrials.gov/study/NCT04514653","readout","529900400","10.25","16.19","5.455","44.7","1364589.0","150491000","7.7","into early 2027","company-guided","2027-03-15","https://www.sec.gov/Archives/edgar/data/1590877/000119312526222804/rgnx-20260331.htm","ELEVATED — under 12 months","new","new","","2026-07-24T12:34:14Z","","","","","",""
"AGEN","0001098972","AGENUS INC","PhaseReadout","2027-10-01","month","Balstilimab","Metastatic Prostate Cancer","clinicaltrials","https://clinicaltrials.gov/study/NCT06782555","PHASE2 | A Study of Evofosfamide in Combination with Zalifrelimab and Balstilimab | primary completion 2027-10","0.45","True","2026-07-24T11:49:07Z","","","","clinicaltrials","https://clinicaltrials.gov/study/NCT06782555","readout","257766456","6.19","8.7","2.71","58.1","2320002.0","34996000","4.8","~5 mo (estimated)","estimated","2026-12-16","","ELEVATED — under 12 months","","","","2026-07-24T12:34:14Z","","","","","",""
"AZN","0000901832","AstraZeneca/Alexion","PhaseReadout","2027-11-04","month","Tozorakimab","Viral Lung Infection and Acute Respiratory Failure","clinicaltrials","https://clinicaltrials.gov/study/NCT05624450","PHASE3 | Efficacy and Safety of Tozorakimab in Patients Hospitalised for Viral Lung Infection Requi | primary completion 2027-11-04","0.45","True","2026-07-24T11:49:28Z","","","","clinicaltrials","https://clinicaltrials.gov/study/NCT05624450","readout","260777721616","168.27","212.71","142.98","36.3","2394060.0","7675000000","","","","","","","new","new","","2026-07-24T12:34:14Z","","","","","",""
"JAZZ","0001232524","Jazz Pharmaceuticals","PhaseReadout","2026-12-31","month","Zanidatamab","Breast Cancer","clinicaltrials","https://clinicaltrials.gov/study/NCT06695845","PHASE2 | A Phase 2 Study of Zanidatamab in Patients With HER2-expressing Tumors | primary completion 2026-12-31","0.45","True","2026-07-24T11:51:02Z","","","","clinicaltrials","https://clinicaltrials.gov/study/NCT06695845","readout","16010321712","254.87","255.2","105.0","99.8","527842.0","2874300000","","","","","","","","","","2026-07-24T12:34:14Z","","","","","",""
"VIR","0001706431","Vir Biotechnology, Inc.","PhaseReadout","2026-11-01","month","Bulevirtide","Viral Hepatitis","clinicaltrials","https://clinicaltrials.gov/study/NCT07142811","PHASE2 | A Study to Evaluate Tobevibart+Elebsiran Versus Bulevirtide in Chronic HDV Infection | primary completion 2026-11","0.45","True","2026-07-24T11:52:45Z","","","","clinicaltrials","https://clinicaltrials.gov/study/NCT07142811","readout","1575209437","9.34","11.66","4.155","69.1","1514524.0","472363000","12.7","into 2H 2028","company-guided","2028-12-15","https://www.sec.gov/Archives/edgar/data/1706431/000162828026031273/a20260506-q1ex991earningsr.htm","","","","","2026-07-24T12:34:14Z","","","","","",""
"NVO","0000353278","Novo Nordisk","PhaseReadout","2027-11-07","month","Semaglutide","Diabetes Mellitus, Type 2","clinicaltrials","https://clinicaltrials.gov/study/NCT03811561","PHASE3 | A Research Study to Look at How Semaglutide Compared to Placebo Affects Diabetic Eye Disea | primary completion 2027-11-07","0.45","True","2026-07-24T11:51:40Z","","","","clinicaltrials","https://clinicaltrials.gov/study/NCT03811561","readout","214101399367","48.18","71.8","35.12","35.6","8120373.0","21626000000","","","","","","","new","new","","2026-07-24T12:34:14Z","","","","","",""
"ZURA","0001855644","Zura Bio Ltd","PhaseReadout","2026-11-01","month","Tibulizumab","Hidradenitis Suppurativa (HS)","clinicaltrials","https://clinicaltrials.gov/study/NCT06993610","PHASE2 | Tibulizumab Skin Healing and Inflammation Evaluation for Lasting Defense | primary completion 2026-11","0.45","True","2026-07-24T11:52:58Z","","","","clinicaltrials","https://clinicaltrials.gov/study/NCT06993610","readout","343966269","5.29","7.44","1.345","64.7","427495.0","225594000","37.2","into late 2028","company-guided","2028-12-15","https://www.sec.gov/Archives/edgar/data/1855644/000110465926032080/zura-20251231x10k.htm","","","","","2026-07-24T12:34:14Z","","","","","",""
"CRDF","0001213037","Cardiff Oncology, Inc.","PhaseReadout","2026-11-01","month","Bevacizumab","Metastatic Colorectal Cancer","clinicaltrials","https://clinicaltrials.gov/study/NCT06106308","PHASE2 | Study of Onvansertib in Combination With FOLFIRI and Bevacizumab or FOLFOX and Bevacizumab | primary completion 2026-11","0.45","True","2026-07-24T11:50:07Z","","","","clinicaltrials","https://clinicaltrials.gov/study/NCT06106308","readout","57300813","0.8381","4.19","0.82","0.5","652997.0","46056000","14.8","into early 2027","company-guided","2027-03-15","https://www.sec.gov/Archives/edgar/data/1213037/000121303726000011/crdf-20260331.htm","","","","","2026-07-24T12:34:14Z","","","","","",""
"ALLO","0001737287","Allogene Therapeutics, Inc.","PhaseReadout","2027-12-01","month","Fludarabine","Large B-cell Lymphoma","clinicaltrials","https://clinicaltrials.gov/study/NCT06500273","PHASE2 | Consolidation of First-Line MRD+ Remission With Cema-cel in Patients With LBCL | primary completion 2027-12","0.45","True","2026-07-24T11:49:10Z","","","","clinicaltrials","https://clinicaltrials.gov/study/NCT06500273","readout","443842299","1.82","4.46","0.98","24.1","5630592.0","266886000","29.3","into early 2029","company-guided","2029-03-15","https://www.sec.gov/Archives/edgar/data/1737287/000162828026034585/allo-20260331.htm","","","","","2026-07-24T12:34:14Z","","","","","",""
"GOSS","0001728117","Gossamer Bio, Inc.","PhaseReadout","2027-12-01","month","Seralutinib","Pulmonary Arterial Hypertension","clinicaltrials","https://clinicaltrials.gov/study/NCT04816604","PHASE2 | Open-label Extension Study of GB002 in Adult Subjects With Pulmonary Arterial Hypertension | primary completion 2027-12","0.45","True","2026-07-24T11:50:37Z","","","","clinicaltrials","https://clinicaltrials.gov/study/NCT04816604","readout","33423493","0.1425","3.87","0.114","0.8","13769769.0","99215000","7.0","into early 2027","company-guided","2027-03-15","https://www.sec.gov/Archives/edgar/data/1728117/000172811726000032/goss-20260331.htm","ELEVATED — under 12 months","","","","2026-07-24T12:34:14Z","","","","","",""
"MLTX","0001821586","MoonLake Immunotherapeutics","PhaseReadout","2027-02-04","month","Sonelokimab","Arthritis, Psoriatic","clinicaltrials","https://clinicaltrials.gov/study/NCT06641076","PHASE3 | Evaluation of Sonelokimab in Patients With Active Psoriatic Arthritis Naive to Biologic Di | primary completion 2027-02-04","0.45","True","2026-07-24T11:51:23Z","","","","clinicaltrials","https://clinicaltrials.gov/study/NCT06641076","readout","1599434144","19.36","62.75","5.95","23.6","743061.0","357921000","19.2","into 2H 2027","company-guided","2027-12-15","https://www.sec.gov/Archives/edgar/data/1821586/000182158626000002/mnlk-20251231.htm","","","","","2026-07-24T12:34:14Z","","","","","",""
"RGNX","0001590877","REGENXBIO Inc.","PhaseReadout","2026-09-01","month","Ranibizumab","Duchenne Muscular Dystrophy","clinicaltrials","https://clinicaltrials.gov/study/NCT05693142","PHASE3 | AFFINITY DUCHENNE: RGX-202 Gene Therapy in Participants With Duchenne Muscular Dystrophy ( | primary completion 2026-09","0.45","True","2026-07-24T11:52:11Z","","","","clinicaltrials","https://clinicaltrials.gov/study/NCT05693142","readout","529900400","10.25","16.19","5.455","44.7","1364589.0","150491000","7.7","into early 2027","company-guided","2027-03-15","https://www.sec.gov/Archives/edgar/data/1590877/000119312526222804/rgnx-20260331.htm","ELEVATED — under 12 months","moved","date_slip","2026-08-01 -> 2026-09-01","2026-07-24T12:34:14Z","","","","","",""
"LLY","0000059478","ELI LILLY & Co","PhaseReadout","2026-11-01","month","Retatrutide","Obesity","clinicaltrials","https://clinicaltrials.gov/study/NCT06662383","PHASE3 | A Study of Retatrutide (LY3437943) Compared to Tirzepatide (LY3298176) in Adults Who Have  | primary completion 2026-11","0.45","True","2026-07-24T11:51:14Z","","","","clinicaltrials","https://clinicaltrials.gov/study/NCT06662383","readout","1116688225570","1185.77","1249.45","623.78","89.8","1419483.0","5282000000","","","","","","","new","new","","2026-07-24T12:34:14Z","","","","","",""
"OTLK","0001649989","Outlook Therapeutics, Inc.","PhaseReadout","2027-12-01","month","bevacizumab","Age-Related Macular Degeneration","clinicaltrials","https://clinicaltrials.gov/study/NCT05112861","PHASE3 | A 3-month Study to Compare the Safety of ONS-5010 in Vials Versus Pre-filled Syringe in Su | primary completion 2027-12","0.45","True","2026-07-24T11:51:50Z","","","","clinicaltrials","https://clinicaltrials.gov/study/NCT05112861","readout","54305328","1.32","3.39","0.161","35.9","6003116.0","7748226","2.0","~12+ months (company-stated, non-specific)","company-guided","","https://www.sec.gov/Archives/edgar/data/1649989/000110465926062632/otlk-20260331x10q.htm","ELEVATED — under 12 months","","","","2026-07-24T12:34:14Z","","","","","",""
"MIRM","0001759425","Mirum Pharmaceuticals, Inc.","PhaseReadout","2026-10-01","month","Maralixibat","Cholestatic Liver Disease (Except ALGS, PFIC, PBC and PSC)","clinicaltrials","https://clinicaltrials.gov/study/NCT06553768","PHASE3 | Evaluation of Maralixibat in Pruritus Associated With General Cholestatic Liver Disease (E | primary completion 2026-10","0.45","True","2026-07-24T11:51:22Z","","","","clinicaltrials","https://clinicaltrials.gov/study/NCT06553768","readout","5740706750","114.36","130.0","50.25","80.4","1403720.0","386259000","27.1","~27 mo (estimated)","estimated","2028-10-24","","","","","","2026-07-24T12:34:14Z","","","","","",""
"RGNX","0001590877","REGENXBIO Inc.","PhaseReadout","2027-12-01","month","Ranibizumab","Diabetic Macular Edema","clinicaltrials","https://clinicaltrials.gov/study/NCT06942520","PHASE2 | Phase 2 Trial of RGX-314 in Adults With Center Involved - Diabetic Macular Edema (CI - DME | primary completion 2027-12","0.45","True","2026-07-24T11:52:11Z","","","","clinicaltrials","https://clinicaltrials.gov/study/NCT06942520","readout","529900400","10.25","16.19","5.455","44.7","1364589.0","150491000","7.7","into early 2027","company-guided","2027-03-15","https://www.sec.gov/Archives/edgar/data/1590877/000119312526222804/rgnx-20260331.htm","ELEVATED — under 12 months","","","","2026-07-24T12:34:14Z","","","","","",""
"MLTX","0001821586","MoonLake Immunotherapeutics","PhaseReadout","2027-01-15","month","Sonelokimab","Arthritis, Psoriatic","clinicaltrials","https://clinicaltrials.gov/study/NCT06641089","PHASE3 | Evaluation of Sonelokimab in Patients With Active Psoriatic Arthritis and Anti-TNFα Inadeq | primary completion 2027-01-15","0.45","True","2026-07-24T11:51:23Z","","","","clinicaltrials","https://clinicaltrials.gov/study/NCT06641089","readout","1599434144","19.36","62.75","5.95","23.6","743061.0","357921000","19.2","into 2H 2027","company-guided","2027-12-15","https://www.sec.gov/Archives/edgar/data/1821586/000182158626000002/mnlk-20251231.htm","","","","","2026-07-24T12:34:14Z","","","","","",""
"ERAS","0001761918","Erasca, Inc.","PhaseReadout","2026-11-01","month","Naporafenib","Advanced or Metastatic Solid Tumors","clinicaltrials","https://clinicaltrials.gov/study/NCT04866134","PHASE2 | A Study of ERAS-007 as Monotherapy or in Combination With ERAS-601 in Patients With Advanc | primary completion 2026-11-01","0.45","True","2026-07-24T11:50:22Z","","","","clinicaltrials","https://clinicaltrials.gov/study/NCT04866134","readout","6713436180","19.34","24.28","1.33","78.5","3882557.0","243788000","32.0","into 2H 2028","company-guided","2028-12-15","https://www.sec.gov/Archives/edgar/data/1761918/000119312526216788/eras-20260331.htm","","","","","2026-07-24T12:34:14Z","","","","","",""
"SMMT","0001599298","Summit Therapeutics Inc.","PhaseReadout","2027-12-01","month","Ivonescimab","Extensive Stage Lung Small Cell Cancer","clinicaltrials","https://clinicaltrials.gov/study/NCT07057791","PHASE2 | Phase II Study of Platinum/Etoposide Plus Ivonescimab for Extensive-Stage Small Cell Lung  | primary completion 2027-12","0.45","True","2026-07-24T11:52:23Z","","","","clinicaltrials","https://clinicaltrials.gov/study/NCT07017673;https://clinicaltrials.gov/study/NCT07057791","readout","11626916422","14.98","30.98","12.55","13.2","3249070.0","690678000","20.3","~20 mo (estimated)","estimated","2028-04-01","","","","","","2026-07-24T12:34:14Z","","","","","",""
"ONC","0001651308","BeOne Medicines Ltd.","PhaseReadout","2026-09-22","month","Sonrotoclax","Waldenstrom Macroglobulinemia","clinicaltrials","https://clinicaltrials.gov/study/NCT05952037","PHASE2 | A Study to Investigate Efficacy and Safety of BCL2 Inhibitor Sonrotoclax as Monotherapy an | primary completion 2026-09-22","0.45","True","2026-07-24T11:51:47Z","","","","clinicaltrials","https://clinicaltrials.gov/study/NCT05952037","readout","34918142895","326.77","385.22","253.948","55.5","546433.0","4791676000","","","","","","","","","","2026-07-24T12:34:14Z","","","","","",""
"AZN","0000901832","AstraZeneca/Alexion","PhaseReadout","2027-06-07","month","Tozorakimab","Asthma","clinicaltrials","https://clinicaltrials.gov/study/NCT06932263","PHASE2 | Dose Range Finding Study to Assess Efficacy and Safety of Tozorakimab in Adults With Uncon | primary completion 2027-06-07","0.45","True","2026-07-24T11:49:28Z","","","","clinicaltrials","https://clinicaltrials.gov/study/NCT06932263","readout","260777721616","168.27","212.71","142.98","36.3","2394060.0","7675000000","","","","","","","moved","date_slip","2027-06-24 -> 2027-06-07","2026-07-24T12:34:14Z","","","","","",""
"RGNX","0001590877","REGENXBIO Inc.","PhaseReadout","2026-10-01","month","Ranibizumab","AMD","clinicaltrials","https://clinicaltrials.gov/study/NCT05407636","PHASE3 | Pivotal 2 Study of RGX-314 Gene Therapy in Participants With nAMD | primary completion 2026-10","0.45","True","2026-07-24T11:52:11Z","","","","clinicaltrials","https://clinicaltrials.gov/study/NCT05407636","readout","529900400","10.25","16.19","5.455","44.7","1364589.0","150491000","7.7","into early 2027","company-guided","2027-03-15","https://www.sec.gov/Archives/edgar/data/1590877/000119312526222804/rgnx-20260331.htm","ELEVATED — under 12 months","","","","2026-07-24T12:34:14Z","","","","","",""
"CNTX","0001842952","Context Therapeutics Inc.","PhaseReadout","2026-12-01","month","Elacestrant","Mesothelin-Expressing Tumors","clinicaltrials","https://clinicaltrials.gov/study/NCT06756035","PHASE1 | CT-95 in Advanced Cancers Associated With Mesothelin Expression | primary completion 2026-12","0.45","True","2026-07-24T11:50:01Z","","","","clinicaltrials","https://clinicaltrials.gov/study/NCT06756035","readout","54420037","0.5923","3.62","0.545","1.5","1518127.0","54528596","20.0","into 2027","company-guided","2027-12-15","https://www.sec.gov/Archives/edgar/data/1842952/000162828025049604/a20251105-q325earningsrele.htm","","","","","2026-07-24T12:34:14Z","","","","","",""
"SMMT","0001599298","Summit Therapeutics Inc.","PhaseReadout","2027-08-03","month","Ivonescimab","Biliary Tract Cancer","clinicaltrials","https://clinicaltrials.gov/study/NCT06529718","PHASE2 | Testing Ivonescimab Versus FOLFOX in Advanced Biliary Tract Cancer Patients | primary completion 2027-08-03","0.45","True","2026-07-24T11:52:23Z","","","","clinicaltrials","https://clinicaltrials.gov/study/NCT06529718","readout","11626916422","14.98","30.98","12.55","13.2","3249070.0","690678000","20.3","~20 mo (estimated)","estimated","2028-04-01","","","","","","2026-07-24T12:34:14Z","","","","","",""
"SMMT","0001599298","Summit Therapeutics Inc.","PhaseReadout","2026-12-01","month","Ivonescimab","Stomach Cancer Stage IV","clinicaltrials","https://clinicaltrials.gov/study/NCT07070466","PHASE2 | Ivonescimab in Comb. With FOLFOX in Advanced HER2 Neg. GEA | primary completion 2026-12-01","0.45","True","2026-07-24T11:52:23Z","","","","clinicaltrials","https://clinicaltrials.gov/study/NCT07070466","readout","11626916422","14.98","30.98","12.55","13.2","3249070.0","690678000","20.3","~20 mo (estimated)","estimated","2028-04-01","","","","","","2026-07-24T12:34:14Z","","","","","",""
"AGEN","0001098972","AGENUS INC","PhaseReadout","2026-12-01","month","Balstilimab","Refractory Metastatic Colorectal Cancer","clinicaltrials","https://clinicaltrials.gov/study/NCT05205330","PHASE2 | Vorbipiprant (CR6086) / Balstilimab (AGEN2034) Combination in Stage IV Refractory pMMR - M | primary completion 2026-12","0.45","True","2026-07-24T11:49:07Z","","","","clinicaltrials","https://clinicaltrials.gov/study/NCT05205330;https://clinicaltrials.gov/study/NCT06300463","readout","257766456","6.19","8.7","2.71","58.1","2320002.0","34996000","4.8","~5 mo (estimated)","estimated","2026-12-16","","ELEVATED — under 12 months","","","","2026-07-24T12:34:14Z","","","","","",""
"IPHA","0001598599","Innate Pharma SA","PhaseReadout","2027-06-01","month","Monalizumab","Non Small Cell Lung Cancer","clinicaltrials","https://clinicaltrials.gov/study/NCT05742607","PHASE2 | IPH5201 and Durvalumab in Patients With Resectable Non-Small Cell Lung Cancer (MATISSE) | primary completion 2027-06","0.45","True","2026-07-24T11:50:59Z","","","","clinicaltrials","https://clinicaltrials.gov/study/NCT05742607","readout","165269783","1.76","2.63","1.17","40.4","4372.0","34295397","6.4","~6 mo (estimated)","estimated","2027-02-03","","ELEVATED — under 12 months","","","","2026-07-24T12:34:14Z","","","","","",""
"RGNX","0001590877","REGENXBIO Inc.","PhaseReadout","2026-12-01","month","Ranibizumab","AMD","clinicaltrials","https://clinicaltrials.gov/study/NCT04704921","PHASE3 | Pivotal 1 Study of ABBV-RGX-314 (Also Known as RGX-314) Gene Therapy Administered Via Subr | primary completion 2026-12","0.45","True","2026-07-24T11:52:11Z","","","","clinicaltrials","https://clinicaltrials.gov/study/NCT04704921","readout","529900400","10.25","16.19","5.455","44.7","1364589.0","150491000","7.7","into early 2027","company-guided","2027-03-15","https://www.sec.gov/Archives/edgar/data/1590877/000119312526222804/rgnx-20260331.htm","ELEVATED — under 12 months","","","","2026-07-24T12:34:14Z","","","","","",""
"GOSS","0001728117","Gossamer Bio, Inc.","PhaseReadout","2026-12-01","month","Seralutinib","Pulmonary Arterial Hypertension","clinicaltrials","https://clinicaltrials.gov/study/NCT06274801","PHASE3 | Open-label Extension Study of Seralutinib in Adult Subjects With PAH (PROSERA-EXT) | primary completion 2026-12","0.45","True","2026-07-24T11:50:37Z","","","","clinicaltrials","https://clinicaltrials.gov/study/NCT06274801","readout","33423493","0.1425","3.87","0.114","0.8","13769769.0","99215000","7.0","into early 2027","company-guided","2027-03-15","https://www.sec.gov/Archives/edgar/data/1728117/000172811726000032/goss-20260331.htm","ELEVATED — under 12 months","","","","2026-07-24T12:34:14Z","","","","","",""
"BIIB","0000875045","Biogen/Eisai","PhaseReadout","2026-10-20","month","Litifilimab","Subacute Cutaneous Lupus Erythematosus","clinicaltrials","https://clinicaltrials.gov/study/NCT05531565","PHASE3 | A 2-Part Study to Learn Whether Litifilimab (BIIB059) Injections Can Improve Symptoms of A | primary completion 2026-10-20","0.45","True","2026-07-24T11:49:36Z","","","","clinicaltrials","https://clinicaltrials.gov/study/NCT05531565","readout","29618934940","200.62","219.72","124.56","79.9","1031054.0","4282700000","","","","","","","","","","2026-07-24T12:34:14Z","","","","","",""
"CRDF","0001213037","Cardiff Oncology, Inc.","PhaseReadout","2027-08-31","month","Onvansertib","Small-cell Lung Cancer","clinicaltrials","https://clinicaltrials.gov/study/NCT05450965","PHASE2 | Study of PLK1 Inhibitor, Onvansertib, in Relapsed Small Cell Lung Cancer | primary completion 2027-08-31","0.45","True","2026-07-24T11:50:07Z","","","","clinicaltrials","https://clinicaltrials.gov/study/NCT05450965","readout","57300813","0.8381","4.19","0.82","0.5","652997.0","46056000","14.8","into early 2027","company-guided","2027-03-15","https://www.sec.gov/Archives/edgar/data/1213037/000121303726000011/crdf-20260331.htm","","","","","2026-07-24T12:34:14Z","","","","","",""
"BIIB","0000875045","Biogen/Eisai","PhaseReadout","2027-05-31","month","Felzartamab","Immunoglobulin A Nephropathy (IgAN)","clinicaltrials","https://clinicaltrials.gov/study/NCT06935357","PHASE3 | A Study to Learn About the Effects of Felzartamab Infusions on Adults With Immunoglobulin  | primary completion 2027-05-31","0.45","True","2026-07-24T11:49:36Z","","","","clinicaltrials","https://clinicaltrials.gov/study/NCT06935357","readout","29618934940","200.62","219.72","124.56","79.9","1031054.0","4282700000","","","","","","","","","","2026-07-24T12:34:14Z","","","","","",""
"TGTX","0001001316","TG THERAPEUTICS, INC.","PhaseReadout","2027-05-30","month","Ublituximab","Multiple Sclerosis","clinicaltrials","https://clinicaltrials.gov/study/NCT07503873","PHASE2 | A Study to Evaluate Pharmacokinetics (PK) and Safety of Subcutaneous (SC) Ublituximab Admi | primary completion 2027-05-30","0.45","True","2026-07-24T11:52:35Z","","","","clinicaltrials","https://clinicaltrials.gov/study/NCT07503873","readout","8496138690","55.5","59.3","25.28","88.8","2959995.0","514429999","442.5","~442 mo (estimated)","estimated","2063-05-23","","","moved","date_slip","2027-07-31 -> 2027-05-30","2026-07-24T12:34:14Z","","","","","",""
"SMMT","0001599298","Summit Therapeutics Inc.","PhaseReadout","2027-06-17","month","Ivonescimab","Thymus Carcinoma","clinicaltrials","https://clinicaltrials.gov/study/NCT06980077","PHASE2 | Ivonescimab for the Treatment of Thymic Cancer | primary completion 2027-06-17","0.45","True","2026-07-24T11:52:23Z","","","","clinicaltrials","https://clinicaltrials.gov/study/NCT06980077","readout","11626916422","14.98","30.98","12.55","13.2","3249070.0","690678000","20.3","~20 mo (estimated)","estimated","2028-04-01","","","","","","2026-07-24T12:34:14Z","","","","","",""
"ZURA","0001855644","Zura Bio Ltd","PhaseReadout","2027-05-01","month","Tibulizumab","Systemic Sclerosis (SSc)","clinicaltrials","https://clinicaltrials.gov/study/NCT06843239","PHASE2 | Tibulizumab Systemic Sclerosis Understanding and Response Evaluation (TibuSURE) | primary completion 2027-05","0.45","True","2026-07-24T11:52:58Z","","","","clinicaltrials","https://clinicaltrials.gov/study/NCT06843239","readout","343966269","5.29","7.44","1.345","64.7","427495.0","225594000","37.2","into late 2028","company-guided","2028-12-15","https://www.sec.gov/Archives/edgar/data/1855644/000110465926032080/zura-20251231x10k.htm","","","","","2026-07-24T12:34:14Z","","","","","",""
"SMMT","0001599298","Summit Therapeutics Inc.","PhaseReadout","2027-08-01","month","Ivonescimab","Advanced Head and Neck Squamous Cell Carcinoma","clinicaltrials","https://clinicaltrials.gov/study/NCT07094685","PHASE2 | Ivonescimab Before Surgery for the Treatment of Resectable Stage II-IV Head and Neck Cance | primary completion 2027-08-01","0.45","True","2026-07-24T11:52:23Z","","","","clinicaltrials","https://clinicaltrials.gov/study/NCT07094685","readout","11626916422","14.98","30.98","12.55","13.2","3249070.0","690678000","20.3","~20 mo (estimated)","estimated","2028-04-01","","","","","","2026-07-24T12:34:14Z","","","","","",""
"CRDF","0001213037","Cardiff Oncology, Inc.","PhaseReadout","2026-12-15","month","Onvansertib","Breast Cancer","clinicaltrials","https://clinicaltrials.gov/study/NCT05383196","PHASE2 | Onvansertib + Paclitaxel In TNBC | primary completion 2026-12-15","0.45","True","2026-07-24T11:50:07Z","","","","clinicaltrials","https://clinicaltrials.gov/study/NCT05383196","readout","57300813","0.8381","4.19","0.82","0.5","652997.0","46056000","14.8","into early 2027","company-guided","2027-03-15","https://www.sec.gov/Archives/edgar/data/1213037/000121303726000011/crdf-20260331.htm","","","","","2026-07-24T12:34:14Z","","","","","",""
"VNDA","0001347178","Vanda Pharmaceuticals Inc.","PhaseReadout","2027-09-30","month","Tradipitant","Motion Sickness","clinicaltrials","https://clinicaltrials.gov/study/NCT06138613","PHASE3 | Motion Delos: An Open Label Safety and Efficacy of Tradipitant in Participants Affected by | primary completion 2027-09-30","0.45","True","2026-07-24T11:52:47Z","","","","clinicaltrials","https://clinicaltrials.gov/study/NCT06138613","readout","322326612","5.36","9.94","4.14","21.0","866992.0","202310000","19.2","~19 mo (estimated)","estimated","2028-02-27","","","","","","2026-07-24T12:34:14Z","","","","","",""
"TNGX","0001819133","Tango Therapeutics, Inc.","PhaseReadout","2027-03-31","month","Abemaciclib","Non Small Cell Lung Cancer","clinicaltrials","https://clinicaltrials.gov/study/NCT06810544","PHASE2 | Safety and Tolerability of TNG456 Alone and in Combination With Abemaciclib in Patients Wi | primary completion 2027-03-31","0.45","True","2026-07-24T11:52:37Z","","","","clinicaltrials","https://clinicaltrials.gov/study/NCT06810544","readout","3415786893","27.45","34.39","5.77","75.8","1357038.0","379839000","32.2","into 2028","company-guided","2028-12-15","https://www.sec.gov/Archives/edgar/data/1819133/000119312526221677/tngx-ex99_1.htm","","","","","2026-07-24T12:34:14Z","","","","","",""
"ALT","0001326190","Altimmune, Inc.","PhaseReadout","2027-03-31","month","Pemvidutide","Alcohol Liver Disease","clinicaltrials","https://clinicaltrials.gov/study/NCT07009860","PHASE2 | RESTORE TRIAL: A Phase 2 Study Evaluating the Efficacy and Safety of Pemvidutide in the Tr | primary completion 2027-03-31","0.45","True","2026-07-24T11:49:12Z","","","","clinicaltrials","https://clinicaltrials.gov/study/NCT07009860","readout","250650732","2.84","6.44","2.56","7.2","1625825.0","331540000","55.5","~56 mo (estimated)","estimated","2031-03-07","","","","","","2026-07-24T12:34:14Z","","","","","",""
"SMMT","0001599298","Summit Therapeutics Inc.","PhaseReadout","2027-04-01","month","Ivonescimab","Endometrial Cancer","clinicaltrials","https://clinicaltrials.gov/study/NCT06925724","PHASE2 | A Study of Ivonescimab in People With Endometrial and Cervical Cancers | primary completion 2027-04","0.45","True","2026-07-24T11:52:23Z","","","","clinicaltrials","https://clinicaltrials.gov/study/NCT06925724","readout","11626916422","14.98","30.98","12.55","13.2","3249070.0","690678000","20.3","~20 mo (estimated)","estimated","2028-04-01","","","","","","2026-07-24T12:34:14Z","","","","","",""
"LLY","0000059478","ELI LILLY & Co","PhaseReadout","2027-07-01","month","Retatrutide","Obesity","clinicaltrials","https://clinicaltrials.gov/study/NCT07232719","PHASE3 | A Study of Retatrutide (LY3437943) in Participants With Obesity or Overweight | primary completion 2027-07","0.45","True","2026-07-24T11:51:14Z","","","","clinicaltrials","https://clinicaltrials.gov/study/NCT07232719","readout","1116688225570","1185.77","1249.45","623.78","89.8","1419483.0","5282000000","","","","","","","new","new","","2026-07-24T12:34:14Z","","","","","",""
"BLTE","0001889109","BELITE BIO, INC","PhaseReadout","2027-06-30","month","Tinlarebant","Geographic Atrophy","clinicaltrials","https://clinicaltrials.gov/study/NCT05949593","PHASE3 | Phase 3, Randomized, Placebo-Controlled Study of Tinlarebant to Explore Safety and Efficac | primary completion 2027-06-30","0.45","True","2026-07-24T11:49:38Z","","","","clinicaltrials","https://clinicaltrials.gov/study/NCT05949593","readout","6264497865","156.28","200.0","60.0","68.8","154102.0","0","","","","","","","","","","2026-07-24T12:34:14Z","","","","","",""
"BIIB","0000875045","Biogen/Eisai","PhaseReadout","2026-12-01","month","Felzartamab","Antibody-mediated Rejection","clinicaltrials","https://clinicaltrials.gov/study/NCT06685757","PHASE3 | A Study to Learn More About the Effects and Safety of Felzartamab Infusions in Adults With | primary completion 2026-12-01","0.45","True","2026-07-24T11:49:36Z","","","","clinicaltrials","https://clinicaltrials.gov/study/NCT06685757","readout","29618934940","200.62","219.72","124.56","79.9","1031054.0","4282700000","","","","","","","","","","2026-07-24T12:34:14Z","","","","","",""
"SMMT","0001599298","Summit Therapeutics Inc.","PhaseReadout","2027-09-01","month","Ivonescimab","Metastatic Esophageal Adenocarcinoma","clinicaltrials","https://clinicaltrials.gov/study/NCT06846346","PHASE2 | Testing Ivonescimab in Combination With Chemotherapy in Advanced or Metastatic Gastric/Gas | primary completion 2027-09","0.45","True","2026-07-24T11:52:23Z","","","","clinicaltrials","https://clinicaltrials.gov/study/NCT06846346","readout","11626916422","14.98","30.98","12.55","13.2","3249070.0","690678000","20.3","~20 mo (estimated)","estimated","2028-04-01","","","","","","2026-07-24T12:34:14Z","","","","","",""
"CLYM","0001768446","Climb Bio, Inc.","PhaseReadout","2027-08-01","month","budoprutug","Immune Thrombocytopenia (ITP)","clinicaltrials","https://clinicaltrials.gov/study/NCT07043946","PHASE2 | A Phase 1b/2a Study of Budoprutug in Subjects With Immune Thrombocytopenia (ITP) | primary completion 2027-08","0.45","True","2026-07-24T11:49:58Z","","","","clinicaltrials","https://clinicaltrials.gov/study/NCT07043946","readout","870033352","12.76","14.415","1.36","87.3","573537.0","109564000","24.7","into 2028","company-guided","2028-12-15","https://www.sec.gov/Archives/edgar/data/1768446/000119312526210295/clym-ex99_1.htm","","","","","2026-07-24T12:34:14Z","","","","","",""
"ALNY","0001178670","ALNYLAM PHARMACEUTICALS, INC.","PhaseReadout","2027-12-27","month","Nucresiran","Hereditary Transthyretin-Mediated Amyloidosis With Polyneuropathy","clinicaltrials","https://clinicaltrials.gov/study/NCT07223203","PHASE3 | TRITON-PN: A Study to Evaluate the Efficacy and Safety of Nucresiran in Patients With Here | primary completion 2027-12-27","0.45","True","2026-07-24T11:49:11Z","","","","clinicaltrials","https://clinicaltrials.gov/study/NCT07223203","readout","35880168868","268.74","495.55","262.21","2.8","1140199.0","3009223000","","","","","","","","","","2026-07-24T12:34:14Z","","","","","",""
"ARWR","0000879407","ARROWHEAD PHARMACEUTICALS, INC.","PhaseReadout","2027-12-01","month","Plozasiran","Asthma","clinicaltrials","https://clinicaltrials.gov/study/NCT07241546","PHASE2 | Study of Inhaled ARO-RAGE in Allergen-induced Mild Asthma | primary completion 2027-12","0.45","True","2026-07-24T11:49:21Z","","","","clinicaltrials","https://clinicaltrials.gov/study/NCT07241546","readout","12223570460","86.78","95.49","15.01","89.2","2479204.0","1784091000","589.7","~590 mo (estimated)","estimated","2075-08-22","","","","","","2026-07-24T12:34:14Z","","","","","",""
"KURA","0001422143","Kura Oncology, Inc.","PhaseReadout","2026-08-01","month","Ziftomenib","AML","clinicaltrials","https://clinicaltrials.gov/study/NCT06001788","PHASE1 | Safety and Tolerability of Ziftomenib Combinations in Patients With Relapsed/Refractory Ac | primary completion 2026-08","0.45","True","2026-07-24T11:51:07Z","","","","clinicaltrials","https://clinicaltrials.gov/study/NCT06001788","readout","927692114","10.45","12.49","5.45","71.0","727530.0","580823000","89.4","~89 mo (estimated)","estimated","2033-12-31","","","","","","2026-07-24T12:34:14Z","","","","","",""
"PHAT","0001783183","Phathom Pharmaceuticals, Inc.","PhaseReadout","2026-10-01","month","Vonoprazan","Eosinophilic Esophagitis","clinicaltrials","https://clinicaltrials.gov/study/NCT06851559","PHASE2 | A Study in Adult Participants With EoE to Evaluate Vonoprazan 20 mg Compared to Placebo Af | primary completion 2026-10","0.45","True","2026-07-24T11:51:56Z","","","","clinicaltrials","https://clinicaltrials.gov/study/NCT06851559","readout","925168440","11.6","18.31","8.025","34.8","733221.0","180904000","22.3","~12+ months (company-stated, non-specific)","company-guided","","https://www.sec.gov/Archives/edgar/data/1783183/000119312526193946/phat-20260331.htm","","","","","2026-07-24T12:34:14Z","","","","","",""
"ARWR","0000879407","ARROWHEAD PHARMACEUTICALS, INC.","PhaseReadout","2027-06-01","month","Plozasiran","Alzheimer Disease","clinicaltrials","https://clinicaltrials.gov/study/NCT07221344","PHASE2 | Study of ARO-MAPT-SC in Healthy Participants and Participants With Early Alzheimer's Disea | primary completion 2027-06","0.45","True","2026-07-24T11:49:21Z","","","","clinicaltrials","https://clinicaltrials.gov/study/NCT07221344","readout","12223570460","86.78","95.49","15.01","89.2","2479204.0","1784091000","589.7","~590 mo (estimated)","estimated","2075-08-22","","","","","","2026-07-24T12:34:14Z","","","","","",""
"KURA","0001422143","Kura Oncology, Inc.","PhaseReadout","2027-12-31","month","Ziftomenib","Acute Myeloid Leukemia","clinicaltrials","https://clinicaltrials.gov/study/NCT06930352","PHASE2 | Ziftomenib for the Treatment of Patients With NPM1 Mutated or KMT2A Rearranged Acute Myelo | primary completion 2027-12-31","0.45","True","2026-07-24T11:51:07Z","","","","clinicaltrials","https://clinicaltrials.gov/study/NCT06930352","readout","927692114","10.45","12.49","5.45","71.0","727530.0","580823000","89.4","~89 mo (estimated)","estimated","2033-12-31","","","","","","2026-07-24T12:34:14Z","","","","","",""
"KURA","0001422143","Kura Oncology, Inc.","PhaseReadout","2027-01-01","month","Ziftomenib","Solid Tumors With HRAS Alterations","clinicaltrials","https://clinicaltrials.gov/study/NCT06026410","PHASE1 | KO-2806 Monotherapy and Combination Therapies in Advanced Solid Tumors | primary completion 2027-01","0.45","True","2026-07-24T11:51:07Z","","","","clinicaltrials","https://clinicaltrials.gov/study/NCT06026410;https://clinicaltrials.gov/study/NCT06376162","readout","927692114","10.45","12.49","5.45","71.0","727530.0","580823000","89.4","~89 mo (estimated)","estimated","2033-12-31","","","","","","2026-07-24T12:34:14Z","","","","","",""
"MDGL","0001157601","MADRIGAL PHARMACEUTICALS, INC.","PhaseReadout","2028-01-01","month","Resmetirom","NASH - Nonalcoholic Steatohepatitis","clinicaltrials","https://clinicaltrials.gov/study/NCT03900429","PHASE3 | A Phase 3 Study to Evaluate the Efficacy and Safety of MGL-3196 (Resmetirom) in Patients W | primary completion 2028-01","0.45","True","2026-07-24T11:51:20Z","","","","clinicaltrials","https://clinicaltrials.gov/study/NCT03900429","readout","12527292318","543.35","615.0","286.44","78.2","160513.0","817926000","36.6","~37 mo (estimated)","estimated","2029-08-09","","","","","","2026-07-24T12:34:14Z","","","","","",""
"NUVL","0001861560","Nuvalent","PhaseReadout","2027-01-01","month","Neladalkib","Locally Advanced Solid Tumor","clinicaltrials","https://clinicaltrials.gov/study/NCT06521554","PHASE1 | A Study of NVL-330 in Patients With Advanced or Metastatic HER2-altered NSCLC (HEROEX-1) | primary completion 2027-01","0.45","True","2026-07-24T11:51:38Z","","","","clinicaltrials","https://clinicaltrials.gov/study/NCT06521554","readout","9134982669","123.96","123.99","71.13","99.9","0.0","1287476000","49.4","into 2029","company-guided","2029-12-15","https://www.sec.gov/Archives/edgar/data/1861560/000186156026000020/nuvl-ex99_1.htm","","","","","2026-07-24T12:34:14Z","","","","","",""
"MIRM","0001759425","Mirum Pharmaceuticals, Inc.","PhaseReadout","2026-08-01","month","Brelovitug","Chronic Hepatitis D Infection","clinicaltrials","https://clinicaltrials.gov/study/NCT07298330","PHASE3 | A Trial Evaluating Brelovitug vs Delayed Treatment for the Treatment of Chronic Hepatitis  | primary completion 2026-08","0.45","True","2026-07-24T11:51:22Z","","","","clinicaltrials","https://clinicaltrials.gov/study/NCT07298330","readout","5740706750","114.36","130.0","50.25","80.4","1403720.0","386259000","27.1","~27 mo (estimated)","estimated","2028-10-24","","","","","","2026-07-24T12:34:14Z","","","","","",""
"NUVL","0001861560","Nuvalent","PhaseReadout","2027-12-31","month","Neladalkib","Locally Advanced Solid Tumor","clinicaltrials","https://clinicaltrials.gov/study/NCT05118789","PHASE2 | A Study of Zidesamtinib (NVL-520) in Patients With Advanced NSCLC and Other Solid Tumors H | primary completion 2027-12-31","0.45","True","2026-07-24T11:51:38Z","","","","clinicaltrials","https://clinicaltrials.gov/study/NCT05118789","readout","9134982669","123.96","123.99","71.13","99.9","0.0","1287476000","49.4","into 2029","company-guided","2029-12-15","https://www.sec.gov/Archives/edgar/data/1861560/000186156026000020/nuvl-ex99_1.htm","","","","","2026-07-24T12:34:14Z","","","","","",""
"KURA","0001422143","Kura Oncology, Inc.","PhaseReadout","2027-07-01","month","Ziftomenib","KMT2A-rearranged","clinicaltrials","https://clinicaltrials.gov/study/NCT07355335","PHASE1 | Ziftomenib + Mezigdomide in Adolesc. and Adults w/ R/R AML | primary completion 2027-07-01","0.45","True","2026-07-24T11:51:07Z","","","","clinicaltrials","https://clinicaltrials.gov/study/NCT07355335","readout","927692114","10.45","12.49","5.45","71.0","727530.0","580823000","89.4","~89 mo (estimated)","estimated","2033-12-31","","","","","","2026-07-24T12:34:14Z","","","","","",""
"RARE","0001515673","Ultragenyx Pharmaceutical Inc.","PhaseReadout","2027-01-01","month","Setrusumab","Osteogenesis Imperfecta","clinicaltrials","https://clinicaltrials.gov/study/NCT06636071","PHASE3 | Setrusumab in Pediatric Japanese Subjects With Osteogenesis Imperfecta | primary completion 2027-01","0.45","True","2026-07-24T11:52:08Z","","","","clinicaltrials","https://clinicaltrials.gov/study/NCT06636071","readout","2661178184","27.02","39.89","18.29","40.4","1888285.0","413000000","10.0","~10 mo (estimated)","estimated","2027-05-24","","ELEVATED — under 12 months","","","","2026-07-24T12:34:14Z","","","","","",""
"REGN","0000872589","Regeneron","PhaseReadout","2026-10-01","month","Cemiplimab","Melanoma","clinicaltrials","https://clinicaltrials.gov/study/NCT04291105","PHASE2 | Phase 2 Trial of Voyager V1 in Combination With Cemiplimab in Cancer Patients | primary completion 2026-10","0.45","True","2026-07-24T11:52:10Z","","","","clinicaltrials","https://clinicaltrials.gov/study/NCT04291105","readout","67161072020","651.91","821.11","541.0","39.6","1129331.0","8753700000","","","","","","","","","","2026-07-24T12:34:14Z","","","","","",""
"CLYM","0001768446","Climb Bio, Inc.","PhaseReadout","2027-04-01","month","budoprutug","Systemic Lupus Erythematosus","clinicaltrials","https://clinicaltrials.gov/study/NCT07011043","PHASE1 | A Phase 1b Study of Budoprutug in Systemic Lupus Erythematosus (SLE) | primary completion 2027-04","0.45","True","2026-07-24T11:49:58Z","","","","clinicaltrials","https://clinicaltrials.gov/study/NCT07011043","readout","870033352","12.76","14.415","1.36","87.3","573537.0","109564000","24.7","into 2028","company-guided","2028-12-15","https://www.sec.gov/Archives/edgar/data/1768446/000119312526210295/clym-ex99_1.htm","","","","","2026-07-24T12:34:14Z","","","","","",""
"CLYM","0001768446","Climb Bio, Inc.","PhaseReadout","2027-10-01","month","budoprutug","Primary Membranous Nephropathy","clinicaltrials","https://clinicaltrials.gov/study/NCT07096843","PHASE2 | A Phase 2 Study of Budoprutug in Subjects With Primary Membranous Nephropathy | primary completion 2027-10","0.45","True","2026-07-24T11:49:58Z","","","","clinicaltrials","https://clinicaltrials.gov/study/NCT07096843","readout","870033352","12.76","14.415","1.36","87.3","573537.0","109564000","24.7","into 2028","company-guided","2028-12-15","https://www.sec.gov/Archives/edgar/data/1768446/000119312526210295/clym-ex99_1.htm","","","","","2026-07-24T12:34:14Z","","","","","",""
"ARWR","0000879407","ARROWHEAD PHARMACEUTICALS, INC.","PhaseReadout","2026-09-30","month","Plozasiran","Hyperlipidemia; Mixed","clinicaltrials","https://clinicaltrials.gov/study/NCT07223658","PHASE2 | Study of ARO-DIMERPA in Adult Participants With Mixed Hyperlipidemia | primary completion 2026-09-30","0.45","True","2026-07-24T11:49:21Z","","","","clinicaltrials","https://clinicaltrials.gov/study/NCT07223658","readout","12223570460","86.78","95.49","15.01","89.2","2479204.0","1784091000","589.7","~590 mo (estimated)","estimated","2075-08-22","","","new","new","","2026-07-24T12:34:14Z","","","","","",""
"ARWR","0000879407","ARROWHEAD PHARMACEUTICALS, INC.","PhaseReadout","2027-09-17","month","Plozasiran","Obesity","clinicaltrials","https://clinicaltrials.gov/study/NCT06700538","PHASE2 | A First-In-Human Study of ARO-INHBE in Adults With Obesity With and Without Type 2 Diabete | primary completion 2027-09-17","0.45","True","2026-07-24T11:49:21Z","","","","clinicaltrials","https://clinicaltrials.gov/study/NCT06700538","readout","12223570460","86.78","95.49","15.01","89.2","2479204.0","1784091000","589.7","~590 mo (estimated)","estimated","2075-08-22","","","","","","2026-07-24T12:34:14Z","","","","","",""
"MDGL","0001157601","MADRIGAL PHARMACEUTICALS, INC.","PhaseReadout","2027-03-01","month","Resmetirom","Non-Alcoholic Fatty Liver Disease","clinicaltrials","https://clinicaltrials.gov/study/NCT04951219","PHASE3 | A Phase 3 Study to Evaluate Safety and Biomarkers of Resmetirom (MGL-3196) in Patients Wit | primary completion 2027-03","0.45","True","2026-07-24T11:51:20Z","","","","clinicaltrials","https://clinicaltrials.gov/study/NCT04951219","readout","12527292318","543.35","615.0","286.44","78.2","160513.0","817926000","36.6","~37 mo (estimated)","estimated","2029-08-09","","","","","","2026-07-24T12:34:14Z","","","","","",""
"REGN","0000872589","Regeneron","PhaseReadout","2027-05-15","month","Cemiplimab","Locally Recurrent Oral Cavity Squamous Cell Carcinoma","clinicaltrials","https://clinicaltrials.gov/study/NCT06448026","PHASE2 | Cemiplimab and Cetuximab Prior Salvage Surgery in Patients With Recurrent Oral Cavity and  | primary completion 2027-05-15","0.45","True","2026-07-24T11:52:10Z","","","","clinicaltrials","https://clinicaltrials.gov/study/NCT06448026","readout","67161072020","651.91","821.11","541.0","39.6","1129331.0","8753700000","","","","","","","new","new","","2026-07-24T12:34:14Z","","","","","",""
"CLYM","0001768446","Climb Bio, Inc.","PhaseReadout","2027-09-01","month","budoprutug","Systemic Lupus Erthematosus","clinicaltrials","https://clinicaltrials.gov/study/NCT07564596","PHASE2 | A Phase 1b/2a Study of Budoprutug in Systemic Lupus Erythematosus (SLE) | primary completion 2027-09","0.45","True","2026-07-24T11:49:58Z","","","","clinicaltrials","https://clinicaltrials.gov/study/NCT07564596","readout","870033352","12.76","14.415","1.36","87.3","573537.0","109564000","24.7","into 2028","company-guided","2028-12-15","https://www.sec.gov/Archives/edgar/data/1768446/000119312526210295/clym-ex99_1.htm","","","","","2026-07-24T12:34:14Z","","","","","",""
"KURA","0001422143","Kura Oncology, Inc.","PhaseReadout","2027-12-01","month","Ziftomenib","Gastrointestinal Stromal Tumor (GIST)","clinicaltrials","https://clinicaltrials.gov/study/NCT06655246","PHASE1 | A Study of Ziftomenib in Combination With Imatinib in Patients With Advanced Gastrointesti | primary completion 2027-12","0.45","True","2026-07-24T11:51:07Z","","","","clinicaltrials","https://clinicaltrials.gov/study/NCT06655246","readout","927692114","10.45","12.49","5.45","71.0","727530.0","580823000","89.4","~89 mo (estimated)","estimated","2033-12-31","","","","","","2026-07-24T12:34:14Z","","","","","",""
"NUVL","0001861560","Nuvalent","PhaseReadout","2027-12-01","month","Neladalkib","Locally Advanced Solid Tumor","clinicaltrials","https://clinicaltrials.gov/study/NCT05384626","PHASE2 | A Study of Neladalkib (NVL-655) in Patients With Advanced NSCLC and Other Solid Tumors Har | primary completion 2027-12","0.45","True","2026-07-24T11:51:38Z","","","","clinicaltrials","https://clinicaltrials.gov/study/NCT05384626","readout","9134982669","123.96","123.99","71.13","99.9","0.0","1287476000","49.4","into 2029","company-guided","2029-12-15","https://www.sec.gov/Archives/edgar/data/1861560/000186156026000020/nuvl-ex99_1.htm","","","","","2026-07-24T12:34:14Z","","","","","",""
"ARWR","0000879407","ARROWHEAD PHARMACEUTICALS, INC.","PhaseReadout","2027-02-01","month","Plozasiran","Obesity","clinicaltrials","https://clinicaltrials.gov/study/NCT06937203","PHASE2 | A First-In-Human Study of ARO-ALK7 in Adults With Obesity With and Without Type 2 Diabetes | primary completion 2027-02","0.45","True","2026-07-24T11:49:21Z","","","","clinicaltrials","https://clinicaltrials.gov/study/NCT06937203","readout","12223570460","86.78","95.49","15.01","89.2","2479204.0","1784091000","589.7","~590 mo (estimated)","estimated","2075-08-22","","","","","","2026-07-24T12:34:14Z","","","","","",""
"MIRM","0001759425","Mirum Pharmaceuticals, Inc.","PhaseReadout","2027-08-31","month","Brelovitug","Chronic Hepatitis D","clinicaltrials","https://clinicaltrials.gov/study/NCT07454837","PHASE3 | Study to Evaluate Switching to Brelovitug for the Treatment of CHD in Participants Receivi | primary completion 2027-08-31","0.45","True","2026-07-24T11:51:22Z","","","","clinicaltrials","https://clinicaltrials.gov/study/NCT07454837","readout","5740706750","114.36","130.0","50.25","80.4","1403720.0","386259000","27.1","~27 mo (estimated)","estimated","2028-10-24","","","","","","2026-07-24T12:34:14Z","","","","","",""
"BMEA","0001840439","Biomea Fusion, Inc.","PhaseReadout","2027-06-01","month","icovamenib","Type 2 Diabetes","clinicaltrials","https://clinicaltrials.gov/study/NCT07502508","PHASE2 | Phase 2 Trial of Icovamenib in Participants With Type 2 Diabetes Mellitus Who Are Not Achi | primary completion 2027-06","0.45","True","2026-07-24T11:49:39Z","","","","clinicaltrials","https://clinicaltrials.gov/study/NCT07502495;https://clinicaltrials.gov/study/NCT07502508","readout","74965333","1.26","2.99","0.872","18.3","358975.0","44693000","9.5","~10 mo (estimated)","estimated","2027-05-08","","ELEVATED — under 12 months","","","","2026-07-24T12:34:14Z","","","","","",""
"ABOS","0001576885","Acumen Pharmaceuticals, Inc.","PhaseReadout","2026-10-01","month","sabirnetug","Alzheimer Disease","clinicaltrials","https://clinicaltrials.gov/study/NCT06335173","PHASE2 | A Study to Evaluate Efficacy and Safety of Intravenous Sabirnetug in Participants With Ear | primary completion 2026-10","0.45","True","2026-07-24T11:48:59Z","","","","clinicaltrials","https://clinicaltrials.gov/study/NCT06335173","readout","131444278","2.17","3.6","1.19","40.7","286325.0","128398000","14.6","into early 2027","company-guided","2027-03-15","https://www.sec.gov/Archives/edgar/data/1576885/000162828026034204/abos-20260331.htm","","","","","2026-07-24T12:34:14Z","","","","","",""
"BMRN","0001048477","BIOMARIN PHARMACEUTICAL INC","PhaseReadout","2026-08-01","month","Vosoritide","Hypochondroplasia","clinicaltrials","https://clinicaltrials.gov/study/NCT06455059","PHASE3 | Interventional Study of Vosoritide for the Treatment of Children With Hypochondroplasia | primary completion 2026-08-01","0.45","True","2026-07-24T11:49:40Z","","","","clinicaltrials","https://clinicaltrials.gov/study/NCT06455059","readout","11378629080","58.87","66.28","49.26","56.5","2498063.0","2222435000","","","","","","","","","","2026-07-24T12:34:14Z","","","","","",""
"ARWR","0000879407","ARROWHEAD PHARMACEUTICALS, INC.","PhaseReadout","2027-08-20","month","Plozasiran","Homozygous Familial Hypercholesterolemia","clinicaltrials","https://clinicaltrials.gov/study/NCT07037771","PHASE3 | A Phase 3 Study of Zodasiran in Adolescent and Adult Subjects With Homozygous Familial Hyp | primary completion 2027-08-20","0.45","True","2026-07-24T11:49:21Z","","","","clinicaltrials","https://clinicaltrials.gov/study/NCT07037771","readout","12223570460","86.78","95.49","15.01","89.2","2479204.0","1784091000","589.7","~590 mo (estimated)","estimated","2075-08-22","","","","","","2026-07-24T12:34:14Z","","","","","",""
"AZN","0000901832","AstraZeneca/Alexion","PhaseReadout","2027-06-30","month","Durvalumab","Esophageal Squamous Cell Carcinoma","clinicaltrials","https://clinicaltrials.gov/study/NCT04550260","PHASE3 | Study of Durvalumab Versus Placebo in Combination With Definitive Chemoradiation Therapy i | primary completion 2027-06-30","0.45","True","2026-07-24T11:49:28Z","","","","clinicaltrials","https://clinicaltrials.gov/study/NCT04550260","readout","260777721616","168.27","212.71","142.98","36.3","2394060.0","7675000000","","","","","","","new","new","","2026-07-24T12:34:14Z","","","","","",""
"BMRN","0001048477","BIOMARIN PHARMACEUTICAL INC","PhaseReadout","2027-03-01","month","Vosoritide","Noonan Syndrome","clinicaltrials","https://clinicaltrials.gov/study/NCT06668805","PHASE2 | A Study of Vosoritide in Children With Noonan Syndrome With Inadequate Growth During or Af | primary completion 2027-03","0.45","True","2026-07-24T11:49:40Z","","","","clinicaltrials","https://clinicaltrials.gov/study/NCT06668805","readout","11378629080","58.87","66.28","49.26","56.5","2498063.0","2222435000","","","","","","","","","","2026-07-24T12:34:14Z","","","","","",""
"IMUX","0001280776","IMMUNIC, INC.","PhaseReadout","2026-11-01","month","IMU-838 tablets","Multiple Sclerosis","clinicaltrials","https://clinicaltrials.gov/study/NCT05134441","PHASE3 | Study to Evaluate the Efficacy, Safety, and Tolerability of IMU-838 in Patients With Relap | primary completion 2026-11","0.45","True","2026-07-24T11:50:51Z","","","","clinicaltrials","https://clinicaltrials.gov/study/NCT05134441;https://clinicaltrials.gov/study/NCT05201638","readout","140922737","14.28","15.84","5.06","85.5","238448.0","186629000","27.5","~28 mo (estimated)","estimated","2028-11-06","","","","","","2026-07-24T12:34:14Z","","","","","",""
"VIR","0001706431","Vir Biotechnology, Inc.","PhaseReadout","2026-12-01","month","Tobevibart","Viral Hepatitis","clinicaltrials","https://clinicaltrials.gov/study/NCT07128550","PHASE3 | A Study to Evaluate Tobevibart+Elebsiran in Participants With Chronic HDV Infection Not Vi | primary completion 2026-12","0.45","True","2026-07-24T11:52:45Z","","","","clinicaltrials","https://clinicaltrials.gov/study/NCT06491563;https://clinicaltrials.gov/study/NCT07128550","readout","1575209437","9.34","11.66","4.155","69.1","1514524.0","472363000","12.7","into 2H 2028","company-guided","2028-12-15","https://www.sec.gov/Archives/edgar/data/1706431/000162828026031273/a20260506-q1ex991earningsr.htm","","","","","2026-07-24T12:34:14Z","","","","","",""
"PHAR","0001828316","Pharming Group N.V.","PhaseReadout","2026-11-30","month","Leniolisib","APDS","clinicaltrials","https://clinicaltrials.gov/study/NCT05438407","PHASE3 | Pediatric Patients Aged 4 to 11 Years With APDS | primary completion 2026-11-30","0.45","True","2026-07-24T11:51:55Z","","","","clinicaltrials","https://clinicaltrials.gov/study/NCT05438407","readout","930134279","13.17","21.34","9.535","30.8","2048.0","170900000","","","","","","","","","","2026-07-24T12:34:14Z","","","","","",""
"AZN","0000901832","AstraZeneca/Alexion","PhaseReadout","2026-12-31","month","Durvalumab","Cancer","clinicaltrials","https://clinicaltrials.gov/study/NCT05303532","PHASE3 | Roll Over StudY for Patients Who Have Completed a Previous Oncology Study With Durvalumab | primary completion 2026-12-31","0.45","True","2026-07-24T11:49:28Z","","","","clinicaltrials","https://clinicaltrials.gov/study/NCT05303532","readout","260777721616","168.27","212.71","142.98","36.3","2394060.0","7675000000","","","","","","","new","new","","2026-07-24T12:34:14Z","","","","","",""
"VIR","0001706431","Vir Biotechnology, Inc.","PhaseReadout","2026-12-31","month","Tobevibart","Viral Hepatitis","clinicaltrials","https://clinicaltrials.gov/study/NCT06903338","PHASE3 | A Study to Evaluate Tobevibart + Elebsiran in Chronic HDV Infection | primary completion 2026-12-31","0.45","True","2026-07-24T11:52:45Z","","","","clinicaltrials","https://clinicaltrials.gov/study/NCT06903338","readout","1575209437","9.34","11.66","4.155","69.1","1514524.0","472363000","12.7","into 2H 2028","company-guided","2028-12-15","https://www.sec.gov/Archives/edgar/data/1706431/000162828026031273/a20260506-q1ex991earningsr.htm","","","","","2026-07-24T12:34:14Z","","","","","",""
"BCRX","0000882796","BIOCRYST PHARMACEUTICALS INC","PhaseReadout","2026-12-01","month","Navenibart","Hereditary Angioedema (HAE)","clinicaltrials","https://clinicaltrials.gov/study/NCT06842823","PHASE3 | A Study of Navenibart in Participants With Hereditary Angioedema | primary completion 2026-12","0.45","True","2026-07-24T11:49:32Z","","","","clinicaltrials","https://clinicaltrials.gov/study/NCT06842823","readout","1968803019","9.38","11.22","6.0","64.8","1635302.0","239254000","","","","","","","","","","2026-07-24T12:34:14Z","","","","","",""
"ATOS","0001488039","ATOSSA THERAPEUTICS, INC.","PhaseReadout","2026-11-01","month","(Z)-endoxifen","Breast Neoplasms","clinicaltrials","https://clinicaltrials.gov/study/NCT05607004","PHASE2 | (Z)-Endoxifen for the Treatment of Premenopausal Women With ER+/HER2- Breast Cancer | primary completion 2026-11","0.45","True","2026-07-24T11:49:24Z","","","","clinicaltrials","https://clinicaltrials.gov/study/NCT05607004","readout","20753378","2.41","19.35","1.7","4.0","37167.0","31718000","11.4","~11 mo (estimated)","estimated","2027-07-05","","ELEVATED — under 12 months","","","","2026-07-24T12:34:14Z","","","","","",""
"ARWR","0000879407","ARROWHEAD PHARMACEUTICALS, INC.","PhaseReadout","2026-12-01","month","Plozasiran","Myotonic Dystrophy 1","clinicaltrials","https://clinicaltrials.gov/study/NCT06138743","PHASE2 | Study of ARO-DM1 in Subjects With Type 1 Myotonic Dystrophy | primary completion 2026-12","0.45","True","2026-07-24T11:49:21Z","","","","clinicaltrials","https://clinicaltrials.gov/study/NCT06131983;https://clinicaltrials.gov/study/NCT06138743","readout","12223570460","86.78","95.49","15.01","89.2","2479204.0","1784091000","589.7","~590 mo (estimated)","estimated","2075-08-22","","","","","","2026-07-24T12:34:14Z","","","","","",""
"AZN","0000901832","AstraZeneca/Alexion","PhaseReadout","2026-09-01","month","Durvalumab","Small Cell Lung Carcinoma","clinicaltrials","https://clinicaltrials.gov/study/NCT06419179","PHASE2 | Maintenance Durvalumab (MEDI4736) and Olaparib (AZD2281) After Standard 1st Line Treatment | primary completion 2026-09","0.45","True","2026-07-24T11:49:28Z","","","","clinicaltrials","https://clinicaltrials.gov/study/NCT06419179","readout","260777721616","168.27","212.71","142.98","36.3","2394060.0","7675000000","","","","","","","new","new","","2026-07-24T12:34:14Z","","","","","",""
"MDGL","0001157601","MADRIGAL PHARMACEUTICALS, INC.","PhaseReadout","2026-12-01","month","Resmetirom","NASH","clinicaltrials","https://clinicaltrials.gov/study/NCT05500222","PHASE3 | A Phase 3 Study to Evaluate the Effect of Resmetirom on Clinical Outcomes in Patients With | primary completion 2026-12","0.45","True","2026-07-24T11:51:20Z","","","","clinicaltrials","https://clinicaltrials.gov/study/NCT05500222","readout","12527292318","543.35","615.0","286.44","78.2","160513.0","817926000","36.6","~37 mo (estimated)","estimated","2029-08-09","","","","","","2026-07-24T12:34:14Z","","","","","",""
"PBYI","0001401667","PUMA BIOTECHNOLOGY, INC.","PhaseReadout","2026-12-01","month","neratinib","Breast Cancer","clinicaltrials","https://clinicaltrials.gov/study/NCT03377387","PHASE2 | Capecitabine 7/7 Schedule With Neratinib in Patients With Metastatic HER2-Positive Breast  | primary completion 2026-12","0.45","True","2026-07-24T11:51:51Z","","","","clinicaltrials","https://clinicaltrials.gov/study/NCT03377387","readout","407704643","8.01","8.75","3.03","87.1","229905.0","101545000","","","","","","","","","","2026-07-24T12:34:14Z","","","","","",""
"KPTI","0001503802","Karyopharm Therapeutics Inc.","PhaseReadout","2027-04-01","month","Selinexor","Multiple Myeloma","clinicaltrials","https://clinicaltrials.gov/study/NCT02343042","PHASE2 | Selinexor and Backbone Treatments of Multiple Myeloma Patients | primary completion 2027-04","0.45","True","2026-07-24T11:51:06Z","","","","clinicaltrials","https://clinicaltrials.gov/study/NCT02343042","readout","160680266","7.09","10.99","3.65","46.9","680124.0","90850000","18.4","into 2026","company-guided","2026-12-15","https://www.sec.gov/Archives/edgar/data/1503802/000095017025106236/kpti-ex99_1.htm","","","","","2026-07-24T12:34:14Z","","","","","",""
"SNDX","0001395937","Syndax Pharmaceuticals Inc","PhaseReadout","2027-02-01","month","Revumenib","Acute Myeloid Leukemias","clinicaltrials","https://clinicaltrials.gov/study/NCT06226571","PHASE1 | A Study of SNDX-5613 in Combination With Intensive Chemotherapy in Participants With Acute | primary completion 2027-02","0.45","True","2026-07-24T11:52:24Z","","","","clinicaltrials","https://clinicaltrials.gov/study/NCT06226571","readout","1879418100","21.21","25.59","9.42","72.9","1306524.0","352064000","15.2","~15 mo (estimated)","estimated","2027-10-29","","","","","","2026-07-24T12:34:14Z","","","","","",""
"SNDX","0001395937","Syndax Pharmaceuticals Inc","PhaseReadout","2026-09-01","month","Revumenib","Idiopathic Pulmonary Fibrosis","clinicaltrials","https://clinicaltrials.gov/study/NCT06132256","PHASE2 | MAXPIRe: Study to Evaluate Axatilimab in Participants With Idiopathic Pulmonary Fibrosis ( | primary completion 2026-09","0.45","True","2026-07-24T11:52:24Z","","","","clinicaltrials","https://clinicaltrials.gov/study/NCT06132256","readout","1879418100","21.21","25.59","9.42","72.9","1306524.0","352064000","15.2","~15 mo (estimated)","estimated","2027-10-29","","","","","","2026-07-24T12:34:14Z","","","","","",""
"SNDX","0001395937","Syndax Pharmaceuticals Inc","PhaseReadout","2027-12-15","month","Revumenib","Acute Myeloid Leukemia","clinicaltrials","https://clinicaltrials.gov/study/NCT04065399","PHASE2 | A Study of Revumenib in R/R Leukemias Including Those With an MLL/KMT2A Gene Rearrangement | primary completion 2027-12-15","0.45","True","2026-07-24T11:52:24Z","","","","clinicaltrials","https://clinicaltrials.gov/study/NCT04065399","readout","1879418100","21.21","25.59","9.42","72.9","1306524.0","352064000","15.2","~15 mo (estimated)","estimated","2027-10-29","","","","","","2026-07-24T12:34:14Z","","","","","",""
"IONS","0000874015","Ionis","PhaseReadout","2027-03-01","month","Olezarsen","Severe Hypertriglyceridemia","clinicaltrials","https://clinicaltrials.gov/study/NCT05681351","PHASE3 | CORE-OLE: A Study of Olezarsen (ISIS 678354) Administered Subcutaneously to Participants W | primary completion 2027-03","0.45","True","2026-07-24T11:50:58Z","","","","clinicaltrials","https://clinicaltrials.gov/study/NCT05681351","readout","9233219004","55.87","86.74","40.03","33.9","3834334.0","1919113000","25.3","~25 mo (estimated)","estimated","2028-08-31","","","","","","2026-07-24T12:34:14Z","","","","","",""
"PBYI","0001401667","PUMA BIOTECHNOLOGY, INC.","PhaseReadout","2027-10-30","month","neratinib","Small Cell Lung Cancer","clinicaltrials","https://clinicaltrials.gov/study/NCT06095505","PHASE2 | A Study of Alisertib in Patients With Extensive Stage Small Cell Lung Cancer | primary completion 2027-10-30","0.45","True","2026-07-24T11:51:51Z","","","","clinicaltrials","https://clinicaltrials.gov/study/NCT06095505","readout","407704643","8.01","8.75","3.03","87.1","229905.0","101545000","","","","","","","","","","2026-07-24T12:34:14Z","","","","","",""
"NVO","0000353278","Novo Nordisk","PhaseReadout","2027-03-01","month","Cagrisema","Obesity","clinicaltrials","https://clinicaltrials.gov/study/NCT07011667","PHASE3 | A Research Study to Look at How Well CagriSema Helps People Living With Obesity Lose Weigh | primary completion 2027-03-01","0.45","True","2026-07-24T11:51:40Z","","","","clinicaltrials","https://clinicaltrials.gov/study/NCT07011667","readout","214101399367","48.18","71.8","35.12","35.6","8120373.0","21626000000","","","","","","","new","new","","2026-07-24T12:34:14Z","","","","","",""
"VTRS","0001792044","Viatris Inc","PhaseReadout","2026-10-31","month","Cenerimod","Lupus Erythematosus, Systemic","clinicaltrials","https://clinicaltrials.gov/study/NCT05648500","PHASE3 | A Research Study to Evaluate the Effects of a New Oral Medicine Called Cenerimod in Adults | primary completion 2026-10-31","0.45","True","2026-07-24T11:52:51Z","","","","clinicaltrials","https://clinicaltrials.gov/study/NCT05648500;https://clinicaltrials.gov/study/NCT05672576","readout","20123469861","17.28","17.68","8.63","95.6","7908816.0","1804200000","","","","","","","","","","2026-07-24T12:34:14Z","","","","","",""
"PBYI","0001401667","PUMA BIOTECHNOLOGY, INC.","PhaseReadout","2026-12-31","month","neratinib","Lung Cancer Metastatic","clinicaltrials","https://clinicaltrials.gov/study/NCT04085315","PHASE1 | Alisertib in Combination With Osimertinib in Metastatic EGFR-mutant Lung Cancer | primary completion 2026-12-31","0.45","True","2026-07-24T11:51:51Z","","","","clinicaltrials","https://clinicaltrials.gov/study/NCT04085315","readout","407704643","8.01","8.75","3.03","87.1","229905.0","101545000","","","","","","","","","","2026-07-24T12:34:14Z","","","","","",""
"TLSA","0001723069","Tiziana Life Sciences Ltd","PhaseReadout","2026-09-01","month","Foralumab","Secondary Progressive Multiple Sclerosis","clinicaltrials","https://clinicaltrials.gov/study/NCT06292923","PHASE2 | A Study of Nasal Foralumab in Non-Active Secondary Progressive Multiple Sclerosis Patients | primary completion 2026-09","0.45","True","2026-07-24T11:52:36Z","","","","clinicaltrials","https://clinicaltrials.gov/study/NCT06292923","readout","64902156","1.02","2.6","0.9099","6.5","489910.0","4010000","3.4","~3 mo (estimated)","estimated","2026-11-04","","ELEVATED — under 12 months","","","","2026-07-24T12:34:14Z","","","","","",""
"VERA","0001831828","Vera Therapeutics, Inc.","PhaseReadout","2026-09-01","month","Atacicept","IgA Nephropathy (IgAN)","clinicaltrials","https://clinicaltrials.gov/study/NCT07020923","PHASE2 | Monthly Dosing of Atacicept in IgAN | primary completion 2026-09","0.45","True","2026-07-24T11:52:45Z","","","","clinicaltrials","https://clinicaltrials.gov/study/NCT07020923","readout","2609308415","36.35","56.05","19.066","46.7","2972084.0","596760000","24.4","~24 mo (estimated)","estimated","2028-08-03","","","","","","2026-07-24T12:34:14Z","","","","","",""
"NVS","0001114448","NOVARTIS AG","PhaseReadout","2027-06-22","month","Ianalumab","Lupus Nephritis","clinicaltrials","https://clinicaltrials.gov/study/NCT05126277","PHASE3 | Safety, Efficacy and Tolerability of Ianalumab Versus Placebo, Combination With SoC Therap | primary completion 2027-06-22","0.45","True","2026-07-24T11:51:41Z","","","","clinicaltrials","https://clinicaltrials.gov/study/NCT05126277","readout","296777615118","156.14","170.46","112.34","75.4","2105344.0","7690031000","","","","","","","new","new","","2026-07-24T12:34:14Z","","","","","",""
"SNDX","0001395937","Syndax Pharmaceuticals Inc","PhaseReadout","2026-10-01","month","Revumenib","Refractory Acute Myeloid Leukemia","clinicaltrials","https://clinicaltrials.gov/study/NCT06177067","PHASE1 | Study of Revumenib, Azacitidine, and Venetoclax in Pediatric and Young Adult Patients With | primary completion 2026-10","0.45","True","2026-07-24T11:52:24Z","","","","clinicaltrials","https://clinicaltrials.gov/study/NCT06177067","readout","1879418100","21.21","25.59","9.42","72.9","1306524.0","352064000","15.2","~15 mo (estimated)","estimated","2027-10-29","","","","","","2026-07-24T12:34:14Z","","","","","",""
"KPTI","0001503802","Karyopharm Therapeutics Inc.","PhaseReadout","2026-12-01","month","Selinexor","Relapsed/Refractory Diffuse Large B-cell Lymphoma","clinicaltrials","https://clinicaltrials.gov/study/NCT04442022","PHASE3 | A Study of Rituximab-Gemcitabine-Dexamethasone-Platinum (R-GDP) With or Without Selinexor  | primary completion 2026-12","0.45","True","2026-07-24T11:51:06Z","","","","clinicaltrials","https://clinicaltrials.gov/study/NCT02227251;https://clinicaltrials.gov/study/NCT04442022","readout","160680266","7.09","10.99","3.65","46.9","680124.0","90850000","18.4","into 2026","company-guided","2026-12-15","https://www.sec.gov/Archives/edgar/data/1503802/000095017025106236/kpti-ex99_1.htm","","","","","2026-07-24T12:34:14Z","","","","","",""
"KPTI","0001503802","Karyopharm Therapeutics Inc.","PhaseReadout","2027-07-01","month","Selinexor","Relapse Multiple Myeloma","clinicaltrials","https://clinicaltrials.gov/study/NCT07479979","PHASE2 | Study of Selinexor With Carfilzomib, Isatuximab and Dexamethasone for Patients With Relaps | primary completion 2027-07","0.45","True","2026-07-24T11:51:06Z","","","","clinicaltrials","https://clinicaltrials.gov/study/NCT07479979","readout","160680266","7.09","10.99","3.65","46.9","680124.0","90850000","18.4","into 2026","company-guided","2026-12-15","https://www.sec.gov/Archives/edgar/data/1503802/000095017025106236/kpti-ex99_1.htm","","","","","2026-07-24T12:34:14Z","","","","","",""
"NVO","0000353278","Novo Nordisk","PhaseReadout","2027-09-01","month","Cagrisema","Cardiovascular Disease","clinicaltrials","https://clinicaltrials.gov/study/NCT05669755","PHASE3 | REDEFINE 3: A Research Study to See the Effects of CagriSema in People Living With Disease | primary completion 2027-09-01","0.45","True","2026-07-24T11:51:40Z","","","","clinicaltrials","https://clinicaltrials.gov/study/NCT05669755","readout","214101399367","48.18","71.8","35.12","35.6","8120373.0","21626000000","","","","","","","new","new","","2026-07-24T12:34:14Z","","","","","",""
"IONS","0000874015","Ionis","PhaseReadout","2027-06-01","month","Olezarsen","Familial Chylomicronemia Syndrome","clinicaltrials","https://clinicaltrials.gov/study/NCT05185843","PHASE3 | A Study of Olezarsen (Formerly Known as AKCEA-APOCIII-LRX) Administered to Adults With Fam | primary completion 2027-06","0.45","True","2026-07-24T11:50:58Z","","","","clinicaltrials","https://clinicaltrials.gov/study/NCT05185843","readout","9233219004","55.87","86.74","40.03","33.9","3834334.0","1919113000","25.3","~25 mo (estimated)","estimated","2028-08-31","","","","","","2026-07-24T12:34:14Z","","","","","",""
"KPTI","0001503802","Karyopharm Therapeutics Inc.","PhaseReadout","2027-06-01","month","Selinexor","Myelofibrosis","clinicaltrials","https://clinicaltrials.gov/study/NCT05980806","PHASE2 | A Study of Selinexor Monotherapy in Subjects With JAK Inhibitor-naïve Myelofibrosis and Mo | primary completion 2027-06","0.45","True","2026-07-24T11:51:06Z","","","","clinicaltrials","https://clinicaltrials.gov/study/NCT05980806","readout","160680266","7.09","10.99","3.65","46.9","680124.0","90850000","18.4","into 2026","company-guided","2026-12-15","https://www.sec.gov/Archives/edgar/data/1503802/000095017025106236/kpti-ex99_1.htm","","","","","2026-07-24T12:34:14Z","","","","","",""
"ACHV","0000949858","ACHIEVE LIFE SCIENCES, INC.","PhaseReadout","2026-11-15","month","Custirsen","Vaping Cessation","clinicaltrials","https://clinicaltrials.gov/study/NCT07392125","PHASE3 | Phase 3 Trial Evaluating the Efficacy and Safety of Cytisinicline for Vaping Cessation in  | primary completion 2026-11-15","0.45","True","2026-07-24T11:49:02Z","","","","clinicaltrials","https://clinicaltrials.gov/study/NCT07392125","readout","633406030","6.17","7.11","2.37","80.2","892970.0","29269000","7.8","~8 mo (estimated)","estimated","2027-03-18","","ELEVATED — under 12 months","","","","2026-07-24T12:34:14Z","","","","","",""
"SNDX","0001395937","Syndax Pharmaceuticals Inc","PhaseReadout","2027-06-01","month","Revumenib","Lymphoma","clinicaltrials","https://clinicaltrials.gov/study/NCT03179930","PHASE2 | Combination Therapy With Entinostat and Pembrolizumab in Relapsed and Refractory Lymphomas | primary completion 2027-06","0.45","True","2026-07-24T11:52:24Z","","","","clinicaltrials","https://clinicaltrials.gov/study/NCT03179930","readout","1879418100","21.21","25.59","9.42","72.9","1306524.0","352064000","15.2","~15 mo (estimated)","estimated","2027-10-29","","","new","new","","2026-07-24T12:34:14Z","","","","","",""
"PBYI","0001401667","PUMA BIOTECHNOLOGY, INC.","PhaseReadout","2027-06-30","month","neratinib","Hormone Receptor Positive HER-2 Negative Breast Cancer","clinicaltrials","https://clinicaltrials.gov/study/NCT06369285","PHASE2 | A Study of Alisertib in Combination With Endocrine Therapy in Patients With HR-positive, H | primary completion 2027-06-30","0.45","True","2026-07-24T11:51:51Z","","","","clinicaltrials","https://clinicaltrials.gov/study/NCT06369285","readout","407704643","8.01","8.75","3.03","87.1","229905.0","101545000","","","","","","","","","","2026-07-24T12:34:14Z","","","","","",""
"SNDX","0001395937","Syndax Pharmaceuticals Inc","PhaseReadout","2026-12-01","month","Revumenib","Leukemia","clinicaltrials","https://clinicaltrials.gov/study/NCT06229912","PHASE2 | A Phase II Study of the Menin Inhibitor Revumenib in Leukemia Associated With Upregulation | primary completion 2026-12-01","0.45","True","2026-07-24T11:52:24Z","","","","clinicaltrials","https://clinicaltrials.gov/study/NCT05360160;https://clinicaltrials.gov/study/NCT06229912","readout","1879418100","21.21","25.59","9.42","72.9","1306524.0","352064000","15.2","~15 mo (estimated)","estimated","2027-10-29","","","new","new","","2026-07-24T12:34:14Z","","","","","",""
"VERA","0001831828","Vera Therapeutics, Inc.","PhaseReadout","2027-11-01","month","Atacicept","pMN","clinicaltrials","https://clinicaltrials.gov/study/NCT06983028","PHASE2 | Atacicept in Multiple Glomerular Diseases | primary completion 2027-11","0.45","True","2026-07-24T11:52:45Z","","","","clinicaltrials","https://clinicaltrials.gov/study/NCT06983028","readout","2609308415","36.35","56.05","19.066","46.7","2972084.0","596760000","24.4","~24 mo (estimated)","estimated","2028-08-03","","","","","","2026-07-24T12:34:14Z","","","","","",""
"KPTI","0001503802","Karyopharm Therapeutics Inc.","PhaseReadout","2026-09-01","month","Selinexor","Myelofibrosis","clinicaltrials","https://clinicaltrials.gov/study/NCT04562870","PHASE2 | A Study to Evaluate Single Agent Selinexor Versus Physician's Choice in Participants With  | primary completion 2026-09","0.45","True","2026-07-24T11:51:06Z","","","","clinicaltrials","https://clinicaltrials.gov/study/NCT04562870","readout","160680266","7.09","10.99","3.65","46.9","680124.0","90850000","18.4","into 2026","company-guided","2026-12-15","https://www.sec.gov/Archives/edgar/data/1503802/000095017025106236/kpti-ex99_1.htm","","","","","2026-07-24T12:34:14Z","","","","","",""
"SNDX","0001395937","Syndax Pharmaceuticals Inc","PhaseReadout","2026-12-30","month","Revumenib","Acute Myeloid Leukemia","clinicaltrials","https://clinicaltrials.gov/study/NCT06284486","PHASE2 | A Multi-Site Break Through Cancer Trial: Phase II Study Investigating Dual Inhibition of B | primary completion 2026-12-30","0.45","True","2026-07-24T11:52:24Z","","","","clinicaltrials","https://clinicaltrials.gov/study/NCT06284486","readout","1879418100","21.21","25.59","9.42","72.9","1306524.0","352064000","15.2","~15 mo (estimated)","estimated","2027-10-29","","","","","","2026-07-24T12:34:14Z","","","","","",""
"KPTI","0001503802","Karyopharm Therapeutics Inc.","PhaseReadout","2026-08-01","month","Selinexor","Endometrial Cancer","clinicaltrials","https://clinicaltrials.gov/study/NCT05611931","PHASE3 | Selinexor in Maintenance Therapy After Systemic Therapy for Participants With p53 Wild-Typ | primary completion 2026-08","0.45","True","2026-07-24T11:51:06Z","","","","clinicaltrials","https://clinicaltrials.gov/study/NCT05611931","readout","160680266","7.09","10.99","3.65","46.9","680124.0","90850000","18.4","into 2026","company-guided","2026-12-15","https://www.sec.gov/Archives/edgar/data/1503802/000095017025106236/kpti-ex99_1.htm","","","","","2026-07-24T12:34:14Z","","","","","",""
"KPTI","0001503802","Karyopharm Therapeutics Inc.","PhaseReadout","2028-01-01","month","Selinexor","Multiple Myeloma, Refractory","clinicaltrials","https://clinicaltrials.gov/study/NCT04414475","PHASE2 | A Study of Selinexor (Seli) + Low-dose Dexamethasone (LDD) in Penta-refractory Multiple My | primary completion 2028-01","0.45","True","2026-07-24T11:51:06Z","","","","clinicaltrials","https://clinicaltrials.gov/study/NCT04414475","readout","160680266","7.09","10.99","3.65","46.9","680124.0","90850000","18.4","into 2026","company-guided","2026-12-15","https://www.sec.gov/Archives/edgar/data/1503802/000095017025106236/kpti-ex99_1.htm","","","","","2026-07-24T12:34:14Z","","","","","",""
"RZLT","0001509261","Rezolute, Inc.","PhaseReadout","2027-09-01","month","Ersodetug","Tumor Hyperinsulinism (Tumor HI)","clinicaltrials","https://clinicaltrials.gov/study/NCT06881992","PHASE3 | A Phase 3 Study of Ersodetug in Patients With Tumor Hyperinsulinism | primary completion 2027-09","0.45","True","2026-07-24T11:52:15Z","","","","clinicaltrials","https://clinicaltrials.gov/study/NCT06881992","readout","511312113","5.31","11.457","1.07","40.8","2162798.0","120268000","19.6","~20 mo (estimated)","estimated","2028-03-10","","","","","","2026-07-24T12:34:14Z","","","","","",""
"ACTU","0001652935","ACTUATE THERAPEUTICS, INC.","PhaseReadout","2026-12-31","month","Losartan","Pancreatic Adenocarcinoma","clinicaltrials","https://clinicaltrials.gov/study/NCT05077800","PHASE2 | FOLFIRINOX + Elraglusib + Losartan In Pancreatic Cancer | primary completion 2026-12-31","0.45","True","2026-07-24T11:49:04Z","","","","clinicaltrials","https://clinicaltrials.gov/study/NCT05077800","readout","30146574","1.26","9.22","1.16","1.2","118312.0","8134004","5.0","~5 mo (estimated)","estimated","2026-12-23","","ELEVATED — under 12 months","","","","2026-07-24T12:34:14Z","","","","","",""
"AIM","0000946644","AIM ImmunoTech Inc.","PhaseReadout","2027-04-30","month","Ampligen","Prostate Adenocarcinoma","clinicaltrials","https://clinicaltrials.gov/study/NCT03899987","PHASE2 | Aspirin and Rintatolimod With or Without Interferon-alpha 2b in Treating Patients With Pro | primary completion 2027-04-30","0.45","True","2026-07-24T11:49:09Z","","","","clinicaltrials","https://clinicaltrials.gov/study/NCT03899987","readout","850885","0.25","19.73812","0.21","0.2","472439.0","5879000","6.2","~6 mo (estimated)","estimated","2027-01-28","","ELEVATED — under 12 months","","","","2026-07-24T12:34:14Z","","","","","",""
"MDWD","0001593984","MediWound Ltd.","PhaseReadout","2026-12-01","month","EscharEx","Venous Leg Ulcer (VLU)","clinicaltrials","https://clinicaltrials.gov/study/NCT06568627","PHASE3 | A Double Blind Study Performed to Evaluate the Efficacy and the Safety of EscharEx in Debr | primary completion 2026-12","0.45","True","2026-07-24T11:51:21Z","","","","clinicaltrials","https://clinicaltrials.gov/study/NCT06568627","readout","155007590","14.27","21.08","13.54","9.7","73069.0","44646000","28.6","~29 mo (estimated)","estimated","2028-12-09","","","","","","2026-07-24T12:34:14Z","","","","","",""
"MDWD","0001593984","MediWound Ltd.","PhaseReadout","2027-12-30","month","EscharEx","Venus Leg Ulcers","clinicaltrials","https://clinicaltrials.gov/study/NCT06690177","PHASE2 | Clinical Study to Evaluate the Safety and the Efficacy of EscharEx Drug Product (EX-03 For | primary completion 2027-12-30","0.45","True","2026-07-24T11:51:21Z","","","","clinicaltrials","https://clinicaltrials.gov/study/NCT06690177","readout","155007590","14.27","21.08","13.54","9.7","73069.0","44646000","28.6","~29 mo (estimated)","estimated","2028-12-09","","","","","","2026-07-24T12:34:14Z","","","","","",""
"TECX","0001681087","Tectonic Therapeutic, Inc.","PhaseReadout","2026-11-24","month","TX000045- Dose A","Pulmonary Hypertension","clinicaltrials","https://clinicaltrials.gov/study/NCT06616974","PHASE2 | A Study of TX000045 in Patients With Pulmonary Hypertension Secondary to Heart Failure Wit | primary completion 2026-11-24","0.45","True","2026-07-24T11:52:33Z","","","","clinicaltrials","https://clinicaltrials.gov/study/NCT06616974","readout","596454969","31.61","39.53","14.39","68.5","105034.0","236894000","43.5","~44 mo (estimated)","estimated","2030-03-07","","","","","","2026-07-24T12:34:14Z","","","","","",""
"MNKD","0000899460","MANNKIND CORP","PhaseReadout","2027-03-01","month","Afrezza","Type 1 Diabetes Mellitus","clinicaltrials","https://clinicaltrials.gov/study/NCT07224321","PHASE2 | INHALE-1st: Afrezza® For Youth With Newly-Diagnosed Type 1 Diabetes | primary completion 2027-03","0.45","True","2026-07-24T11:51:25Z","","","","clinicaltrials","https://clinicaltrials.gov/study/NCT07224321","readout","1201816146","3.89","6.51","2.23","38.8","2935888.0","133860999","","","","","","","","","","2026-07-24T12:34:14Z","","","","","",""
"AURA","0001501796","Aura Biosciences, Inc.","PhaseReadout","2027-03-01","month","Bel-sar","Non-muscle-invasive Bladder Cancer","clinicaltrials","https://clinicaltrials.gov/study/NCT05483868","PHASE1 | A Phase 1, Open-label Trial of Belzupacap Sarotalocan (AU-011) in Bladder Cancer | primary completion 2027-03","0.45","True","2026-07-24T11:49:24Z","","","","clinicaltrials","https://clinicaltrials.gov/study/NCT05483868","readout","462238387","7.2","9.535","4.73","51.4","230701.0","114733000","15.1","into 2H 2028","company-guided","2028-12-15","https://www.sec.gov/Archives/edgar/data/1501796/000119312526216808/aura-20260331.htm","","","","","2026-07-24T12:34:14Z","","","","","",""
"BCTX","0001610820","BriaCell Therapeutics Corp.","PhaseReadout","2027-12-01","month","SV-BR-1-GM","Breast Cancer","clinicaltrials","https://clinicaltrials.gov/study/NCT06072612","PHASE3 | Study of the Bria-IMT Regimen and CPI vs Physicians' Choice in Advanced Metastatic Breast  | primary completion 2027-12","0.45","True","2026-07-24T11:49:33Z","","","","clinicaltrials","https://clinicaltrials.gov/study/NCT06072612","readout","7007517","3.72","14.68","2.6","9.3","36934.0","22804425","7.4","~7 mo (estimated)","estimated","2027-03-05","","ELEVATED — under 12 months","","","","2026-07-24T12:34:14Z","","","","","",""
"OCUL","0001393434","OCULAR THERAPEUTIX, INC","PhaseReadout","2027-01-08","month","Otx-Tki","Neovascular Age-related Macular Degeneration","clinicaltrials","https://clinicaltrials.gov/study/NCT06495918","PHASE3 | Study to Evaluate the Efficacy and Safety of Intravitreal OTX-TKI (Axitinib Implant) in Su | primary completion 2027-01-08","0.45","True","2026-07-24T11:51:44Z","","","","clinicaltrials","https://clinicaltrials.gov/study/NCT06495918","readout","1887438286","8.62","16.44","6.23","23.4","1811774.0","666699000","35.4","~35 mo (estimated)","estimated","2029-07-04","","","","","","2026-07-24T12:34:14Z","","","","","",""
"TLX","0002007191","Telix Pharmaceuticals Ltd","PhaseReadout","2027-12-31","month","68Ga-PSMA-11","Prostate Cancer","clinicaltrials","https://clinicaltrials.gov/study/NCT04402151","PHASE2 | Study of PSMA PET/MR Guided Stereotactic Body Radiation Therapy With Simultaneous Integrat | primary completion 2027-12-31","0.45","True","2026-07-24T11:52:37Z","","","","clinicaltrials","https://clinicaltrials.gov/study/NCT04402151","readout","3560546785","10.51","14.27","6.28","52.9","121218.0","212529454","","","","","","","","","","2026-07-24T12:34:14Z","","","","","",""
"AURA","0001501796","Aura Biosciences, Inc.","PhaseReadout","2027-11-15","month","Bel-sar","Choroidal Melanoma","clinicaltrials","https://clinicaltrials.gov/study/NCT06007690","PHASE3 | A Phase 3 Randomized, Masked, Controlled Trial to Evaluate Efficacy and Safety of Belzupac | primary completion 2027-11-15","0.45","True","2026-07-24T11:49:24Z","","","","clinicaltrials","https://clinicaltrials.gov/study/NCT06007690","readout","462238387","7.2","9.535","4.73","51.4","230701.0","114733000","15.1","into 2H 2028","company-guided","2028-12-15","https://www.sec.gov/Archives/edgar/data/1501796/000119312526216808/aura-20260331.htm","","","","","2026-07-24T12:34:14Z","","","","","",""
"OCUL","0001393434","OCULAR THERAPEUTIX, INC","PhaseReadout","2027-03-01","month","Otx-Tki","Non-Proliferative Diabetic Retinopathy","clinicaltrials","https://clinicaltrials.gov/study/NCT07235085","PHASE3 | A Study to Evaluate the Efficacy and Safety of OTX-TKI (Axitinib Implant) in Participants  | primary completion 2027-03","0.45","True","2026-07-24T11:51:44Z","","","","clinicaltrials","https://clinicaltrials.gov/study/NCT07235085","readout","1887438286","8.62","16.44","6.23","23.4","1811774.0","666699000","35.4","~35 mo (estimated)","estimated","2029-07-04","","","","","","2026-07-24T12:34:14Z","","","","","",""
"TLX","0002007191","Telix Pharmaceuticals Ltd","PhaseReadout","2027-07-01","month","68Ga-PSMA-11","Neoplastic Disease","clinicaltrials","https://clinicaltrials.gov/study/NCT07100730","PHASE3 | Study of TLX101-Tx Plus Standard of Care (SoC) Versus SoC Alone for the Treatment of Patie | primary completion 2027-07","0.45","True","2026-07-24T11:52:37Z","","","","clinicaltrials","https://clinicaltrials.gov/study/NCT07100730","readout","3560546785","10.51","14.27","6.28","52.9","121218.0","212529454","","","","","","","","","","2026-07-24T12:34:14Z","","","","","",""
"TLX","0002007191","Telix Pharmaceuticals Ltd","PhaseReadout","2027-10-30","month","68Ga-PSMA-11","Advanced Cancer","clinicaltrials","https://clinicaltrials.gov/study/NCT05663710","PHASE2 | Phase 1b/2 Study of Combination 177Lu Girentuximab Plus Cabozantinib and Nivolumab in Trea | primary completion 2027-10-30","0.45","True","2026-07-24T11:52:37Z","","","","clinicaltrials","https://clinicaltrials.gov/study/NCT05663710","readout","3560546785","10.51","14.27","6.28","52.9","121218.0","212529454","","","","","","","","","","2026-07-24T12:34:14Z","","","","","",""
"TLX","0002007191","Telix Pharmaceuticals Ltd","PhaseReadout","2027-01-01","month","68Ga-PSMA-11","PCA","clinicaltrials","https://clinicaltrials.gov/study/NCT07052214","PHASE3 | PSMA PET Combined With MRI for the Detection of PCa | primary completion 2027-01","0.45","True","2026-07-24T11:52:37Z","","","","clinicaltrials","https://clinicaltrials.gov/study/NCT07052214","readout","3560546785","10.51","14.27","6.28","52.9","121218.0","212529454","","","","","","","new","new","","2026-07-24T12:34:14Z","","","","","",""
"TLX","0002007191","Telix Pharmaceuticals Ltd","PhaseReadout","2027-12-01","month","68Ga-PSMA-11","Metastatic Castration-resistant Prostate Cancer","clinicaltrials","https://clinicaltrials.gov/study/NCT06520345","PHASE3 | The Study of 177Lu-TLX591 Plus SOC Versus SOC Alone in Patients With mCRPC (ProstACT Globa | primary completion 2027-12","0.45","True","2026-07-24T11:52:37Z","","","","clinicaltrials","https://clinicaltrials.gov/study/NCT06520345","readout","3560546785","10.51","14.27","6.28","52.9","121218.0","212529454","","","","","","","","","","2026-07-24T12:34:14Z","","","","","",""
"VXRT","0000072444","Vaxart, Inc.","PhaseReadout","2027-05-01","month","VXA-COV2-3.3","SARS-CoV2","clinicaltrials","https://clinicaltrials.gov/study/NCT06672055","PHASE2 | A Study to Evaluate VXA-CoV2-3.3 COVID-19 Vaccine Against Currently Approved/Authorized mR | primary completion 2027-05","0.45","True","2026-07-24T11:52:52Z","","","","clinicaltrials","https://clinicaltrials.gov/study/NCT06672055","readout","121022419","0.5","0.84","0.31","35.8","227342.0","61022000","","into Q2 2027","company-guided","2027-06-15","https://www.sec.gov/Archives/edgar/data/72444/000143774926008023/vxrt20251231_10k.htm","","","","","2026-07-24T12:34:14Z","","","","","",""
"PVLA","0001583648","PALVELLA THERAPEUTICS, INC.","PhaseReadout","2027-08-01","month","QTORIN","Angiokeratomas","clinicaltrials","https://clinicaltrials.gov/study/NCT07552077","PHASE2 | A Phase 2, Baseline-Controlled Study Evaluating the Safety and Efficacy of PTX-022 (Siroli | primary completion 2027-08","0.45","True","2026-07-24T11:52:02Z","","","","clinicaltrials","https://clinicaltrials.gov/study/NCT07552077","readout","1695179163","143.205","161.38","34.57","85.7","134604.0","261853000","108.0","into 2H 2027","company-guided","2027-12-15","https://www.sec.gov/Archives/edgar/data/1583648/000119312525274378/pvla-ex99_1.htm","","","","","2026-07-24T12:34:14Z","","","","","",""
"TLX","0002007191","Telix Pharmaceuticals Ltd","PhaseReadout","2027-08-01","month","68Ga-PSMA-11","Clear Cell Renal Cell Carcinoma (ccRCC)","clinicaltrials","https://clinicaltrials.gov/study/NCT07077083","PHASE2 | CAIX PET/CT for Residual or Recurrent Post-ablative ccRCC | primary completion 2027-08-01","0.45","True","2026-07-24T11:52:37Z","","","","clinicaltrials","https://clinicaltrials.gov/study/NCT07077083","readout","3560546785","10.51","14.27","6.28","52.9","121218.0","212529454","","","","","","","","","","2026-07-24T12:34:14Z","","","","","",""
"TLX","0002007191","Telix Pharmaceuticals Ltd","PhaseReadout","2026-11-01","month","68Ga-PSMA-11","Prostate Adenocarcinoma","clinicaltrials","https://clinicaltrials.gov/study/NCT06044857","PHASE1 | PSMA PET Response Guided SabR in High Risk Pca | primary completion 2026-11","0.45","True","2026-07-24T11:52:37Z","","","","clinicaltrials","https://clinicaltrials.gov/study/NCT06044857","readout","3560546785","10.51","14.27","6.28","52.9","121218.0","212529454","","","","","","","","","","2026-07-24T12:34:14Z","","","","","",""
"AURA","0001501796","Aura Biosciences, Inc.","PhaseReadout","2026-11-30","month","Bel-sar","Eye Cancer","clinicaltrials","https://clinicaltrials.gov/study/NCT06643884","PHASE2 | Suprachoroidal Administration in Subjects With Metastases to the Choroid | primary completion 2026-11-30","0.45","True","2026-07-24T11:49:24Z","","","","clinicaltrials","https://clinicaltrials.gov/study/NCT06643884","readout","462238387","7.2","9.535","4.73","51.4","230701.0","114733000","15.1","into 2H 2028","company-guided","2028-12-15","https://www.sec.gov/Archives/edgar/data/1501796/000119312526216808/aura-20260331.htm","","","","","2026-07-24T12:34:14Z","","","","","",""
"TLX","0002007191","Telix Pharmaceuticals Ltd","PhaseReadout","2027-08-31","month","68Ga-PSMA-11","ccRCC","clinicaltrials","https://clinicaltrials.gov/study/NCT07197580","PHASE3 | Phase 3 Study to Assess Safety and Efficacy of 177Lu-TLX250 in Advanced Relapsed or Recurr | primary completion 2027-08-31","0.45","True","2026-07-24T11:52:37Z","","","","clinicaltrials","https://clinicaltrials.gov/study/NCT07197580","readout","3560546785","10.51","14.27","6.28","52.9","121218.0","212529454","","","","","","","","","","2026-07-24T12:34:14Z","","","","","",""
"INBX","0002007919","Inhibrx Biosciences, Inc.","PhaseReadout","2027-06-01","month","INBRX-106","Triple Negative Breast Cancer","clinicaltrials","https://clinicaltrials.gov/study/NCT06353997","PHASE2 | Neoadjuvant INBRX-106 in Combination With Pembrolizumab for Stage II/III TNBC Patients | primary completion 2027-06","0.45","True","2026-07-24T11:50:54Z","","","","clinicaltrials","https://clinicaltrials.gov/study/NCT06353997","readout","1247050810","85.0","155.29","20.55","47.8","165532.0","161657000","14.7","~15 mo (estimated)","estimated","2027-10-13","","","","","","2026-07-24T12:34:14Z","","","","","",""
"INKT","0001840229","MiNK Therapeutics, Inc.","PhaseReadout","2027-06-01","month","agenT-797","Pneumonia","clinicaltrials","https://clinicaltrials.gov/study/NCT07615010","PHASE2 | A Clinical Trial to Evaluate agenT-797 Plus Standard of Care in Participants With Severe P | primary completion 2027-06","0.45","True","2026-07-24T11:50:55Z","","","","clinicaltrials","https://clinicaltrials.gov/study/NCT07615010","readout","51612474","10.36","20.25","8.48","16.0","5938.0","9525676","18.1","~18 mo (estimated)","estimated","2028-01-25","","","","","","2026-07-24T12:34:14Z","","","","","",""
"JAZZ","0001232524","Jazz Pharmaceuticals","PhaseReadout","2027-12-23","month","Xywav","Narcolepsy","clinicaltrials","https://clinicaltrials.gov/study/NCT07625280","PHASE3 | A Study Evaluating the Efficacy and Safety of Xywav Expanded Dosing vs Placebo in Particip | primary completion 2027-12-23","0.45","True","2026-07-24T11:51:02Z","","","","clinicaltrials","https://clinicaltrials.gov/study/NCT07625280","readout","16010321712","254.87","255.2","105.0","99.8","527842.0","2874300000","","","","","","","","","","2026-07-24T12:34:14Z","","","","","",""
"OCGN","0001372299","Ocugen, Inc.","PhaseReadout","2027-02-12","month","OCU410ST","Retinitis Pigmentosa","clinicaltrials","https://clinicaltrials.gov/study/NCT06388200","PHASE3 | A Phase 3 Study Of OCU400 Gene Therapy for the Treatment Of Retinitis Pigmentosa | primary completion 2027-02-12","0.45","True","2026-07-24T11:51:43Z","","","","clinicaltrials","https://clinicaltrials.gov/study/NCT06388200","readout","429922757","1.27","2.725","0.931","18.9","3289858.0","31855000","6.4","into late 2026","company-guided","2026-12-15","https://www.sec.gov/Archives/edgar/data/1372299/000162828026014435/ocgn-20251231.htm","ELEVATED — under 12 months","","","","2026-07-24T12:34:14Z","","","","","",""
"OCGN","0001372299","Ocugen, Inc.","PhaseReadout","2027-03-01","month","OCU410ST","Retinitis Pigmentosa","clinicaltrials","https://clinicaltrials.gov/study/NCT05203939","PHASE2 | Study to Assess the Safety and Efficacy of OCU400 for Retinitis Pigmentosa and Leber Conge | primary completion 2027-03","0.45","True","2026-07-24T11:51:43Z","","","","clinicaltrials","https://clinicaltrials.gov/study/NCT05203939","readout","429922757","1.27","2.725","0.931","18.9","3289858.0","31855000","6.4","into late 2026","company-guided","2026-12-15","https://www.sec.gov/Archives/edgar/data/1372299/000162828026014435/ocgn-20251231.htm","ELEVATED — under 12 months","","","","2026-07-24T12:34:14Z","","","","","",""
"INBX","0002007919","Inhibrx Biosciences, Inc.","PhaseReadout","2026-10-30","month","INBRX-106","Solid Tumor","clinicaltrials","https://clinicaltrials.gov/study/NCT04198766","PHASE2 | Study of INBRX-106 and INBRX-106 in Combination With Pembrolizumab (Keytruda®) in Subjects | primary completion 2026-10-30","0.45","True","2026-07-24T11:50:54Z","","","","clinicaltrials","https://clinicaltrials.gov/study/NCT04198766","readout","1247050810","85.0","155.29","20.55","47.8","165532.0","161657000","14.7","~15 mo (estimated)","estimated","2027-10-13","","","","","","2026-07-24T12:34:14Z","","","","","",""
"OCGN","0001372299","Ocugen, Inc.","PhaseReadout","2026-09-28","month","OCU410ST","Stargardt Disease","clinicaltrials","https://clinicaltrials.gov/study/NCT05956626","PHASE3 | A Phase 2/3 Trial to Assess the Efficacy and Safety of OCU410ST for Stargardt Disease | primary completion 2026-09-28","0.45","True","2026-07-24T11:51:43Z","","","","clinicaltrials","https://clinicaltrials.gov/study/NCT05956626","readout","429922757","1.27","2.725","0.931","18.9","3289858.0","31855000","6.4","into late 2026","company-guided","2026-12-15","https://www.sec.gov/Archives/edgar/data/1372299/000162828026014435/ocgn-20251231.htm","ELEVATED — under 12 months","","","","2026-07-24T12:34:14Z","","","","","",""
"NBTX","0001760854","Nanobiotix S.A.","PhaseReadout","2027-04-30","month","NBTXR3","Radiotherapy","clinicaltrials","https://clinicaltrials.gov/study/NCT03589339","PHASE1 | NBTXR3 Activated by Radiotherapy for Patients With Advanced Cancers Treated With An Anti-P | primary completion 2027-04-30","0.45","True","2026-07-24T11:51:32Z","","","","clinicaltrials","https://clinicaltrials.gov/study/NCT03589339","readout","2001130413","39.55","57.14","6.09","65.5","152602.0","52750000","11.9","~12 mo (estimated)","estimated","2027-07-20","","ELEVATED — under 12 months","","","","2026-07-24T12:34:14Z","","","","","",""
"MANE","0001827635","Veradermics, Inc","PhaseReadout","2026-08-01","month","VDPHL01","Androgenetic Alopecia","clinicaltrials","https://clinicaltrials.gov/study/NCT06527365","PHASE2 | Safety and Efficacy of VDPHL01 in Males and Females With AGA | primary completion 2026-08","0.45","True","2026-07-24T11:51:18Z","","","","clinicaltrials","https://clinicaltrials.gov/study/NCT06527365","readout","4840478676","115.86","131.24","32.0","84.5","394045.0","390797000","96.8","into 2030","company-guided","2030-12-15","https://www.sec.gov/Archives/edgar/data/1827635/000182763526000016/ex991q126earnings.htm","","","","","2026-07-24T12:34:14Z","","","","","",""
"OCGN","0001372299","Ocugen, Inc.","PhaseReadout","2026-07-31","month","OCU410ST","Center Involved Diabetic Macular Edema","clinicaltrials","https://clinicaltrials.gov/study/NCT05802329","PHASE1 | Phase I Study to Assess the Safety and Efficacy of OCU200 for Center-Involved Diabetic Mac | primary completion 2026-07-31","0.45","True","2026-07-24T11:51:43Z","","","","clinicaltrials","https://clinicaltrials.gov/study/NCT05802329","readout","429922757","1.27","2.725","0.931","18.9","3289858.0","31855000","6.4","into late 2026","company-guided","2026-12-15","https://www.sec.gov/Archives/edgar/data/1372299/000162828026014435/ocgn-20251231.htm","ELEVATED — under 12 months","","","","2026-07-24T12:34:14Z","","","","","",""
"BMY","0000014272","Bristol Myers Squibb","PhaseReadout","2026-10-05","month","Karxt","Psychosis Associated With Alzheimer's Disease","clinicaltrials","https://clinicaltrials.gov/study/NCT05511363","PHASE3 | A Study to Assess Efficacy and Safety of KarXT for the Treatment of Psychosis Associated W | primary completion 2026-10-05","0.45","True","2026-07-24T11:49:40Z","","","","clinicaltrials","https://clinicaltrials.gov/study/NCT05511363","readout","125607725700","61.51","62.89","42.52","93.2","7601774.0","10486000000","","","","","","","new","new","","2026-07-24T12:34:14Z","","","","","",""
"MANE","0001827635","Veradermics, Inc","PhaseReadout","2026-12-01","month","VDPHL01","Androgenetic Alopecia","clinicaltrials","https://clinicaltrials.gov/study/NCT06972264","PHASE3 | Safety and Efficacy of VDPHL01 in Males With AGA | primary completion 2026-12","0.45","True","2026-07-24T11:51:18Z","","","","clinicaltrials","https://clinicaltrials.gov/study/NCT06972264","readout","4840478676","115.86","131.24","32.0","84.5","394045.0","390797000","96.8","into 2030","company-guided","2030-12-15","https://www.sec.gov/Archives/edgar/data/1827635/000182763526000016/ex991q126earnings.htm","","","","","2026-07-24T12:34:14Z","","","","","",""
"CLLS","0001627281","Cellectis S.A.","PhaseReadout","2027-08-01","month","UCART22","B-cell Non-Hodgkin Lymphoma (B-NHL)","clinicaltrials","https://clinicaltrials.gov/study/NCT05607420","PHASE2 | Study Evaluating UCART20x22 in B-Cell Non-Hodgkin Lymphoma | primary completion 2027-08","0.45","True","2026-07-24T11:49:55Z","","","","clinicaltrials","https://clinicaltrials.gov/study/NCT05607420","readout","278155400","2.77","5.48","2.27","15.6","8773.0","185663000","58.8","~59 mo (estimated)","estimated","2031-06-15","","","","","","2026-07-24T12:34:14Z","","","","","",""
"MANE","0001827635","Veradermics, Inc","PhaseReadout","2027-06-01","month","VDPHL01","Androgenetic Alopecia (AGA)","clinicaltrials","https://clinicaltrials.gov/study/NCT07146022","PHASE3 | Safety and Efficacy of VDPHL01 in Females With Androgenetic Alopecia (AGA) | primary completion 2027-06","0.45","True","2026-07-24T11:51:18Z","","","","clinicaltrials","https://clinicaltrials.gov/study/NCT07146022","readout","4840478676","115.86","131.24","32.0","84.5","394045.0","390797000","96.8","into 2030","company-guided","2030-12-15","https://www.sec.gov/Archives/edgar/data/1827635/000182763526000016/ex991q126earnings.htm","","","","","2026-07-24T12:34:14Z","","","","","",""
"TARA","0001359931","Protara Therapeutics, Inc.","PhaseReadout","2026-12-01","month","TARA-002","Lymphatic Malformation","clinicaltrials","https://clinicaltrials.gov/study/NCT05871970","PHASE2 | Safety and Efficacy Study of Intracystic TARA-002 for the Treatment of Lymphatic Malformat | primary completion 2026-12","0.45","True","2026-07-24T11:52:31Z","","","","clinicaltrials","https://clinicaltrials.gov/study/NCT05871970","readout","155900756","4.04","7.82","2.97","22.1","397833.0","135786000","25.9","into 2028","company-guided","2028-12-15","https://www.sec.gov/Archives/edgar/data/1359931/000121390026025432/ea028040401ex99-1.htm","","","","","2026-07-24T12:34:14Z","","","","","",""
"IRON","0001816736","Disc Medicine, Inc.","PhaseReadout","2026-10-01","month","DISC-1459","Inflammatory Bowel Disease (IBD)","clinicaltrials","https://clinicaltrials.gov/study/NCT07368972","PHASE2 | Study of DISC-0974-201 in Participants With IBD and Anemia | primary completion 2026-10","0.45","True","2026-07-24T11:51:00Z","","","","clinicaltrials","https://clinicaltrials.gov/study/NCT07368972","readout","2897782892","75.86","99.5","40.0","60.3","273755.0","730158000","43.5","into 2028","company-guided","2028-12-15","https://www.sec.gov/Archives/edgar/data/1816736/000181673625000006/iron-ex99_1.htm","","","","","2026-07-24T12:34:14Z","","","","","",""
"IMVT","0001764013","Immunovant, Inc.","PhaseReadout","2027-05-01","month","IMVT-1402","Graves' Disease","clinicaltrials","https://clinicaltrials.gov/study/NCT07018323","PHASE2 | A Study to Assess the Efficacy, Safety, and Tolerability of IMVT-1402 as Treatment for Adu | primary completion 2027-05","0.45","True","2026-07-24T11:50:52Z","","","","clinicaltrials","https://clinicaltrials.gov/study/NCT07018323","readout","8083012062","39.37","41.23","14.32","93.1","784112.0","902110000","26.6","~27 mo (estimated)","estimated","2028-10-09","","","","","","2026-07-24T12:34:14Z","","","","","",""
"XNCR","0001326732","Xencor Inc","PhaseReadout","2026-12-02","month","XMAB20717","Biliary Tract Cancer","clinicaltrials","https://clinicaltrials.gov/study/NCT05297903","PHASE2 | XmAb20717 in Advanced Biliary Tract Cancers | primary completion 2026-12-02","0.45","True","2026-07-24T11:52:55Z","","","","clinicaltrials","https://clinicaltrials.gov/study/NCT05297903","readout","1447985370","19.53","21.26","6.92","87.9","832619.0","444950000","28.6","~12+ months (company-stated, non-specific)","company-guided","","https://www.sec.gov/Archives/edgar/data/1326732/000132673226000043/xncr-20260331.htm","","","","","2026-07-24T12:34:14Z","","","","","",""
"DNLI","0001714899","Denali Therapeutics Inc.","PhaseReadout","2027-03-01","month","BIIB122","Parkinson Disease","clinicaltrials","https://clinicaltrials.gov/study/NCT06602193","PHASE2 | Safety and Pharmacodynamic Effects of BIIB122 in Participants With LRRK2-Associated Parkin | primary completion 2027-03","0.45","True","2026-07-24T11:50:13Z","","","","clinicaltrials","https://clinicaltrials.gov/study/NCT06602193","readout","3716982041","23.42","27.3","12.58","73.6","1112399.0","987684000","28.7","~29 mo (estimated)","estimated","2028-12-12","","","","","","2026-07-24T12:34:14Z","","","","","",""
"IRON","0001816736","Disc Medicine, Inc.","PhaseReadout","2027-05-01","month","DISC-1459","Myelofibrosis; Anemia","clinicaltrials","https://clinicaltrials.gov/study/NCT05320198","PHASE2 | Study of DISC-0974 (RALLY-MF) in Participants With Myelofibrosis or Myelodysplastic Syndro | primary completion 2027-05","0.45","True","2026-07-24T11:51:00Z","","","","clinicaltrials","https://clinicaltrials.gov/study/NCT05320198","readout","2897782892","75.86","99.5","40.0","60.3","273755.0","730158000","43.5","into 2028","company-guided","2028-12-15","https://www.sec.gov/Archives/edgar/data/1816736/000181673625000006/iron-ex99_1.htm","","new","new","","2026-07-24T12:34:14Z","","","","","",""
"FDMT","0001650648","4D Molecular Therapeutics, Inc.","PhaseReadout","2027-03-01","month","4D-150 IVT","Neovascular (Wet) Age-Related Macular Degeneration","clinicaltrials","https://clinicaltrials.gov/study/NCT05197270","PHASE2 | 4D-150 in Patients With Neovascular (Wet) Age-Related Macular Degeneration | primary completion 2027-03","0.45","True","2026-07-24T11:50:29Z","","","","clinicaltrials","https://clinicaltrials.gov/study/NCT05197270","readout","542627517","10.38","14.0","4.274","62.8","565576.0","390892000","36.2","into 2028","company-guided","2028-12-15","https://www.sec.gov/Archives/edgar/data/1650648/000095017025106243/fdmt-ex99_1.htm","","","","","2026-07-24T12:34:14Z","","","","","",""
"JBIO","0001798749","Jade Biosciences, Inc.","PhaseReadout","2027-05-01","month","JADE101","Healthy Volunteers (HV)","clinicaltrials","https://clinicaltrials.gov/study/NCT07525947","PHASE1 | A Single Dose, Phase 1 Study of JADE101 in Healthy Japanese and Chinese Participants | primary completion 2027-05","0.45","True","2026-07-24T11:51:03Z","","","","clinicaltrials","https://clinicaltrials.gov/study/NCT07525947","readout","640118431","19.62","28.0","6.67","60.7","385486.0","311295000","32.1","into 1H 2028","company-guided","2028-06-15","https://www.sec.gov/Archives/edgar/data/1798749/000119312526001502/d93206dex991.htm","","","","","2026-07-24T12:34:14Z","","","","","",""
"IMVT","0001764013","Immunovant, Inc.","PhaseReadout","2026-10-01","month","IMVT-1402","Subacute Cutaneous Lupus Erythematosus","clinicaltrials","https://clinicaltrials.gov/study/NCT06980805","PHASE2 | A Study to Assess the Safety, Tolerability, and Efficacy of IMVT-1402 in Participants With | primary completion 2026-10","0.45","True","2026-07-24T11:50:52Z","","","","clinicaltrials","https://clinicaltrials.gov/study/NCT06980805","readout","8083012062","39.37","41.23","14.32","93.1","784112.0","902110000","26.6","~27 mo (estimated)","estimated","2028-10-09","","","","","","2026-07-24T12:34:14Z","","","","","",""
"NKTR","0000906709","NEKTAR THERAPEUTICS","PhaseReadout","2027-12-31","month","NKTR-255","Lung Cancer","clinicaltrials","https://clinicaltrials.gov/study/NCT05632809","PHASE2 | REStoring lymphoCytes Using NKTR-255* After chemoradiothErapy in Solid Tumors (RESCUE) | primary completion 2027-12-31","0.45","True","2026-07-24T11:51:34Z","","","","clinicaltrials","https://clinicaltrials.gov/study/NCT05632809","readout","1355358211","69.36","109.0","21.02","54.9","631122.0","568604000","33.5","~12+ months (company-stated, non-specific)","company-guided","","https://www.sec.gov/Archives/edgar/data/906709/000119312526212596/nktr-20260331.htm","","","","","2026-07-24T12:34:14Z","","","","","",""
"IMVT","0001764013","Immunovant, Inc.","PhaseReadout","2027-12-01","month","IMVT-1402","Generalized Myasthenia Gravis","clinicaltrials","https://clinicaltrials.gov/study/NCT07039916","PHASE3 | Study to Assess the Efficacy and Safety of IMVT-1402 in Participants With Mild to Severe G | primary completion 2027-12","0.45","True","2026-07-24T11:50:52Z","","","","clinicaltrials","https://clinicaltrials.gov/study/NCT07039916","readout","8083012062","39.37","41.23","14.32","93.1","784112.0","902110000","26.6","~27 mo (estimated)","estimated","2028-10-09","","","","","","2026-07-24T12:34:14Z","","","","","",""
"BEAM","0001745999","Beam Therapeutics Inc.","PhaseReadout","2026-12-01","month","BEAM-302","Lymphoblastic Lymphoma","clinicaltrials","https://clinicaltrials.gov/study/NCT05885464","PHASE2 | A Study Evaluating the Safety and Efficacy of BEAM-201 in Relapsed/Refractory T-Cell Acute | primary completion 2026-12","0.45","True","2026-07-24T11:49:34Z","","","","clinicaltrials","https://clinicaltrials.gov/study/NCT05885464","readout","2665594890","25.91","38.26","15.6","45.5","2957690.0","1211652000","39.3","~39 mo (estimated)","estimated","2029-10-30","","","","","","2026-07-24T12:34:14Z","","","","","",""
"ELVN","0001672619","Enliven Therapeutics, Inc.","PhaseReadout","2028-01-01","month","ELVN-001","CML (Chronic Myelogenous Leukemia)","clinicaltrials","https://clinicaltrials.gov/study/NCT06787144","PHASE1 | ELVN-001 for the Treatment of Chronic Myeloid Leukemia With and Without T315I Mutation in  | primary completion 2028-01","0.45","True","2026-07-24T11:50:20Z","","","","clinicaltrials","https://clinicaltrials.gov/study/NCT06787144","readout","3772655567","52.81","54.88","14.785","94.8","656025.0","452401000","82.9","into 1H 2029","company-guided","2029-06-15","https://www.sec.gov/Archives/edgar/data/1672619/000119312526211982/elvn-20260331.htm","","","","","2026-07-24T12:34:14Z","","","","","",""
"FDMT","0001650648","4D Molecular Therapeutics, Inc.","PhaseReadout","2027-05-26","month","4D-150 IVT","Choroideremia","clinicaltrials","https://clinicaltrials.gov/study/NCT04483440","PHASE1 | Dose Escalation Study of Intravitreal 4D-110 in Patients With Choroideremia | primary completion 2027-05-26","0.45","True","2026-07-24T11:50:29Z","","","","clinicaltrials","https://clinicaltrials.gov/study/NCT04483440","readout","542627517","10.38","14.0","4.274","62.8","565576.0","390892000","36.2","into 2028","company-guided","2028-12-15","https://www.sec.gov/Archives/edgar/data/1650648/000095017025106243/fdmt-ex99_1.htm","","","","","2026-07-24T12:34:14Z","","","","","",""
"JBIO","0001798749","Jade Biosciences, Inc.","PhaseReadout","2026-10-01","month","JADE101","Healthy Volunteers","clinicaltrials","https://clinicaltrials.gov/study/NCT07059312","PHASE1 | A Phase 1 Study of JADE101 in Healthy Participants | primary completion 2026-10","0.45","True","2026-07-24T11:51:03Z","","","","clinicaltrials","https://clinicaltrials.gov/study/NCT07059312","readout","640118431","19.62","28.0","6.67","60.7","385486.0","311295000","32.1","into 1H 2028","company-guided","2028-06-15","https://www.sec.gov/Archives/edgar/data/1798749/000119312526001502/d93206dex991.htm","","","","","2026-07-24T12:34:14Z","","","","","",""
"TYRA","0001863127","Tyra Biosciences, Inc.","PhaseReadout","2026-09-01","month","TYRA-300","Locally Advanced Cholangiocarcinoma","clinicaltrials","https://clinicaltrials.gov/study/NCT06160752","PHASE1 | Safety and Anti-Tumor Activity of TYRA-200 in Advanced Cholangiocarcinoma With Activating  | primary completion 2026-09","0.45","True","2026-07-24T11:52:41Z","","","","clinicaltrials","https://clinicaltrials.gov/study/NCT06160752","readout","1831666360","30.8","40.65","9.96","67.9","430547.0","383466000","45.0","into 2027","company-guided","2027-12-15","https://www.sec.gov/Archives/edgar/data/1863127/000119312526085490/tyra-20251231.htm","","","","","2026-07-24T12:34:14Z","","","","","",""
"JBIO","0001798749","Jade Biosciences, Inc.","PhaseReadout","2027-10-01","month","JADE101","Rhematoid Arthritis","clinicaltrials","https://clinicaltrials.gov/study/NCT07533955","PHASE1 | A Phase 1 Study of JADE201 in Participants With Rheumatoid Arthritis | primary completion 2027-10","0.45","True","2026-07-24T11:51:03Z","","","","clinicaltrials","https://clinicaltrials.gov/study/NCT07533955","readout","640118431","19.62","28.0","6.67","60.7","385486.0","311295000","32.1","into 1H 2028","company-guided","2028-06-15","https://www.sec.gov/Archives/edgar/data/1798749/000119312526001502/d93206dex991.htm","","","","","2026-07-24T12:34:14Z","","","","","",""
"EPRX","0001581178","EUPRAXIA PHARMACEUTICALS INC.","PhaseReadout","2026-12-01","month","EP-104GI","Eosinophilic Esophagitis","clinicaltrials","https://clinicaltrials.gov/study/NCT05608681","PHASE2 | A Trial to Evaluate EP-104GI in Adults With Eosinophilic Esophagitis (EoE). | primary completion 2026-12","0.45","True","2026-07-24T11:50:21Z","","","","clinicaltrials","https://clinicaltrials.gov/study/NCT05608681","readout","210924000","6.3","9.32","5.04","29.4","192666.0","138878813","53.0","~53 mo (estimated)","estimated","2030-12-21","","","","","","2026-07-24T12:34:14Z","","","","","",""
"TARA","0001359931","Protara Therapeutics, Inc.","PhaseReadout","2027-06-01","month","TARA-002","Choline Deficiency","clinicaltrials","https://clinicaltrials.gov/study/NCT06910943","PHASE3 | Study of Choline Chloride for Injection in Adolescent and Adult Patients With Intestinal F | primary completion 2027-06","0.45","True","2026-07-24T11:52:31Z","","","","clinicaltrials","https://clinicaltrials.gov/study/NCT06910943","readout","155900756","4.04","7.82","2.97","22.1","397833.0","135786000","25.9","into 2028","company-guided","2028-12-15","https://www.sec.gov/Archives/edgar/data/1359931/000121390026025432/ea028040401ex99-1.htm","","","","","2026-07-24T12:34:14Z","","","","","",""
"IRON","0001816736","Disc Medicine, Inc.","PhaseReadout","2026-09-01","month","DISC-1459","Erythropoietic Protoporphyria (EPP)","clinicaltrials","https://clinicaltrials.gov/study/NCT06910358","PHASE3 | Study of Bitopertin in Participants With EPP or XLP (APOLLO) | primary completion 2026-09","0.45","True","2026-07-24T11:51:00Z","","","","clinicaltrials","https://clinicaltrials.gov/study/NCT06910358","readout","2897782892","75.86","99.5","40.0","60.3","273755.0","730158000","43.5","into 2028","company-guided","2028-12-15","https://www.sec.gov/Archives/edgar/data/1816736/000181673625000006/iron-ex99_1.htm","","","","","2026-07-24T12:34:14Z","","","","","",""
"GLSI","0001799788","Greenwich LifeSciences, Inc.","PhaseReadout","2026-12-01","month","GLSI-100","Breast Cancer","clinicaltrials","https://clinicaltrials.gov/study/NCT05232916","PHASE3 | Phase 3 Study to Evaluate the Efficacy and Safety of HER2/Neu Peptide GLSI-100 (GP2 + GM-C | primary completion 2026-12","0.45","True","2026-07-24T11:50:33Z","","","","clinicaltrials","https://clinicaltrials.gov/study/NCT05232916","readout","193605564","13.19","34.1","7.78","20.6","170679.0","10505435","9.9","~10 mo (estimated)","estimated","2027-05-20","","ELEVATED — under 12 months","","","","2026-07-24T12:34:14Z","","","","","",""
"COYA","0001835022","Coya Therapeutics, Inc.","PhaseReadout","2027-01-01","month","COYA 302","Amyotrophic Lateral Sclerosis (ALS)","clinicaltrials","https://clinicaltrials.gov/study/NCT07161999","PHASE2 | Study of COYA 302 for the Treatment of ALS | primary completion 2027-01","0.45","True","2026-07-24T11:50:04Z","","","","clinicaltrials","https://clinicaltrials.gov/study/NCT07161999","readout","79754334","4.38","7.75","3.71","16.6","240960.0","50724643","43.1","into 2026","company-guided","2026-12-15","https://www.sec.gov/Archives/edgar/data/1835022/000119312526107281/coya-20251231.htm","","","","","2026-07-24T12:34:14Z","","","","","",""
"TYRA","0001863127","Tyra Biosciences, Inc.","PhaseReadout","2026-11-01","month","TYRA-300","Locally Advanced Urothelial Carcinoma","clinicaltrials","https://clinicaltrials.gov/study/NCT05544552","PHASE2 | Safety and Preliminary Anti-Tumor Activity of TYRA-300 in Advanced Urothelial Carcinoma an | primary completion 2026-11","0.45","True","2026-07-24T11:52:41Z","","","","clinicaltrials","https://clinicaltrials.gov/study/NCT05544552","readout","1831666360","30.8","40.65","9.96","67.9","430547.0","383466000","45.0","into 2027","company-guided","2027-12-15","https://www.sec.gov/Archives/edgar/data/1863127/000119312526085490/tyra-20251231.htm","","","","","2026-07-24T12:34:14Z","","","","","",""
"IMVT","0001764013","Immunovant, Inc.","PhaseReadout","2027-09-01","month","IMVT-1402","Rheumatoid Arthritis","clinicaltrials","https://clinicaltrials.gov/study/NCT06754462","PHASE2 | A Study to Evaluate the Efficacy, Safety, and Tolerability of IMVT-1402 in Adult Participa | primary completion 2027-09","0.45","True","2026-07-24T11:50:52Z","","","","clinicaltrials","https://clinicaltrials.gov/study/NCT06754462","readout","8083012062","39.37","41.23","14.32","93.1","784112.0","902110000","26.6","~27 mo (estimated)","estimated","2028-10-09","","","","","","2026-07-24T12:34:14Z","","","","","",""
"TPST","0001544227","Tempest Therapeutics, Inc.","PhaseReadout","2027-07-30","month","TPST-1120","Advanced Liver Cancers","clinicaltrials","https://clinicaltrials.gov/study/NCT04524871","PHASE2 | A Study Evaluating the Efficacy and Safety of Multiple Immunotherapy-Based Treatment Combi | primary completion 2027-07-30","0.45","True","2026-07-24T11:52:39Z","","","","clinicaltrials","https://clinicaltrials.gov/study/NCT04524871","readout","4177109","0.9406","12.23","0.93","0.1","463777.0","1805000","0.8","~12+ months (company-stated, non-specific)","company-guided","","https://www.sec.gov/Archives/edgar/data/1544227/000119312526224289/tpst-20260331.htm","ELEVATED — under 12 months","","","","2026-07-24T12:34:14Z","","","","","",""
"TYRA","0001863127","Tyra Biosciences, Inc.","PhaseReadout","2028-01-01","month","TYRA-300","Metastatic Hepatocellular Carcinoma","clinicaltrials","https://clinicaltrials.gov/study/NCT06915753","PHASE1 | Safety and Preliminary Anti-Tumor Activity of TYRA-430 in Advanced Hepatocellular Carcinom | primary completion 2028-01","0.45","True","2026-07-24T11:52:41Z","","","","clinicaltrials","https://clinicaltrials.gov/study/NCT06915753","readout","1831666360","30.8","40.65","9.96","67.9","430547.0","383466000","45.0","into 2027","company-guided","2027-12-15","https://www.sec.gov/Archives/edgar/data/1863127/000119312526085490/tyra-20251231.htm","","","","","2026-07-24T12:34:14Z","","","","","",""
"ORKA","0000907654","Oruka Therapeutics, Inc.","PhaseReadout","2027-10-01","month","ORKA-002","Plaque Psoriasis","clinicaltrials","https://clinicaltrials.gov/study/NCT07474792","PHASE2 | Dose Ranging Study of ORKA-002 in Patients With Moderate-to-Severe Plaque Psoriasis | primary completion 2027-10","0.45","True","2026-07-24T11:51:49Z","","","","clinicaltrials","https://clinicaltrials.gov/study/NCT07474792","readout","3443600508","91.95","97.78","12.84","93.1","615921.0","388829000","51.3","~51 mo (estimated)","estimated","2030-10-30","","","","","","2026-07-24T12:34:14Z","","","","","",""
"BEAM","0001745999","Beam Therapeutics Inc.","PhaseReadout","2027-12-30","month","BEAM-302","Glycogen Storage Disease Type Ia","clinicaltrials","https://clinicaltrials.gov/study/NCT06735755","PHASE2 | A Phase 1/2, Dose-Exploration Study to Evaluate the Safety and Efficacy of BEAM-301 in Pat | primary completion 2027-12-30","0.45","True","2026-07-24T11:49:34Z","","","","clinicaltrials","https://clinicaltrials.gov/study/NCT06735755","readout","2665594890","25.91","38.26","15.6","45.5","2957690.0","1211652000","39.3","~39 mo (estimated)","estimated","2029-10-30","","","","","","2026-07-24T12:34:14Z","","","","","",""
"ELVN","0001672619","Enliven Therapeutics, Inc.","PhaseReadout","2027-01-01","month","ELVN-002","HER2-positive Breast Cancer","clinicaltrials","https://clinicaltrials.gov/study/NCT06328738","PHASE1 | ELVN-002 With Trastuzumab +/- Chemotherapy in HER2+ Solid Tumors, Colorectal and Breast Ca | primary completion 2027-01","0.45","True","2026-07-24T11:50:20Z","","","","clinicaltrials","https://clinicaltrials.gov/study/NCT06328738","readout","3772655567","52.81","54.88","14.785","94.8","656025.0","452401000","82.9","into 1H 2029","company-guided","2029-06-15","https://www.sec.gov/Archives/edgar/data/1672619/000119312526211982/elvn-20260331.htm","","","","","2026-07-24T12:34:14Z","","","","","",""
"FDMT","0001650648","4D Molecular Therapeutics, Inc.","PhaseReadout","2027-06-01","month","4D-150 IVT","Macular Neovascularization Secondary to Age-Related Macular Degeneration","clinicaltrials","https://clinicaltrials.gov/study/NCT06864988","PHASE3 | 4D-150 in Patients With Macular Neovascularization Secondary to Age-Related Macular Degene | primary completion 2027-06","0.45","True","2026-07-24T11:50:29Z","","","","clinicaltrials","https://clinicaltrials.gov/study/NCT05248230;https://clinicaltrials.gov/study/NCT06864988","readout","542627517","10.38","14.0","4.274","62.8","565576.0","390892000","36.2","into 2028","company-guided","2028-12-15","https://www.sec.gov/Archives/edgar/data/1650648/000095017025106243/fdmt-ex99_1.htm","","","","","2026-07-24T12:34:14Z","","","","","",""
"NMRA","0001885522","Neumora Therapeutics, Inc.","PhaseReadout","2027-06-01","month","NMRA-335140","Major Depressive Disorder","clinicaltrials","https://clinicaltrials.gov/study/NCT06029439","PHASE3 | Study to Assess the Safety and Effectiveness of NMRA-335140-501 | primary completion 2027-06","0.45","True","2026-07-24T11:51:36Z","","","","clinicaltrials","https://clinicaltrials.gov/study/NCT06029439","readout","289043414","1.56","3.65","0.83","25.9","414728.0","147072000","9.1","~9 mo (estimated)","estimated","2027-04-26","","ELEVATED — under 12 months","","","","2026-07-24T12:34:14Z","","","","","",""
"ORKA","0000907654","Oruka Therapeutics, Inc.","PhaseReadout","2027-06-01","month","ORKA-002","Plaque Psoriasis","clinicaltrials","https://clinicaltrials.gov/study/NCT07290569","PHASE2 | Dose Ranging Study of ORKA-001 in Patients With Moderate-to-Severe Plaque Psoriasis | primary completion 2027-06","0.45","True","2026-07-24T11:51:49Z","","","","clinicaltrials","https://clinicaltrials.gov/study/NCT07290569","readout","3443600508","91.95","97.78","12.84","93.1","615921.0","388829000","51.3","~51 mo (estimated)","estimated","2030-10-30","","","","","","2026-07-24T12:34:14Z","","","","","",""
"IRON","0001816736","Disc Medicine, Inc.","PhaseReadout","2027-06-01","month","DISC-1459","Sickle Cell Disease","clinicaltrials","https://clinicaltrials.gov/study/NCT07187973","PHASE1 | A Phase 1b, Open-Label Study of DISC-3405 in Participants With Sickle Cell Disease (SCD) | primary completion 2027-06","0.45","True","2026-07-24T11:51:00Z","","","","clinicaltrials","https://clinicaltrials.gov/study/NCT07187973","readout","2897782892","75.86","99.5","40.0","60.3","273755.0","730158000","43.5","into 2028","company-guided","2028-12-15","https://www.sec.gov/Archives/edgar/data/1816736/000181673625000006/iron-ex99_1.htm","","","","","2026-07-24T12:34:14Z","","","","","",""
"PGEN","0001356090","PRECIGEN, INC.","PhaseReadout","2026-11-11","month","PRGN-2009","Cervical Cancer","clinicaltrials","https://clinicaltrials.gov/study/NCT06157151","PHASE2 | PRGN-2009 in Combination With Pembrolizumab in Patients With Recurrent or Metastatic Cervi | primary completion 2026-11-11","0.45","True","2026-07-24T11:51:55Z","","","","clinicaltrials","https://clinicaltrials.gov/study/NCT06157151","readout","1664374283","5.54","6.04","1.54","88.9","3088687.0","56246000","5.9","into late 2026","company-guided","2026-12-15","https://www.sec.gov/Archives/edgar/data/1356090/000095010326007158/dp246650_ex9901.htm","ELEVATED — under 12 months","","","","2026-07-24T12:34:14Z","","","","","",""
"IRON","0001816736","Disc Medicine, Inc.","PhaseReadout","2027-02-01","month","DISC-1459","Polycythemia Vera (PV)","clinicaltrials","https://clinicaltrials.gov/study/NCT06985147","PHASE2 | A Phase 2, Open-Label Study of DISC-3405 in Participants With Polycythemia Vera (PV) | primary completion 2027-02","0.45","True","2026-07-24T11:51:00Z","","","","clinicaltrials","https://clinicaltrials.gov/study/NCT06985147","readout","2897782892","75.86","99.5","40.0","60.3","273755.0","730158000","43.5","into 2028","company-guided","2028-12-15","https://www.sec.gov/Archives/edgar/data/1816736/000181673625000006/iron-ex99_1.htm","","","","","2026-07-24T12:34:14Z","","","","","",""
"ORKA","0000907654","Oruka Therapeutics, Inc.","PhaseReadout","2027-01-01","month","ORKA-002","Healthy Volunteers","clinicaltrials","https://clinicaltrials.gov/study/NCT06944379","PHASE1 | ORKA-002-211 A Phase I Study to Evaluate ORKA-002 in Healthy Volunteers Following A Single | primary completion 2027-01","0.45","True","2026-07-24T11:51:49Z","","","","clinicaltrials","https://clinicaltrials.gov/study/NCT06944379","readout","3443600508","91.95","97.78","12.84","93.1","615921.0","388829000","51.3","~51 mo (estimated)","estimated","2030-10-30","","","","","","2026-07-24T12:34:14Z","","","","","",""
"OPK","0000944809","OPKO HEALTH, INC.","PhaseReadout","2027-10-01","month","CTAP101","CKD Stage 3","clinicaltrials","https://clinicaltrials.gov/study/NCT07494045","PHASE2 | Pharmacokinetics, Pharmacodynamics, Safety and Tolerability Evaluation of CTAP101 Extended | primary completion 2027-10","0.45","True","2026-07-24T11:51:48Z","","","","clinicaltrials","https://clinicaltrials.gov/study/NCT07494045","readout","883457940","1.17","1.61","0.98","30.2","2957957.0","341881000","25.1","~25 mo (estimated)","estimated","2028-08-25","","","","","","2026-07-24T12:34:14Z","","","","","",""
"NKTX","0001787400","Nkarta, Inc.","PhaseReadout","2026-12-01","month","NKX019","Systemic Lupus Erythematosus","clinicaltrials","https://clinicaltrials.gov/study/NCT06518668","PHASE1 | A Study of NKX019, a CD19 CAR NK Cell Therapy, in Subjects With Systemic Lupus Erythematos | primary completion 2026-12","0.45","True","2026-07-24T11:51:35Z","","","","clinicaltrials","https://clinicaltrials.gov/study/NCT06518668","readout","164554323","2.3","3.72","1.7","29.7","944985.0","230428000","31.7","into 2029","company-guided","2029-12-15","https://www.sec.gov/Archives/edgar/data/1787400/000178740026000012/nktx-ex99_1.htm","","","","","2026-07-24T12:34:14Z","","","","","",""
"XENE","0001582313","Xenon Pharmaceuticals Inc.","PhaseReadout","2027-05-01","month","XEN1101","Major Depressive Disorder","clinicaltrials","https://clinicaltrials.gov/study/NCT07076407","PHASE3 | A Randomized Study of Azetukalner Versus Placebo in Major Depressive Disorder (X-NOVA3) | primary completion 2027-05","0.45","True","2026-07-24T11:52:54Z","","","","clinicaltrials","https://clinicaltrials.gov/study/NCT07076407","readout","5164736815","65.42","72.66","30.0","83.0","490390.0","1094747000","42.9","into 2029","company-guided","2029-12-15","https://www.sec.gov/Archives/edgar/data/1582313/000119312526211843/xene-ex99_1.htm","","","","","2026-07-24T12:34:14Z","","","","","",""
"PYXS","0001782223","Pyxis Oncology, Inc.","PhaseReadout","2027-04-25","month","PYX-201","Solid Tumor","clinicaltrials","https://clinicaltrials.gov/study/NCT05720117","PHASE1 | A Study of PYX-201 in Advanced Solid Tumors | primary completion 2027-04-25","0.45","True","2026-07-24T11:52:04Z","","","","clinicaltrials","https://clinicaltrials.gov/study/NCT05720117","readout","169792686","2.68","5.55","0.97","37.3","1608131.0","42490000","7.6","into late 2026","company-guided","2026-12-15","https://www.sec.gov/Archives/edgar/data/1782223/000119312526222843/pyxs-20260331.htm","ELEVATED — under 12 months","","","","2026-07-24T12:34:14Z","","","","","",""
"ABVX","0001956827","Abivax S.A.","PhaseReadout","2026-09-01","month","ABX464","Healthy","clinicaltrials","https://clinicaltrials.gov/study/NCT07453784","PHASE1 | Study to Evaluate Pharmacokinetics, Relative Bioavailability, Palatability of Obefazimod M | primary completion 2026-09","0.45","True","2026-07-24T11:49:00Z","","","","clinicaltrials","https://clinicaltrials.gov/study/NCT07453784","readout","9631450639","131.16","148.83","65.672","78.8","745698.0","530157266","25.5","~26 mo (estimated)","estimated","2028-09-06","","","","","","2026-07-24T12:34:14Z","","","","","",""
"CHRS","0001512762","Coherus Oncology, Inc.","PhaseReadout","2027-11-01","month","CHS-1420","Ovarian Cancer Stage IV","clinicaltrials","https://clinicaltrials.gov/study/NCT05479045","PHASE2 | A Combination Therapy Strategy to Prevent Anti-PD-1 Therapy Resistance in Metastatic Ovari | primary completion 2027-11","0.45","True","2026-07-24T11:49:53Z","","","","clinicaltrials","https://clinicaltrials.gov/study/NCT05479045","readout","175046187","1.43","2.616","0.81","34.3","439300.0","167048000","11.8","~12 mo (estimated)","estimated","2027-07-17","","ELEVATED — under 12 months","","","","2026-07-24T12:34:14Z","","","","","",""
"SLDB","0001707502","Solid Biosciences Inc.","PhaseReadout","2027-05-06","month","SGT-003","Duchenne Muscular Dystrophy","clinicaltrials","https://clinicaltrials.gov/study/NCT06138639","PHASE2 | A Study of SGT-003 Gene Therapy in Duchenne Muscular Dystrophy (INSPIRE DUCHENNE) | primary completion 2027-05-06","0.45","True","2026-07-24T11:52:21Z","","","","clinicaltrials","https://clinicaltrials.gov/study/NCT06138639","readout","621723396","7.98","11.45","3.79","54.7","956129.0","381318000","26.7","~27 mo (estimated)","estimated","2028-10-12","","","","","","2026-07-24T12:34:14Z","","","","","",""
"BOLT","0001641281","Bolt Biotherapeutics, Inc.","PhaseReadout","2027-05-01","month","BDC-4182","Gastric Cancer Adenocarcinoma Metastatic","clinicaltrials","https://clinicaltrials.gov/study/NCT06921837","PHASE2 | A First-in-Human Study Using BDC-4182 as a Single Agent in Advanced Gastric and Gastroesop | primary completion 2027-05","0.45","True","2026-07-24T11:49:42Z","","","","clinicaltrials","https://clinicaltrials.gov/study/NCT06921837","readout","7321170","3.81","7.2","3.75","1.7","32690.0","22892000","8.0","into early 2027","company-guided","2027-03-15","https://www.sec.gov/Archives/edgar/data/1641281/000119312526219382/bolt-20260331.htm","ELEVATED — under 12 months","","","","2026-07-24T12:34:14Z","","","","","",""
"ALNY","0001178670","ALNYLAM PHARMACEUTICALS, INC.","PhaseReadout","2027-04-27","month","ALN-2232","Obesity","clinicaltrials","https://clinicaltrials.gov/study/NCT07463846","PHASE2 | A Study to Evaluate ALN-2232 in Participants With Obesity | primary completion 2027-04-27","0.45","True","2026-07-24T11:49:11Z","","","","clinicaltrials","https://clinicaltrials.gov/study/NCT07463846","readout","35880168868","268.74","495.55","262.21","2.8","1140199.0","3009223000","","","","","","","","","","2026-07-24T12:34:14Z","","","","","",""
"BHVN","0001935979","Biohaven Ltd.","PhaseReadout","2026-11-01","month","BHV-7000","Familial Erythromelalgia","clinicaltrials","https://clinicaltrials.gov/study/NCT07262268","PHASE1 | A Phase 1b Study of BHV-7000 in Participants With Inherited Erythromelalgia | primary completion 2026-11","0.45","True","2026-07-24T11:49:36Z","","","","clinicaltrials","https://clinicaltrials.gov/study/NCT07262268","readout","1550927143","14.65","18.566","7.48","64.7","1549213.0","347817000","7.0","~7 mo (estimated)","estimated","2027-02-21","","ELEVATED — under 12 months","","","","2026-07-24T12:34:14Z","","","","","",""
"CMPX","0001738021","Compass Therapeutics, Inc.","PhaseReadout","2027-05-01","month","CTX-009","Metastatic Biliary Tract Cancer","clinicaltrials","https://clinicaltrials.gov/study/NCT06548412","PHASE2 | CTX-009 With Gemcitabine, Cisplatin, and Durvalumab as First-line Therapy in Patients With | primary completion 2027-05-01","0.45","True","2026-07-24T11:50:00Z","","","","clinicaltrials","https://clinicaltrials.gov/study/NCT06548412","readout","293166958","2.12","6.88","1.61","9.7","2265979.0","194687000","43.9","into 2028","company-guided","2028-12-15","https://www.sec.gov/Archives/edgar/data/1738021/000117184326003005/exh_991.htm","","","","","2026-07-24T12:34:14Z","","","","","",""
"SYRE","0001636282","Spyre Therapeutics, Inc.","PhaseReadout","2026-08-19","month","SPY001","Healthy","clinicaltrials","https://clinicaltrials.gov/study/NCT06672718","PHASE1 | A Study of SPY002-091 in Healthy Volunteers | primary completion 2026-08-19","0.45","True","2026-07-24T11:52:29Z","","","","clinicaltrials","https://clinicaltrials.gov/study/NCT06672718","readout","6039542785","99.99","105.09","14.505","94.4","634817.0","741467000","47.9","~48 mo (estimated)","estimated","2030-07-19","","","","","","2026-07-24T12:34:14Z","","","","","",""
"ACAD","0001070494","ACADIA PHARMACEUTICALS INC","PhaseReadout","2028-01-01","month","ACP-204","Alzheimer's Disease Psychosis","clinicaltrials","https://clinicaltrials.gov/study/NCT06159673","PHASE3 | ACP-204 in Adults With Alzheimer's Disease Psychosis | primary completion 2028-01","0.45","True","2026-07-24T11:49:00Z","","","","clinicaltrials","https://clinicaltrials.gov/study/NCT06159673","readout","4251786652","24.83","28.35","19.69","59.4","1272012.0","851458000","","","","","","","","","","2026-07-24T12:34:14Z","","","","","",""
"IVVD","0001832038","Invivyd, Inc.","PhaseReadout","2026-08-01","month","VYD2311","COVID-19","clinicaltrials","https://clinicaltrials.gov/study/NCT07298434","PHASE3 | Study of VYD2311 for the Prevention of COVID-19 | primary completion 2026-08","0.45","True","2026-07-24T11:51:02Z","","","","clinicaltrials","https://clinicaltrials.gov/study/NCT07298434;https://clinicaltrials.gov/study/NCT07655180","readout","179474584","0.6092","3.07","0.483","4.9","3726311.0","184153000","28.1","~28 mo (estimated)","estimated","2028-11-24","","","","","","2026-07-24T12:34:14Z","","","","","",""
"ONC","0001651308","BeOne Medicines Ltd.","PhaseReadout","2026-11-01","month","BGB-11417","Relapsed/Refractory Multiple Myeloma","clinicaltrials","https://clinicaltrials.gov/study/NCT04973605","PHASE2 | A Phase 1b/2 Study of Sonrotoclax (BGB-11417) as Monotherapy and in Various Combinations W | primary completion 2026-11","0.45","True","2026-07-24T11:51:47Z","","","","clinicaltrials","https://clinicaltrials.gov/study/NCT03736889;https://clinicaltrials.gov/study/NCT04973605","readout","34918142895","326.77","385.22","253.948","55.5","546433.0","4791676000","","","","","","","new","new","","2026-07-24T12:34:14Z","","","","","",""
"CRSP","0001674416","CRISPR Therapeutics AG","PhaseReadout","2027-06-06","month","CTX001","Sickle Cell Disease","clinicaltrials","https://clinicaltrials.gov/study/NCT05329649","PHASE3 | Evaluation of Safety and Efficacy of CTX001 in Pediatric Participants With Severe Sickle C | primary completion 2027-06-06","0.45","True","2026-07-24T11:50:08Z","","","","clinicaltrials","https://clinicaltrials.gov/study/NCT05329649","readout","4584211464","47.53","78.48","44.12","9.9","1712528.0","2441785000","73.3","~73 mo (estimated)","estimated","2032-08-29","","","","","","2026-07-24T12:34:14Z","","","","","",""
"RADX","0001949257","Radiopharm Theranostics Ltd","PhaseReadout","2026-08-01","month","RAD101","Healthy Volunteers","clinicaltrials","https://clinicaltrials.gov/study/NCT05799274","PHASE1 | Safety of RAD301 in Healthy Human Volunteers and Patients With Pancreatic Cancer or Other  | primary completion 2026-08","0.45","True","2026-07-24T11:52:07Z","","","","clinicaltrials","https://clinicaltrials.gov/study/NCT05799274","readout","5526378","4.29","16.25","3.62","5.3","0.0","34481156","8.0","~8 mo (estimated)","estimated","2027-03-24","","ELEVATED — under 12 months","new","new","","2026-07-24T12:34:14Z","","","","","",""
"XENE","0001582313","Xenon Pharmaceuticals Inc.","PhaseReadout","2026-08-01","month","XEN1101","Major Depressive Disorder","clinicaltrials","https://clinicaltrials.gov/study/NCT06775379","PHASE3 | A Randomized Study of Azetukalner Versus Placebo in Major Depressive Disorder | primary completion 2026-08","0.45","True","2026-07-24T11:52:54Z","","","","clinicaltrials","https://clinicaltrials.gov/study/NCT06775379","readout","5164736815","65.42","72.66","30.0","83.0","490390.0","1094747000","42.9","into 2029","company-guided","2029-12-15","https://www.sec.gov/Archives/edgar/data/1582313/000119312526211843/xene-ex99_1.htm","","","","","2026-07-24T12:34:14Z","","","","","",""
"JAZZ","0001232524","Jazz Pharmaceuticals","PhaseReadout","2026-12-01","month","CPX-351","Acute Myeloid Leukemia (AML) in Remission","clinicaltrials","https://clinicaltrials.gov/study/NCT04990102","PHASE2 | Phase IB/II of CPX-351 for Relapse Prevention in AML | primary completion 2026-12","0.45","True","2026-07-24T11:51:02Z","","","","clinicaltrials","https://clinicaltrials.gov/study/NCT04990102","readout","16010321712","254.87","255.2","105.0","99.8","527842.0","2874300000","","","","","","","","","","2026-07-24T12:34:14Z","","","","","",""
"WVE","0001631574","Wave Life Sciences Ltd.","PhaseReadout","2026-09-01","month","WVE-210201","Alpha-1 Antitrypsin Deficiency","clinicaltrials","https://clinicaltrials.gov/study/NCT06405633","PHASE2 | A Phase 1b/2a, Open-label Single Ascending Doses and Multiple Ascending Doses Study in Par | primary completion 2026-09","0.45","True","2026-07-24T11:52:54Z","","","","clinicaltrials","https://clinicaltrials.gov/study/NCT06405633","readout","1112084728","5.78","21.73","5.02","4.5","2218628.0","544591000","35.8","into Q3 2028","company-guided","2028-09-15","https://www.sec.gov/Archives/edgar/data/1631574/000119312526183563/d135689dex991.htm","","","","","2026-07-24T12:34:14Z","","","","","",""
"MIRM","0001759425","Mirum Pharmaceuticals, Inc.","PhaseReadout","2027-06-30","month","BJT-778","Chronic Hepatitis D Infection","clinicaltrials","https://clinicaltrials.gov/study/NCT07200908","PHASE3 | A Trial Evaluating Brelovitug (BJT-778) vs Bulevirtide for the Treatment of Chronic Hepati | primary completion 2027-06-30","0.45","True","2026-07-24T11:51:22Z","","","","clinicaltrials","https://clinicaltrials.gov/study/NCT07200908","readout","5740706750","114.36","130.0","50.25","80.4","1403720.0","386259000","27.1","~27 mo (estimated)","estimated","2028-10-24","","","","","","2026-07-24T12:34:14Z","","","","","",""
"APGE","0001974640","Apogee Therapeutics, Inc.","PhaseReadout","2026-09-01","month","APG777","Asthma","clinicaltrials","https://clinicaltrials.gov/study/NCT06920901","PHASE1 | A Study to Evaluate the Safety, Tolerability, Pharmacokinetics (PK), and Immunogenicity of | primary completion 2026-09","0.45","True","2026-07-24T11:49:17Z","","","","clinicaltrials","https://clinicaltrials.gov/study/NCT06920901","readout","8307683219","134.26","134.4","34.34","99.9","691293.0","1059885000","54.2","~54 mo (estimated)","estimated","2031-01-26","","","","","","2026-07-24T12:34:14Z","","","","","",""
"TNGX","0001819133","Tango Therapeutics, Inc.","PhaseReadout","2027-06-01","month","TNG462","PDAC","clinicaltrials","https://clinicaltrials.gov/study/NCT06922591","PHASE2 | Study to Evaluate the Safety, Tolerability & Efficacy of TNG462 in Combination in PDAC & N | primary completion 2027-06","0.45","True","2026-07-24T11:52:37Z","","","","clinicaltrials","https://clinicaltrials.gov/study/NCT06922591","readout","3415786893","27.45","34.39","5.77","75.8","1357038.0","379839000","32.2","into 2028","company-guided","2028-12-15","https://www.sec.gov/Archives/edgar/data/1819133/000119312526221677/tngx-ex99_1.htm","","","","","2026-07-24T12:34:14Z","","","","","",""
"ABVX","0001956827","Abivax S.A.","PhaseReadout","2026-12-01","month","ABX464","Moderately to Severely Active Crohn Disease","clinicaltrials","https://clinicaltrials.gov/study/NCT06456593","PHASE2 | Efficacy and Safety of Obefazimod in Subjects With Moderately to Severely Active Crohn's D | primary completion 2026-12","0.45","True","2026-07-24T11:49:00Z","","","","clinicaltrials","https://clinicaltrials.gov/study/NCT06456593","readout","9631450639","131.16","148.83","65.672","78.8","745698.0","530157266","25.5","~26 mo (estimated)","estimated","2028-09-06","","","","","","2026-07-24T12:34:14Z","","","","","",""
"JAZZ","0001232524","Jazz Pharmaceuticals","PhaseReadout","2027-06-01","month","CPX-351","Acute Myeloid Leukemia","clinicaltrials","https://clinicaltrials.gov/study/NCT03897127","PHASE3 | Study of Standard Intensive Chemotherapy Versus Intensive Chemotherapy With CPX-351 in Adu | primary completion 2027-06","0.45","True","2026-07-24T11:51:02Z","","","","clinicaltrials","https://clinicaltrials.gov/study/NCT03897127","readout","16010321712","254.87","255.2","105.0","99.8","527842.0","2874300000","","","","","","","","","","2026-07-24T12:34:14Z","","","","","",""
"BHVN","0001935979","Biohaven Ltd.","PhaseReadout","2028-01-01","month","BHV-1300","Graves Disease","clinicaltrials","https://clinicaltrials.gov/study/NCT07661056","PHASE3 | Study to Determine if BHV-1300 is Effective and Safe in Adults With Graves' Disease | primary completion 2028-01","0.45","True","2026-07-24T11:49:36Z","","","","clinicaltrials","https://clinicaltrials.gov/study/NCT07661056","readout","1550927143","14.65","18.566","7.48","64.7","1549213.0","347817000","7.0","~7 mo (estimated)","estimated","2027-02-21","","ELEVATED — under 12 months","","","","2026-07-24T12:34:14Z","","","","","",""
"APGE","0001974640","Apogee Therapeutics, Inc.","PhaseReadout","2026-12-01","month","APG777","Atopic Dermatitis","clinicaltrials","https://clinicaltrials.gov/study/NCT07027527","PHASE1 | An Active Comparator Safety Study Evaluating the Combination of APG777 + APG990 in Moderat | primary completion 2026-12","0.45","True","2026-07-24T11:49:17Z","","","","clinicaltrials","https://clinicaltrials.gov/study/NCT07027527","readout","8307683219","134.26","134.4","34.34","99.9","691293.0","1059885000","54.2","~54 mo (estimated)","estimated","2031-01-26","","","","","","2026-07-24T12:34:14Z","","","","","",""
"ACAD","0001070494","ACADIA PHARMACEUTICALS INC","PhaseReadout","2027-08-01","month","ACP-204","Major Depressive Disorder (MDD)","clinicaltrials","https://clinicaltrials.gov/study/NCT07284667","PHASE2 | ACP-211 Monotherapy for Major Depressive Disorder With Inadequate Antidepressant Response | primary completion 2027-08","0.45","True","2026-07-24T11:49:00Z","","","","clinicaltrials","https://clinicaltrials.gov/study/NCT07284667","readout","4251786652","24.83","28.35","19.69","59.4","1272012.0","851458000","","","","","","","","","","2026-07-24T12:34:14Z","","","","","",""
"CGEN","0001119774","COMPUGEN LTD","PhaseReadout","2027-11-22","month","COM701","Neoplasm","clinicaltrials","https://clinicaltrials.gov/study/NCT06759649","PHASE1 | A Clinical Trial to Assess COM503 in Participants With Advanced Solid Malignancies | primary completion 2027-11-22","0.45","True","2026-07-24T11:49:51Z","","","","clinicaltrials","https://clinicaltrials.gov/study/NCT06759649","readout","221254488","2.34","3.24","1.3","53.6","174533.0","134946000","","","","","","","","","","2026-07-24T12:34:14Z","","","","","",""
"CLRB","0001279704","Cellectar Biosciences, Inc.","PhaseReadout","2026-08-25","month","NOV-002","Pediatric Solid Tumor","clinicaltrials","https://clinicaltrials.gov/study/NCT03478462","PHASE1 | Dose Escalation Study of CLR 131 in Pediatric Relapsed/Refractory Malignant Tumors Includi | primary completion 2026-08-25","0.45","True","2026-07-24T11:49:57Z","","","","clinicaltrials","https://clinicaltrials.gov/study/NCT03478462","readout","7884339","2.47","6.52","2.2","6.3","36282.0","8347090","5.4","~5 mo (estimated)","estimated","2027-01-04","","ELEVATED — under 12 months","","","","2026-07-24T12:34:14Z","","","","","",""
"CRSP","0001674416","CRISPR Therapeutics AG","PhaseReadout","2027-06-01","month","CTX001","Cardiovascular","clinicaltrials","https://clinicaltrials.gov/study/NCT07491172","PHASE1 | A Safety and Tolerability Trial Evaluating CTX310 in Participants With Refractory Dyslipid | primary completion 2027-06","0.45","True","2026-07-24T11:50:08Z","","","","clinicaltrials","https://clinicaltrials.gov/study/NCT07491172","readout","4584211464","47.53","78.48","44.12","9.9","1712528.0","2441785000","73.3","~73 mo (estimated)","estimated","2032-08-29","","","","","","2026-07-24T12:34:14Z","","","","","",""
"CRSP","0001674416","CRISPR Therapeutics AG","PhaseReadout","2027-11-14","month","CTX001","Beta-Thalassemia","clinicaltrials","https://clinicaltrials.gov/study/NCT05356195","PHASE3 | Evaluation of Safety and Efficacy of CTX001 in Pediatric Participants With Transfusion-Dep | primary completion 2027-11-14","0.45","True","2026-07-24T11:50:08Z","","","","clinicaltrials","https://clinicaltrials.gov/study/NCT05356195","readout","4584211464","47.53","78.48","44.12","9.9","1712528.0","2441785000","73.3","~73 mo (estimated)","estimated","2032-08-29","","","","","","2026-07-24T12:34:14Z","","","","","",""
"RVMD","0001628171","Revolution Medicines, Inc.","PhaseReadout","2027-05-31","month","RMC-6236","Non-small Cell Lung Cancer (NSCLC)","clinicaltrials","https://clinicaltrials.gov/study/NCT05379985","PHASE2 | Study of RMC-6236 in Patients With Advanced Solid Tumors Harboring Specific Mutations in R | primary completion 2027-05-31","0.45","True","2026-07-24T11:52:13Z","","","","clinicaltrials","https://clinicaltrials.gov/study/NCT05379985","readout","40127495000","188.75","193.825","34.0","96.8","2282376.0","1908084000","21.7","~22 mo (estimated)","estimated","2028-05-13","","","","","","2026-07-24T12:34:14Z","","","","","",""
"BHVN","0001935979","Biohaven Ltd.","PhaseReadout","2026-12-01","month","BHV-7000","Focal Epilepsy","clinicaltrials","https://clinicaltrials.gov/study/NCT06132893","PHASE3 | A Study to Determine if BHV-7000 is Effective and Safe in Adults With Refractory Focal Ons | primary completion 2026-12","0.45","True","2026-07-24T11:49:36Z","","","","clinicaltrials","https://clinicaltrials.gov/study/NCT06132893;https://clinicaltrials.gov/study/NCT06443463","readout","1550927143","14.65","18.566","7.48","64.7","1549213.0","347817000","7.0","~7 mo (estimated)","estimated","2027-02-21","","ELEVATED — under 12 months","","","","2026-07-24T12:34:14Z","","","","","",""
"ACRV","0001781174","Acrivon Therapeutics, Inc.","PhaseReadout","2027-05-30","month","ACR-368","Endometrial Adenocarcinoma","clinicaltrials","https://clinicaltrials.gov/study/NCT05548296","PHASE2 | A Phase 2 Study of ACR-368 in Endometrial Adenocarcinoma | primary completion 2027-05-30","0.45","True","2026-07-24T11:49:04Z","","","","clinicaltrials","https://clinicaltrials.gov/study/NCT05548296","readout","52698774","1.67","3.56","1.2","19.9","244956.0","97737000","18.1","into Q3 2027","company-guided","2027-09-15","https://www.sec.gov/Archives/edgar/data/1781174/000119312526221626/acrv-ex99_1.htm","","","","","2026-07-24T12:34:14Z","","","","","",""
"VIR","0001706431","Vir Biotechnology, Inc.","PhaseReadout","2027-08-16","month","VIR-5818","Locally Advanced or Metastatic HER2-Expressing Cancers","clinicaltrials","https://clinicaltrials.gov/study/NCT05356741","PHASE2 | To Access the Safety and Effects of Intravenous Administration of VIR-5818 Alone and in Co | primary completion 2027-08-16","0.45","True","2026-07-24T11:52:45Z","","","","clinicaltrials","https://clinicaltrials.gov/study/NCT05356741","readout","1575209437","9.34","11.66","4.155","69.1","1514524.0","472363000","12.7","into 2H 2028","company-guided","2028-12-15","https://www.sec.gov/Archives/edgar/data/1706431/000162828026031273/a20260506-q1ex991earningsr.htm","","","","","2026-07-24T12:34:14Z","","","","","",""
"ALNY","0001178670","ALNYLAM PHARMACEUTICALS, INC.","PhaseReadout","2027-06-30","month","ALN-6400","Von Willebrand Disease (VWD)","clinicaltrials","https://clinicaltrials.gov/study/NCT07575308","PHASE2 | HMBeacon: A Phase 2 Study to Evaluate ALN-6400 in Adult and Adolescent Female Patients Wit | primary completion 2027-06-30","0.45","True","2026-07-24T11:49:11Z","","","","clinicaltrials","https://clinicaltrials.gov/study/NCT07575308","readout","35880168868","268.74","495.55","262.21","2.8","1140199.0","3009223000","","","","","","","","","","2026-07-24T12:34:14Z","","","","","",""
"ARVN","0001655759","ARVINAS, INC.","PhaseReadout","2026-09-01","month","ARV-471","Breast Cancer","clinicaltrials","https://clinicaltrials.gov/study/NCT05548127","PHASE2 | TACTIVE-U: A Study to Learn About the Study Medicine (Vepdegestrant) When Given With Other | primary completion 2026-09-01","0.45","True","2026-07-24T11:49:20Z","","","","clinicaltrials","https://clinicaltrials.gov/study/NCT05548127","readout","523912128","8.12","14.51","6.06","24.4","704976.0","614900000","29.0","into 2H 2028","company-guided","2028-12-15","https://www.sec.gov/Archives/edgar/data/1655759/000162828026033669/arvn-20260331.htm","","","","","2026-07-24T12:34:14Z","","","","","",""
"ACIU","0001651625","AC Immune SA","PhaseReadout","2028-01-01","month","ACI-7104","Parkinson Disease","clinicaltrials","https://clinicaltrials.gov/study/NCT06015841","PHASE2 | A Study to Evaluate the Effects of ACI-7104.056 in Patients With Early Stages of Parkinson | primary completion 2028-01","0.45","True","2026-07-24T11:49:02Z","","","","clinicaltrials","https://clinicaltrials.gov/study/NCT06015841","readout","227972804","2.24","4.0","2.03","10.7","79274.0","74797000","17.8","~18 mo (estimated)","estimated","2028-01-16","","","","","","2026-07-24T12:34:14Z","","","","","",""
"RXRX","0001601830","RECURSION PHARMACEUTICALS, INC.","PhaseReadout","2027-06-01","month","REC-2282","Familial Adenomatous Polyposis","clinicaltrials","https://clinicaltrials.gov/study/NCT05552755","PHASE2 | Evaluate REC-4881 in Participants With Familial Adenomatous Polyposis (FAP) | primary completion 2027-06","0.45","True","2026-07-24T11:52:14Z","","","","clinicaltrials","https://clinicaltrials.gov/study/NCT05552755","readout","1346046764","3.01","7.18","2.77","5.4","18789597.0","654473000","24.5","~24 mo (estimated)","estimated","2028-08-06","","","","","","2026-07-24T12:34:14Z","","","","","",""
"ONC","0001651308","BeOne Medicines Ltd.","PhaseReadout","2027-11-01","month","BGB-3111","B-cell Malignancies","clinicaltrials","https://clinicaltrials.gov/study/NCT04170283","PHASE3 | Long-term Extension Study of Zanubrutinib (BGB-3111) Regimens in Participants With B-cell  | primary completion 2027-11","0.45","True","2026-07-24T11:51:47Z","","","","clinicaltrials","https://clinicaltrials.gov/study/NCT04170283","readout","34918142895","326.77","385.22","253.948","55.5","546433.0","4791676000","","","","","","","","","","2026-07-24T12:34:14Z","","","","","",""
"ALNY","0001178670","ALNYLAM PHARMACEUTICALS, INC.","PhaseReadout","2027-05-28","month","ALN-4324","Type 2 Diabetes Mellitus (T2DM)","clinicaltrials","https://clinicaltrials.gov/study/NCT07465224","PHASE2 | A Study to Evaluate ALN-4324 on Insulin Sensitivity in Adults With Type 2 Diabetes Mellitu | primary completion 2027-05-28","0.45","True","2026-07-24T11:49:11Z","","","","clinicaltrials","https://clinicaltrials.gov/study/NCT07465224","readout","35880168868","268.74","495.55","262.21","2.8","1140199.0","3009223000","","","","","","","","","","2026-07-24T12:34:14Z","","","","","",""
"SLDB","0001707502","Solid Biosciences Inc.","PhaseReadout","2027-06-01","month","SGT-003","Catecholaminergic Polymorphic Ventricular Tachycardia","clinicaltrials","https://clinicaltrials.gov/study/NCT07148089","PHASE1 | A Study of SGT-501 Gene Therapy in Catecholaminergic Polymorphic Ventricular Tachycardia ( | primary completion 2027-06","0.45","True","2026-07-24T11:52:21Z","","","","clinicaltrials","https://clinicaltrials.gov/study/NCT07148089","readout","621723396","7.98","11.45","3.79","54.7","956129.0","381318000","26.7","~27 mo (estimated)","estimated","2028-10-12","","","","","","2026-07-24T12:34:14Z","","","","","",""
"VNDA","0001347178","Vanda Pharmaceuticals Inc.","PhaseReadout","2026-12-01","month","VQW-765","Social Anxiety Disorder (SAD)","clinicaltrials","https://clinicaltrials.gov/study/NCT07221578","PHASE3 | Study to Evaluate the Efficacy and Safety of VQW-765 for the On-Demand Treatment of Social | primary completion 2026-12","0.45","True","2026-07-24T11:52:47Z","","","","clinicaltrials","https://clinicaltrials.gov/study/NCT07221578;https://clinicaltrials.gov/study/NCT07446439","readout","322326612","5.36","9.94","4.14","21.0","866992.0","202310000","19.2","~19 mo (estimated)","estimated","2028-02-27","","","","","","2026-07-24T12:34:14Z","","","","","",""
"NCNA","0001709626","NuCana plc","PhaseReadout","2026-08-01","month","NUC-1031","Advanced Cancer","clinicaltrials","https://clinicaltrials.gov/study/NCT03829254","PHASE2 | A Safety, Pharmacokinetic and Clinical Activity Study of NUC-7738 in Patients With Advance | primary completion 2026-08","0.45","True","2026-07-24T11:51:33Z","","","","clinicaltrials","https://clinicaltrials.gov/study/NCT03829254","readout","8075866","1.33","12.4","1.21","1.1","20227.0","21530061","34.3","~34 mo (estimated)","estimated","2029-05-31","","","","","","2026-07-24T12:34:14Z","","","","","",""
"ARVN","0001655759","ARVINAS, INC.","PhaseReadout","2026-12-04","month","ARV-471","Healthy Participants","clinicaltrials","https://clinicaltrials.gov/study/NCT07231991","PHASE1 | A Study to Learn How the Body Processes the Study Medicine Called Vepdegestrant in People  | primary completion 2026-12-04","0.45","True","2026-07-24T11:49:20Z","","","","clinicaltrials","https://clinicaltrials.gov/study/NCT07231991","readout","523912128","8.12","14.51","6.06","24.4","704976.0","614900000","29.0","into 2H 2028","company-guided","2028-12-15","https://www.sec.gov/Archives/edgar/data/1655759/000162828026033669/arvn-20260331.htm","","","","","2026-07-24T12:34:14Z","","","","","",""
"ARVN","0001655759","ARVINAS, INC.","PhaseReadout","2027-11-30","month","ARV-471","KRAS G12D Mutation","clinicaltrials","https://clinicaltrials.gov/study/NCT07023731","PHASE2 | A Study to Evaluate ARV-806 in Adults With Advanced Cancer That Has the KRAS G12D Mutation | primary completion 2027-11-30","0.45","True","2026-07-24T11:49:20Z","","","","clinicaltrials","https://clinicaltrials.gov/study/NCT07023731","readout","523912128","8.12","14.51","6.06","24.4","704976.0","614900000","29.0","into 2H 2028","company-guided","2028-12-15","https://www.sec.gov/Archives/edgar/data/1655759/000162828026033669/arvn-20260331.htm","","","","","2026-07-24T12:34:14Z","","","","","",""
"RXRX","0001601830","RECURSION PHARMACEUTICALS, INC.","PhaseReadout","2028-01-01","month","REC-2282","Head and Neck Squamous Cell Carcinoma (HNSCC)","clinicaltrials","https://clinicaltrials.gov/study/NCT05985655","PHASE2 | Study to Assess GTAEXS617 in Participants With Advanced Solid Tumors | primary completion 2028-01","0.45","True","2026-07-24T11:52:14Z","","","","clinicaltrials","https://clinicaltrials.gov/study/NCT05985655","readout","1346046764","3.01","7.18","2.77","5.4","18789597.0","654473000","24.5","~24 mo (estimated)","estimated","2028-08-06","","","","","","2026-07-24T12:34:14Z","","","","","",""
"ALNY","0001178670","ALNYLAM PHARMACEUTICALS, INC.","PhaseReadout","2028-01-05","month","ALN-6400","Hereditary Hemorrhagic Telangiectasia","clinicaltrials","https://clinicaltrials.gov/study/NCT06659640","PHASE2 | A Study to Evaluate ALN-6400 in Healthy Volunteers and Patients With Hereditary Hemorrhagi | primary completion 2028-01-05","0.45","True","2026-07-24T11:49:11Z","","","","clinicaltrials","https://clinicaltrials.gov/study/NCT06659640","readout","35880168868","268.74","495.55","262.21","2.8","1140199.0","3009223000","","","","","","","","","","2026-07-24T12:34:14Z","","","","","",""
"SYRE","0001636282","Spyre Therapeutics, Inc.","PhaseReadout","2027-06-01","month","SPY001","Ulcerative Colitis","clinicaltrials","https://clinicaltrials.gov/study/NCT07012395","PHASE2 | A Study of Long-acting Antibodies Alone and in Combinations for Moderate to Severe Ulcerat | primary completion 2027-06","0.45","True","2026-07-24T11:52:29Z","","","","clinicaltrials","https://clinicaltrials.gov/study/NCT07012395","readout","6039542785","99.99","105.09","14.505","94.4","634817.0","741467000","47.9","~48 mo (estimated)","estimated","2030-07-19","","","new","new","","2026-07-24T12:34:14Z","","","","","",""
"APGE","0001974640","Apogee Therapeutics, Inc.","PhaseReadout","2026-11-01","month","APG777","Atopic Dermatitis","clinicaltrials","https://clinicaltrials.gov/study/NCT06395948","PHASE2 | A Study Evaluating APG777 in Atopic Dermatitis | primary completion 2026-11","0.45","True","2026-07-24T11:49:17Z","","","","clinicaltrials","https://clinicaltrials.gov/study/NCT06395948","readout","8307683219","134.26","134.4","34.34","99.9","691293.0","1059885000","54.2","~54 mo (estimated)","estimated","2031-01-26","","","","","","2026-07-24T12:34:14Z","","","","","",""
"BHVN","0001935979","Biohaven Ltd.","PhaseReadout","2027-08-01","month","BHV-8000","Parkinson Disease","clinicaltrials","https://clinicaltrials.gov/study/NCT06976268","PHASE3 | A Study to Determine if BHV-8000 is Effective, Safe and Tolerable as a Treatment for Adult | primary completion 2027-08","0.45","True","2026-07-24T11:49:36Z","","","","clinicaltrials","https://clinicaltrials.gov/study/NCT06976268","readout","1550927143","14.65","18.566","7.48","64.7","1549213.0","347817000","7.0","~7 mo (estimated)","estimated","2027-02-21","","ELEVATED — under 12 months","","","","2026-07-24T12:34:14Z","","","","","",""
"KZIA","0001075880","KAZIA THERAPEUTICS LTD","PhaseReadout","2026-12-01","month","GDC-0084","Primary Central Nervous System Lymphoma","clinicaltrials","https://clinicaltrials.gov/study/NCT04906096","PHASE2 | Paxalisib (GDC-0084) In Recurrent Or Refractory PCNSL | primary completion 2026-12-01","0.45","True","2026-07-24T11:51:10Z","","","","clinicaltrials","https://clinicaltrials.gov/study/NCT04192981;https://clinicaltrials.gov/study/NCT04906096","readout","21122075","13.04","17.4","4.86","65.2","381355.0","69391073","40.3","~40 mo (estimated)","estimated","2029-11-30","","","","","","2026-07-24T12:34:14Z","","","","","",""
"TCRX","0001783328","TScan Therapeutics, Inc.","PhaseReadout","2026-12-30","month","TSC-101","Head and Neck Cancer","clinicaltrials","https://clinicaltrials.gov/study/NCT05973487","PHASE1 | A Basket Study of Customized Autologous TCR-T Cell Therapies in Patients With Locally Adva | primary completion 2026-12-30","0.45","True","2026-07-24T11:52:33Z","","","","clinicaltrials","https://clinicaltrials.gov/study/NCT05973487","readout","51693227","0.8464","2.57","0.825","1.2","1073485.0","128057000","12.6","into 2H 2027","company-guided","2027-12-15","https://www.sec.gov/Archives/edgar/data/1783328/000119312526207572/tcrx-20260331.htm","","","","","2026-07-24T12:34:14Z","","","","","",""
"INO","0001055726","INOVIO PHARMACEUTICALS, INC.","PhaseReadout","2026-12-01","month","VGX-3100","BRCA1/2 Mutation","clinicaltrials","https://clinicaltrials.gov/study/NCT04367675","PHASE1 | INO 5401 Vaccination in BRCA1/2 Mutation Carriers | primary completion 2026-12","0.45","True","2026-07-24T11:50:57Z","","","","clinicaltrials","https://clinicaltrials.gov/study/NCT04367675","readout","54661661","1.02","2.98","1.0","1.0","2245328.0","37681257","5.4","into early 2027","company-guided","2027-03-15","https://www.sec.gov/Archives/edgar/data/1055726/000105572626000019/ino-33126x8kex991.htm","ELEVATED — under 12 months","","","","2026-07-24T12:34:14Z","","","","","",""
"CHRS","0001512762","Coherus Oncology, Inc.","PhaseReadout","2027-12-31","month","CHS-1420","Squamous Cell Carcinoma","clinicaltrials","https://clinicaltrials.gov/study/NCT07214987","PHASE2 | PDT For Induction Therapy For Head And Neck Cancer | primary completion 2027-12-31","0.45","True","2026-07-24T11:49:53Z","","","","clinicaltrials","https://clinicaltrials.gov/study/NCT07214987","readout","175046187","1.43","2.616","0.81","34.3","439300.0","167048000","11.8","~12 mo (estimated)","estimated","2027-07-17","","ELEVATED — under 12 months","","","","2026-07-24T12:34:14Z","","","","","",""
"CGEM","0001789972","Cullinan Therapeutics, Inc.","PhaseReadout","2026-09-01","month","CLN-081","Multiple Myeloma","clinicaltrials","https://clinicaltrials.gov/study/NCT06381141","PHASE1 | A Study of CLN-619 (Anti-MICA/MICB Antibody) in Patients With Relapsed and Refractory Mult | primary completion 2026-09","0.45","True","2026-07-24T11:49:50Z","","","","clinicaltrials","https://clinicaltrials.gov/study/NCT06381141","readout","1061994240","17.28","19.43","5.68","84.4","368567.0","351885000","23.6","~12+ months (company-stated, non-specific)","company-guided","","https://www.sec.gov/Archives/edgar/data/1789972/000119312526210304/cgem-20260331.htm","","","","","2026-07-24T12:34:14Z","","","","","",""
"BHVN","0001935979","Biohaven Ltd.","PhaseReadout","2026-10-01","month","BHV-7000","Focal Epilepsy","clinicaltrials","https://clinicaltrials.gov/study/NCT06309966","PHASE3 | Study to Determine if BHV-7000 is Effective and Safe in Adults With Refractory Focal Onset | primary completion 2026-10","0.45","True","2026-07-24T11:49:36Z","","","","clinicaltrials","https://clinicaltrials.gov/study/NCT06309966","readout","1550927143","14.65","18.566","7.48","64.7","1549213.0","347817000","7.0","~7 mo (estimated)","estimated","2027-02-21","","ELEVATED — under 12 months","","","","2026-07-24T12:34:14Z","","","","","",""
"KOD","0001468748","Kodiak Sciences Inc.","PhaseReadout","2027-02-01","month","KSI-101","Macular Edema Secondary to Inflammation","clinicaltrials","https://clinicaltrials.gov/study/NCT06996080","PHASE3 | A Phase 3 Study to Evaluate the Efficacy and Safety of Intravitreal KSI-101 in Participant | primary completion 2027-02","0.45","True","2026-07-24T11:51:05Z","","","","clinicaltrials","https://clinicaltrials.gov/study/NCT06996080","readout","2171196722","41.02","47.84","6.21","83.6","387144.0","169530000","13.8","~14 mo (estimated)","estimated","2027-09-16","","","","","","2026-07-24T12:34:14Z","","","","","",""
"KNSA","0001730430","Kiniksa Pharmaceuticals International, plc","PhaseReadout","2027-12-31","month","KPL-387","Pericarditis","clinicaltrials","https://clinicaltrials.gov/study/NCT07010159","PHASE3 | Phase 2/3 Study of KPL-387 in Recurrent Pericarditis | primary completion 2027-12-31","0.45","True","2026-07-24T11:51:04Z","","","","clinicaltrials","https://clinicaltrials.gov/study/NCT07010159;https://clinicaltrials.gov/study/NCT07288216","readout","4739560994","63.05","67.53","26.27","89.1","321640.0","468093000","","","","","","","","","","2026-07-24T12:34:14Z","","","","","",""
"SEPN","0001984086","Septerna, Inc.","PhaseReadout","2027-02-01","month","SEP-479","Healthy Volunteers","clinicaltrials","https://clinicaltrials.gov/study/NCT07433179","PHASE1 | A Study to Evaluate Single and Multiple Doses of SEP-479 in Healthy Adult Participants | primary completion 2027-02","0.45","True","2026-07-24T11:52:19Z","","","","clinicaltrials","https://clinicaltrials.gov/study/NCT07433179","readout","1508678090","33.47","38.04","10.616","83.3","298227.0","347401000","","into 2029","company-guided","2029-12-15","https://www.sec.gov/Archives/edgar/data/1984086/000119312525273373/sepn-ex99_1.htm","","","","","2026-07-24T12:34:14Z","","","","","",""
"CGEM","0001789972","Cullinan Therapeutics, Inc.","PhaseReadout","2027-09-30","month","CLN-081","AML (Acute Myeloid Leukemia)","clinicaltrials","https://clinicaltrials.gov/study/NCT07722767","PHASE1 | A Phase 1b Study of CLN-049 in Combination With Azacitidine and Venetoclax in AML Patients | primary completion 2027-09-30","0.45","True","2026-07-24T11:49:50Z","","","","clinicaltrials","https://clinicaltrials.gov/study/NCT07722767","readout","1061994240","17.28","19.43","5.68","84.4","368567.0","351885000","23.6","~12+ months (company-stated, non-specific)","company-guided","","https://www.sec.gov/Archives/edgar/data/1789972/000119312526210304/cgem-20260331.htm","","new","new","","2026-07-24T12:34:14Z","","","","","",""
"TVRD","0001346830","Tvardi Therapeutics, Inc.","PhaseReadout","2027-02-01","month","TTI-101","Hepatocellular Carcinoma","clinicaltrials","https://clinicaltrials.gov/study/NCT05440708","PHASE2 | A Study of TTI-101 as Monotherapy and in Combination in Participants With Locally Advanced | primary completion 2027-02-01","0.45","True","2026-07-24T11:52:41Z","","","","clinicaltrials","https://clinicaltrials.gov/study/NCT05440708","readout","24016241","2.56","43.65","1.5","2.5","497507.0","24981000","12.2","into late 2026","company-guided","2026-12-15","https://www.sec.gov/Archives/edgar/data/1346830/000110465926057524/tm2613977d1_ex99-1.htm","","","","","2026-07-24T12:34:14Z","","","","","",""
"AMLX","0001658551","Amylyx Pharmaceuticals, Inc.","PhaseReadout","2027-02-01","month","AMX0035","ALS","clinicaltrials","https://clinicaltrials.gov/study/NCT06665165","PHASE1 | AMX0114 in Adult Participants With Amyotrophic Lateral Sclerosis | primary completion 2027-02","0.45","True","2026-07-24T11:49:14Z","","","","clinicaltrials","https://clinicaltrials.gov/study/NCT06665165","readout","1462168750","17.59","19.15","7.48","86.6","815925.0","279768000","27.9","into 2028","company-guided","2028-12-15","https://www.sec.gov/Archives/edgar/data/1658551/000119312526210292/amlx-20260331.htm","","","","","2026-07-24T12:34:14Z","","","","","",""
"PYXS","0001782223","Pyxis Oncology, Inc.","PhaseReadout","2027-12-06","month","PYX-201","Advanced Solid Tumors","clinicaltrials","https://clinicaltrials.gov/study/NCT06795412","PHASE2 | Phase 1/2 Study of PYX-201 in Combination With Pembrolizumab in Advanced Solid Tumors | primary completion 2027-12-06","0.45","True","2026-07-24T11:52:04Z","","","","clinicaltrials","https://clinicaltrials.gov/study/NCT06795412","readout","169792686","2.68","5.55","0.97","37.3","1608131.0","42490000","7.6","into late 2026","company-guided","2026-12-15","https://www.sec.gov/Archives/edgar/data/1782223/000119312526222843/pyxs-20260331.htm","ELEVATED — under 12 months","","","","2026-07-24T12:34:14Z","","","","","",""
"SLN","0001479615","Silence Therapeutics plc","PhaseReadout","2026-09-01","month","SLN124","Polycythemia Vera","clinicaltrials","https://clinicaltrials.gov/study/NCT05499013","PHASE2 | Study to Assess SLN124 in Patients With Polycythemia Vera | primary completion 2026-09","0.45","True","2026-07-24T11:52:22Z","","","","clinicaltrials","https://clinicaltrials.gov/study/NCT05499013","readout","540828705","11.45","11.9","4.19","94.2","479696.0","70078000","12.8","~13 mo (estimated)","estimated","2027-08-17","","","","","","2026-07-24T12:34:14Z","","","","","",""
"CGEM","0001789972","Cullinan Therapeutics, Inc.","PhaseReadout","2027-12-30","month","CLN-081","Rheumatoid Arthritis (RA","clinicaltrials","https://clinicaltrials.gov/study/NCT06994143","PHASE1 | A Study of CLN-978, a Subcutaneously Administered CD19-directed T Cell Engager, in Subject | primary completion 2027-12-30","0.45","True","2026-07-24T11:49:50Z","","","","clinicaltrials","https://clinicaltrials.gov/study/NCT06994143","readout","1061994240","17.28","19.43","5.68","84.4","368567.0","351885000","23.6","~12+ months (company-stated, non-specific)","company-guided","","https://www.sec.gov/Archives/edgar/data/1789972/000119312526210304/cgem-20260331.htm","","","","","2026-07-24T12:34:14Z","","","","","",""
"CHRS","0001512762","Coherus Oncology, Inc.","PhaseReadout","2027-12-29","month","CHS-1420","Solid Tumor","clinicaltrials","https://clinicaltrials.gov/study/NCT06975293","PHASE2 | STC-15 as a Part of Combination Therapy With Toripalimab in Selected Advanced Cancers and  | primary completion 2027-12-29","0.45","True","2026-07-24T11:49:53Z","","","","clinicaltrials","https://clinicaltrials.gov/study/NCT06975293","readout","175046187","1.43","2.616","0.81","34.3","439300.0","167048000","11.8","~12 mo (estimated)","estimated","2027-07-17","","ELEVATED — under 12 months","","","","2026-07-24T12:34:14Z","","","","","",""
"VIR","0001706431","Vir Biotechnology, Inc.","PhaseReadout","2026-09-25","month","VIR-2218","Hepatic Impairment","clinicaltrials","https://clinicaltrials.gov/study/NCT05484206","PHASE1 | Effect of Hepatic Impairment on the Pharmacokinetics and Safety of VIR-2218 and VIR-3434 | primary completion 2026-09-25","0.45","True","2026-07-24T11:52:45Z","","","","clinicaltrials","https://clinicaltrials.gov/study/NCT05484206","readout","1575209437","9.34","11.66","4.155","69.1","1514524.0","472363000","12.7","into 2H 2028","company-guided","2028-12-15","https://www.sec.gov/Archives/edgar/data/1706431/000162828026031273/a20260506-q1ex991earningsr.htm","","","","","2026-07-24T12:34:14Z","","","","","",""
"BHVN","0001935979","Biohaven Ltd.","PhaseReadout","2027-07-01","month","BHV-1400","IgA Nephropathy","clinicaltrials","https://clinicaltrials.gov/study/NCT07054684","PHASE1 | Study of BHV-1400 in IgA Nephropathy | primary completion 2027-07","0.45","True","2026-07-24T11:49:36Z","","","","clinicaltrials","https://clinicaltrials.gov/study/NCT07054684","readout","1550927143","14.65","18.566","7.48","64.7","1549213.0","347817000","7.0","~7 mo (estimated)","estimated","2027-02-21","","ELEVATED — under 12 months","","","","2026-07-24T12:34:14Z","","","","","",""
"ARVN","0001655759","ARVINAS, INC.","PhaseReadout","2026-12-31","month","ARV-471","Breast Cancer","clinicaltrials","https://clinicaltrials.gov/study/NCT06125522","PHASE2 | TACTIVE-U: A Study to Learn About the Study Medicine (Vepdegestrant) When Given With Other | primary completion 2026-12-31","0.45","True","2026-07-24T11:49:20Z","","","","clinicaltrials","https://clinicaltrials.gov/study/NCT06125522","readout","523912128","8.12","14.51","6.06","24.4","704976.0","614900000","29.0","into 2H 2028","company-guided","2028-12-15","https://www.sec.gov/Archives/edgar/data/1655759/000162828026033669/arvn-20260331.htm","","","","","2026-07-24T12:34:14Z","","","","","",""
"IMTX","0001809196","Immatics N.V.","PhaseReadout","2028-01-01","month","IMA203","Melanoma, Cutaneous Malignant","clinicaltrials","https://clinicaltrials.gov/study/NCT06743126","PHASE3 | SUPRAME-ACTengine® IMA203 vs. Investigator's Choice of Treatment in Previously Treated, Un | primary completion 2028-01","0.45","True","2026-07-24T11:50:50Z","","","","clinicaltrials","https://clinicaltrials.gov/study/NCT06743126","readout","1245761130","9.29","12.41","5.05","57.6","352455.0","454043019","29.6","~30 mo (estimated)","estimated","2029-01-08","","","","","","2026-07-24T12:34:14Z","","","","","",""
"IBRX","0001326110","ImmunityBio, Inc.","PhaseReadout","2026-09-30","month","ALT-803","Non-muscle Invasive Bladder Cancer","clinicaltrials","https://clinicaltrials.gov/study/NCT02138734","PHASE2 | A Study of Intravesical BCG in Combination With ALT-803 in Patients With Non-Muscle Invasi | primary completion 2026-09-30","0.45","True","2026-07-24T11:50:44Z","","","","clinicaltrials","https://clinicaltrials.gov/study/NCT02138734","readout","7750389993","7.4","12.43","1.95","52.0","6073285.0","380879000","15.5","~12+ months (company-stated, non-specific)","company-guided","","https://www.sec.gov/Archives/edgar/data/1326110/000132611026000059/ibrx-20260331.htm","","","","","2026-07-24T12:34:14Z","","","","","",""
"QURE","0001590560","uniQure N.V.","PhaseReadout","2026-11-30","month","AMT-260","Mesial Temporal Lobe Epilepsy","clinicaltrials","https://clinicaltrials.gov/study/NCT06063850","PHASE2 | AMT-260 Gene Therapy Study in Adults With Unilateral Refractory Mesial Temporal Lobe Epile | primary completion 2026-11-30","0.45","True","2026-07-24T11:52:06Z","","","","clinicaltrials","https://clinicaltrials.gov/study/NCT06063850","readout","2681732875","39.43","71.5","8.73","48.9","834348.0","586550000","40.9","into 2H 2029","company-guided","2029-12-15","https://www.sec.gov/Archives/edgar/data/1590560/000110465926055242/qure-20260505xex99d1.htm","","","","","2026-07-24T12:34:14Z","","","","","",""
"QNRX","0001671502","Quoin Pharmaceuticals, Ltd.","PhaseReadout","2027-01-31","month","QRX003","Netherton Syndrome","clinicaltrials","https://clinicaltrials.gov/study/NCT07538583","PHASE3 | Phase 2/3 Clinical Study of QRX003 Lotion in Subjects With Netherton Syndrome | primary completion 2027-01-31","0.45","True","2026-07-24T11:52:04Z","","","","clinicaltrials","https://clinicaltrials.gov/study/NCT07538583","readout","8775310","4.37","41.8","3.25","2.9","9674.0","3124523","2.4","into 2027","company-guided","2027-12-15","https://www.sec.gov/Archives/edgar/data/1671502/000110465926057140/tm2613938d1_ex99-1.htm","ELEVATED — under 12 months","","","","2026-07-24T12:34:14Z","","","","","",""
"IDYA","0001676725","IDEAYA Biosciences, Inc.","PhaseReadout","2027-01-29","month","IDE196","Metastatic Uveal Melanoma","clinicaltrials","https://clinicaltrials.gov/study/NCT03947385","PHASE2 | Study of IDE196 in Patients With Solid Tumors Harboring GNAQ/11 Mutations or PRKC Fusions | primary completion 2027-01-29","0.45","True","2026-07-24T11:50:46Z","","","","clinicaltrials","https://clinicaltrials.gov/study/NCT03947385","readout","3444860713","36.23","40.58","22.09","76.5","847692.0","671201000","93.7","into 2030","company-guided","2030-12-15","https://www.sec.gov/Archives/edgar/data/1676725/000119312526052741/idya-ex99_1.htm","","","","","2026-07-24T12:34:14Z","","","","","",""
"LRMR","0001374690","Larimar Therapeutics, Inc.","PhaseReadout","2027-01-01","month","CTI-1601","Friedreich Ataxia","clinicaltrials","https://clinicaltrials.gov/study/NCT06447025","PHASE2 | An Open-Label Study of CTI-1601 in Subjects With Friedreich's Ataxia | primary completion 2027-01","0.45","True","2026-07-24T11:51:15Z","","","","clinicaltrials","https://clinicaltrials.gov/study/NCT06447025","readout","343167989","4.01","6.42","2.715","35.0","698715.0","200385000","18.3","into Q2 2027","company-guided","2027-06-15","https://www.sec.gov/Archives/edgar/data/1374690/000119312526224087/lrmr-20260331.htm","","","","","2026-07-24T12:34:14Z","","","","","",""
"CMPX","0001738021","Compass Therapeutics, Inc.","PhaseReadout","2026-12-01","month","CTX-009","Biliary Tract Cancer","clinicaltrials","https://clinicaltrials.gov/study/NCT05506943","PHASE3 | A Study of CTX-009 in Combination With Paclitaxel in Adult Patients With Unresectable Adva | primary completion 2026-12-01","0.45","True","2026-07-24T11:50:00Z","","","","clinicaltrials","https://clinicaltrials.gov/study/NCT05506943;https://clinicaltrials.gov/study/NCT06150664","readout","293166958","2.12","6.88","1.61","9.7","2265979.0","194687000","43.9","into 2028","company-guided","2028-12-15","https://www.sec.gov/Archives/edgar/data/1738021/000117184326003005/exh_991.htm","","","","","2026-07-24T12:34:14Z","","","","","",""
"BMY","0000014272","Bristol Myers Squibb","PhaseReadout","2026-10-06","month","BMS-986278","Idiopathic Pulmonary Fibrosis","clinicaltrials","https://clinicaltrials.gov/study/NCT06003426","PHASE3 | A Study to Evaluate the Efficacy, Safety, and Tolerability of BMS-986278 in Participants W | primary completion 2026-10-06","0.45","True","2026-07-24T11:49:40Z","","","","clinicaltrials","https://clinicaltrials.gov/study/NCT06003426","readout","125607725700","61.51","62.89","42.52","93.2","7601774.0","10486000000","","","","","","","new","new","","2026-07-24T12:34:14Z","","","","","",""
"ACRV","0001781174","Acrivon Therapeutics, Inc.","PhaseReadout","2026-08-12","month","ACR-368","Specific Advanced Solid Tumors","clinicaltrials","https://clinicaltrials.gov/study/NCT06667141","PHASE1 | Phase 1 Study of ACR-2316 in Specific Advanced Solid Tumors | primary completion 2026-08-12","0.45","True","2026-07-24T11:49:04Z","","","","clinicaltrials","https://clinicaltrials.gov/study/NCT06667141","readout","52698774","1.67","3.56","1.2","19.9","244956.0","97737000","18.1","into Q3 2027","company-guided","2027-09-15","https://www.sec.gov/Archives/edgar/data/1781174/000119312526221626/acrv-ex99_1.htm","","","","","2026-07-24T12:34:14Z","","","","","",""
"SLDB","0001707502","Solid Biosciences Inc.","PhaseReadout","2026-10-15","month","SGT-003","Duchenne Muscular Dystrophy","clinicaltrials","https://clinicaltrials.gov/study/NCT03368742","PHASE2 | Microdystrophin Gene Transfer Study in Adolescents and Children With DMD | primary completion 2026-10-15","0.45","True","2026-07-24T11:52:21Z","","","","clinicaltrials","https://clinicaltrials.gov/study/NCT03368742","readout","621723396","7.98","11.45","3.79","54.7","956129.0","381318000","26.7","~27 mo (estimated)","estimated","2028-10-12","","","","","","2026-07-24T12:34:14Z","","","","","",""
"XENE","0001582313","Xenon Pharmaceuticals Inc.","PhaseReadout","2027-01-01","month","XEN1101","Major Depressive Disorder","clinicaltrials","https://clinicaltrials.gov/study/NCT06922110","PHASE3 | An Open-Label Study of Azetukalner in Major Depressive Disorder | primary completion 2027-01","0.45","True","2026-07-24T11:52:54Z","","","","clinicaltrials","https://clinicaltrials.gov/study/NCT06922110","readout","5164736815","65.42","72.66","30.0","83.0","490390.0","1094747000","42.9","into 2029","company-guided","2029-12-15","https://www.sec.gov/Archives/edgar/data/1582313/000119312526211843/xene-ex99_1.htm","","","","","2026-07-24T12:34:14Z","","","","","",""
"ACAD","0001070494","ACADIA PHARMACEUTICALS INC","PhaseReadout","2027-01-01","month","ACP-204","Intermittent Explosive Disorder","clinicaltrials","https://clinicaltrials.gov/study/NCT05895513","PHASE2 | Pimavanserin and Aggression and Social Cognition. | primary completion 2027-01","0.45","True","2026-07-24T11:49:00Z","","","","clinicaltrials","https://clinicaltrials.gov/study/NCT05895513","readout","4251786652","24.83","28.35","19.69","59.4","1272012.0","851458000","","","","","","","","","","2026-07-24T12:34:14Z","","","","","",""
"IONS","0000874015","Ionis","PhaseReadout","2027-08-01","month","ION582","Angelman Syndrome","clinicaltrials","https://clinicaltrials.gov/study/NCT06914609","PHASE3 | REVEAL: A Phase 3 Study of ION582 in Angelman Syndrome | primary completion 2027-08","0.45","True","2026-07-24T11:50:58Z","","","","clinicaltrials","https://clinicaltrials.gov/study/NCT06914609","readout","9233219004","55.87","86.74","40.03","33.9","3834334.0","1919113000","25.3","~25 mo (estimated)","estimated","2028-08-31","","","","","","2026-07-24T12:34:14Z","","","","","",""
"CHRS","0001512762","Coherus Oncology, Inc.","PhaseReadout","2028-01-01","month","CHS-1420","Metastatic Solid Tumor","clinicaltrials","https://clinicaltrials.gov/study/NCT06657144","PHASE1 | A Study of CHS-114 (Tagmokitug) in Combination With Toripalimab and/or Other Treatments in | primary completion 2028-01","0.45","True","2026-07-24T11:49:53Z","","","","clinicaltrials","https://clinicaltrials.gov/study/NCT06657144","readout","175046187","1.43","2.616","0.81","34.3","439300.0","167048000","11.8","~12 mo (estimated)","estimated","2027-07-17","","ELEVATED — under 12 months","","","","2026-07-24T12:34:14Z","","","","","",""
"IVA","0001756594","Inventiva S.A.","PhaseReadout","2027-09-30","month","IVA337","NASH - Nonalcoholic Steatohepatitis","clinicaltrials","https://clinicaltrials.gov/study/NCT04849728","PHASE3 | A Phase 3 Study Evaluating Efficacy and Safety of Lanifibranor Followed by an Active Treat | primary completion 2027-09-30","0.45","True","2026-07-24T11:51:01Z","","","","clinicaltrials","https://clinicaltrials.gov/study/NCT04849728","readout","234439285","4.51","7.983","2.854","32.3","634751.0","99269731","6.1","~6 mo (estimated)","estimated","2027-01-25","","ELEVATED — under 12 months","","","","2026-07-24T12:34:14Z","","","","","",""
"KTTA","0001841330","Pasithea Therapeutics Corp.","PhaseReadout","2027-09-01","month","PAS-004","NF1 Mutation","clinicaltrials","https://clinicaltrials.gov/study/NCT06961565","PHASE1 | PAS-004 in Adults Who Have Neurofibromatosis Type 1 With Plexiform Neurofibromas | primary completion 2027-09","0.45","True","2026-07-24T11:51:07Z","","","","clinicaltrials","https://clinicaltrials.gov/study/NCT06961565","readout","3573722","0.4802","2.06","0.281","11.2","308652.0","50400377","35.7","~36 mo (estimated)","estimated","2029-07-13","","","","","","2026-07-24T12:34:14Z","","","","","",""
"ACTU","0001652935","ACTUATE THERAPEUTICS, INC.","PhaseReadout","2027-09-30","month","ING-41","Pancreatic Adenocarcinoma","clinicaltrials","https://clinicaltrials.gov/study/NCT06896188","PHASE1 | 9-ING-41 Combined With Retifanlimab, Plus Modified FOLFIRINOX for Patients With Advanced P | primary completion 2027-09-30","0.45","True","2026-07-24T11:49:04Z","","","","clinicaltrials","https://clinicaltrials.gov/study/NCT06896188","readout","30146574","1.26","9.22","1.16","1.2","118312.0","8134004","5.0","~5 mo (estimated)","estimated","2026-12-23","","ELEVATED — under 12 months","","","","2026-07-24T12:34:14Z","","","","","",""
"AZTR","0001701478","Azitra, Inc.","PhaseReadout","2027-01-15","month","ATR04-484","EGFR Inhibitor-associated Rash","clinicaltrials","https://clinicaltrials.gov/study/NCT06830863","PHASE2 | A Study to Evaluate Topical ATR04-484 for EGFRi-Associated Dermal Toxicity | primary completion 2027-01-15","0.45","True","2026-07-24T11:49:29Z","","","","clinicaltrials","https://clinicaltrials.gov/study/NCT06830863","readout","1364069","0.127","1.50667","0.1","1.9","475585.0","10051003","11.3","~11 mo (estimated)","estimated","2027-07-02","","ELEVATED — under 12 months","","","","2026-07-24T12:34:14Z","","","","","",""
"CRBP","0001595097","Corbus Pharmaceuticals Holdings, Inc.","PhaseReadout","2027-01-16","month","CRB-701","Solid Tumor, Adult","clinicaltrials","https://clinicaltrials.gov/study/NCT06265727","PHASE2 | A Phase 1/2 Study to Investigate CRB-701 in Solid Tumors | primary completion 2027-01-16","0.45","True","2026-07-24T11:50:05Z","","","","clinicaltrials","https://clinicaltrials.gov/study/NCT06265727","readout","116830888","9.32","20.56","7.12","16.4","638804.0","138604000","22.6","into 2028","company-guided","2028-12-15","https://www.sec.gov/Archives/edgar/data/1595097/000119312526218250/crbp-ex99_1.htm","","","","","2026-07-24T12:34:14Z","","","","","",""
"QNRX","0001671502","Quoin Pharmaceuticals, Ltd.","PhaseReadout","2026-07-30","month","QRX003","Netherton Syndrome","clinicaltrials","https://clinicaltrials.gov/study/NCT06953466","PHASE3 | Clinical Study of QRX003 Lotion in Subjects With Netherton Syndrome | primary completion 2026-07-30","0.45","True","2026-07-24T11:52:04Z","","","","clinicaltrials","https://clinicaltrials.gov/study/NCT06953466","readout","8775310","4.37","41.8","3.25","2.9","9674.0","3124523","2.4","into 2027","company-guided","2027-12-15","https://www.sec.gov/Archives/edgar/data/1671502/000110465926057140/tm2613938d1_ex99-1.htm","ELEVATED — under 12 months","","","","2026-07-24T12:34:14Z","","","","","",""
"EVMN","0002044725","Evommune, Inc.","PhaseReadout","2027-10-01","month","EVO756","Migraine","clinicaltrials","https://clinicaltrials.gov/study/NCT07616128","PHASE2 | Study of EVO756 in Adults With Migraine | primary completion 2027-10","0.45","True","2026-07-24T11:50:24Z","","","","clinicaltrials","https://clinicaltrials.gov/study/NCT07616128","readout","160339933","11.32","33.2","10.47","3.7","827533.0","211464000","31.7","~32 mo (estimated)","estimated","2029-03-13","","","","","","2026-07-24T12:34:14Z","","","","","",""
"SYRE","0001636282","Spyre Therapeutics, Inc.","PhaseReadout","2026-10-31","month","SPY001","Rheumatoid Arthritis","clinicaltrials","https://clinicaltrials.gov/study/NCT07148414","PHASE2 | A Study of SPY072 in Rheumatic Disease | primary completion 2026-10-31","0.45","True","2026-07-24T11:52:29Z","","","","clinicaltrials","https://clinicaltrials.gov/study/NCT07148414","readout","6039542785","99.99","105.09","14.505","94.4","634817.0","741467000","47.9","~48 mo (estimated)","estimated","2030-07-19","","","","","","2026-07-24T12:34:14Z","","","","","",""
"CGEN","0001119774","COMPUGEN LTD","PhaseReadout","2027-03-01","month","COM701","Ovarian Cancer","clinicaltrials","https://clinicaltrials.gov/study/NCT06888921","PHASE2 | A Clinical Trial to Evaluate the Safety and Efficacy of COM701 in Relapsed Platinum Sensit | primary completion 2027-03","0.45","True","2026-07-24T11:49:51Z","","","","clinicaltrials","https://clinicaltrials.gov/study/NCT06888921","readout","221254488","2.34","3.24","1.3","53.6","174533.0","134946000","","","","","","","","","","2026-07-24T12:34:14Z","","","","","",""
"MSLE","0001421642","Satellos Bioscience Inc.","PhaseReadout","2027-03-31","month","SAT-3247","Duchenne Muscular Dystrophy","clinicaltrials","https://clinicaltrials.gov/study/NCT07287189","PHASE2 | Phase 2 Study of SAT-3247 in Pediatric Ambulatory Patients | primary completion 2027-03-31","0.45","True","2026-07-24T11:51:29Z","","","","clinicaltrials","https://clinicaltrials.gov/study/NCT07287189","readout","12392907","9.62","13.395","4.644","56.9","108705.0","70140923","32.8","~33 mo (estimated)","estimated","2029-04-16","","","","","","2026-07-24T12:34:14Z","","","","","",""
"ARVN","0001655759","ARVINAS, INC.","PhaseReadout","2026-12-30","month","ARV-471","Breast Cancer","clinicaltrials","https://clinicaltrials.gov/study/NCT05909397","PHASE3 | Vepdegestrant (ARV-471/PF-07850327) + Palbociclib vs Letrozole + Palbociclib in ER(+)/HER2 | primary completion 2026-12-30","0.45","True","2026-07-24T11:49:20Z","","","","clinicaltrials","https://clinicaltrials.gov/study/NCT05573555;https://clinicaltrials.gov/study/NCT05909397","readout","523912128","8.12","14.51","6.06","24.4","704976.0","614900000","29.0","into 2H 2028","company-guided","2028-12-15","https://www.sec.gov/Archives/edgar/data/1655759/000162828026033669/arvn-20260331.htm","","","","","2026-07-24T12:34:14Z","","","","","",""
"CGEM","0001789972","Cullinan Therapeutics, Inc.","PhaseReadout","2026-11-01","month","CLN-081","NHL","clinicaltrials","https://clinicaltrials.gov/study/NCT05879744","PHASE1 | A Study of CLN-978 in Patients With Relapsed or Refractory (R/R) B Cell Non-Hodgkin Lympho | primary completion 2026-11","0.45","True","2026-07-24T11:49:50Z","","","","clinicaltrials","https://clinicaltrials.gov/study/NCT05879744","readout","1061994240","17.28","19.43","5.68","84.4","368567.0","351885000","23.6","~12+ months (company-stated, non-specific)","company-guided","","https://www.sec.gov/Archives/edgar/data/1789972/000119312526210304/cgem-20260331.htm","","","","","2026-07-24T12:34:14Z","","","","","",""
"XENE","0001582313","Xenon Pharmaceuticals Inc.","PhaseReadout","2026-10-01","month","XEN1101","Focal Onset Seizures","clinicaltrials","https://clinicaltrials.gov/study/NCT05716100","PHASE3 | A Randomized Study of XEN1101 Versus Placebo in Focal-Onset Seizures (X-TOLE3) | primary completion 2026-10","0.45","True","2026-07-24T11:52:54Z","","","","clinicaltrials","https://clinicaltrials.gov/study/NCT05716100","readout","5164736815","65.42","72.66","30.0","83.0","490390.0","1094747000","42.9","into 2029","company-guided","2029-12-15","https://www.sec.gov/Archives/edgar/data/1582313/000119312526211843/xene-ex99_1.htm","","","","","2026-07-24T12:34:14Z","","","","","",""
"BNTX","0001776985","BioNTech SE","PhaseReadout","2027-08-31","month","ONC-392","Non Small Cell Lung Cancer","clinicaltrials","https://clinicaltrials.gov/study/NCT05671510","PHASE3 | ONC-392 Versus Docetaxel in Metastatic NSCLC That Progressed on PD-1/PD-L1 Inhibitors | primary completion 2027-08-31","0.45","True","2026-07-24T11:49:42Z","","","","clinicaltrials","https://clinicaltrials.gov/study/NCT05671510","readout","23280524607","92.06","124.0","79.52","28.2","539198.0","14651864245","","","","","","","","","","2026-07-24T12:34:14Z","","","","","",""
"RADX","0001949257","Radiopharm Theranostics Ltd","PhaseReadout","2027-08-30","month","RAD101","Imaging","clinicaltrials","https://clinicaltrials.gov/study/NCT07272642","PHASE1 | A Phase 1, Multicenter Imaging Study of LNTH-2403 in Participants With Locally Advanced or | primary completion 2027-08-30","0.45","True","2026-07-24T11:52:07Z","","","","clinicaltrials","https://clinicaltrials.gov/study/NCT07272642","readout","5526378","4.29","16.25","3.62","5.3","0.0","34481156","8.0","~8 mo (estimated)","estimated","2027-03-24","","ELEVATED — under 12 months","","","","2026-07-24T12:34:14Z","","","","","",""
"KOD","0001468748","Kodiak Sciences Inc.","PhaseReadout","2027-04-01","month","KSI-101","Macular Edema Secondary to Inflammation","clinicaltrials","https://clinicaltrials.gov/study/NCT06990399","PHASE3 | A Phase 3 Study to Evaluate the Efficacy and Safety of Intravitreal KSI-101 in Participant | primary completion 2027-04","0.45","True","2026-07-24T11:51:05Z","","","","clinicaltrials","https://clinicaltrials.gov/study/NCT06990399","readout","2171196722","41.02","47.84","6.21","83.6","387144.0","169530000","13.8","~14 mo (estimated)","estimated","2027-09-16","","","","","","2026-07-24T12:34:14Z","","","","","",""
"MSLE","0001421642","Satellos Bioscience Inc.","PhaseReadout","2026-08-30","month","SAT-3247","Duchenne Muscular Dystrophy (DMD)","clinicaltrials","https://clinicaltrials.gov/study/NCT06867107","PHASE2 | An Open-label Long-term Follow-up Study of SAT-3247 for Participants With Duchenne Muscula | primary completion 2026-08-30","0.45","True","2026-07-24T11:51:29Z","","","","clinicaltrials","https://clinicaltrials.gov/study/NCT06867107","readout","12392907","9.62","13.395","4.644","56.9","108705.0","70140923","32.8","~33 mo (estimated)","estimated","2029-04-16","","","","","","2026-07-24T12:34:14Z","","","","","",""
"RVMD","0001628171","Revolution Medicines, Inc.","PhaseReadout","2027-12-01","month","RMC-6236","NSCLC (Non-small Cell Lung Cancer)","clinicaltrials","https://clinicaltrials.gov/study/NCT06881784","PHASE3 | Study of Daraxonrasib (RMC-6236) in Patients With RAS Mutated NSCLC (RASolve 301) | primary completion 2027-12-01","0.45","True","2026-07-24T11:52:13Z","","","","clinicaltrials","https://clinicaltrials.gov/study/NCT06881784","readout","40127495000","188.75","193.825","34.0","96.8","2282376.0","1908084000","21.7","~22 mo (estimated)","estimated","2028-05-13","","","","","","2026-07-24T12:34:14Z","","","","","",""
"EYPT","0001314102","EyePoint, Inc.","PhaseReadout","2026-10-01","month","EYP-1901","Wet Age Related Macular Degeneration","clinicaltrials","https://clinicaltrials.gov/study/NCT06683742","PHASE3 | A 2-year Study of EYP-1901 in Subjects With Wet Age Related Macular Degeneration (wAMD) (L | primary completion 2026-10","0.45","True","2026-07-24T11:50:26Z","","","","clinicaltrials","https://clinicaltrials.gov/study/NCT06683742","readout","1045500986","12.47","19.11","9.4","31.6","1284701.0","222545000","10.0","into late 2027","company-guided","2027-12-15","https://www.sec.gov/Archives/edgar/data/1314102/000119312526211870/eypt-20260331.htm","ELEVATED — under 12 months","","","","2026-07-24T12:34:14Z","","","","","",""
"NKTX","0001787400","Nkarta, Inc.","PhaseReadout","2027-04-01","month","NKX019","Lupus Nephritis","clinicaltrials","https://clinicaltrials.gov/study/NCT06557265","PHASE2 | A Phase 1/2 Study of NKX019 in Subjects With Autoimmune Disease (Ntrust-1) | primary completion 2027-04","0.45","True","2026-07-24T11:51:35Z","","","","clinicaltrials","https://clinicaltrials.gov/study/NCT06557265","readout","164554323","2.3","3.72","1.7","29.7","944985.0","230428000","31.7","into 2029","company-guided","2029-12-15","https://www.sec.gov/Archives/edgar/data/1787400/000178740026000012/nktx-ex99_1.htm","","","","","2026-07-24T12:34:14Z","","","","","",""
"IMMX","0001873835","Immix Biopharma, Inc.","PhaseReadout","2026-12-01","month","NXC-201","Light Chain (AL) Amyloidosis","clinicaltrials","https://clinicaltrials.gov/study/NCT06097832","PHASE2 | Study of NXC-201 CAR-T in Patients With Light Chain (AL) Amyloidosis | primary completion 2026-12","0.45","True","2026-07-24T11:50:48Z","","","","clinicaltrials","https://clinicaltrials.gov/study/NCT06097832","readout","478736694","8.8","12.14","1.94","67.3","994445.0","90579162","33.9","~34 mo (estimated)","estimated","2029-05-19","","","","","","2026-07-24T12:34:14Z","","","","","",""
"RADX","0001949257","Radiopharm Theranostics Ltd","PhaseReadout","2027-12-01","month","RAD101","Castration-Resistant Prostate Cancer (CRPC)","clinicaltrials","https://clinicaltrials.gov/study/NCT07189871","PHASE2 | 177Lu-BetaBart in Patients With Relapsed/Refractory, Locally Advanced Inoperable, or Metas | primary completion 2027-12","0.45","True","2026-07-24T11:52:07Z","","","","clinicaltrials","https://clinicaltrials.gov/study/NCT07189871","readout","5526378","4.29","16.25","3.62","5.3","0.0","34481156","8.0","~8 mo (estimated)","estimated","2027-03-24","","ELEVATED — under 12 months","","","","2026-07-24T12:34:14Z","","","","","",""
"QURE","0001590560","uniQure N.V.","PhaseReadout","2027-12-01","month","AMT-191","Fabry Disease","clinicaltrials","https://clinicaltrials.gov/study/NCT06270316","PHASE2 | Safety, PK/PD, and Exploratory Efficacy Study of AMT-191 in Classic Fabry Disease | primary completion 2027-12-01","0.45","True","2026-07-24T11:52:06Z","","","","clinicaltrials","https://clinicaltrials.gov/study/NCT06270316","readout","2681732875","39.43","71.5","8.73","48.9","834348.0","586550000","40.9","into 2H 2029","company-guided","2029-12-15","https://www.sec.gov/Archives/edgar/data/1590560/000110465926055242/qure-20260505xex99d1.htm","","","","","2026-07-24T12:34:14Z","","","","","",""
"HELP","0001833141","CYBIN INC.","PhaseReadout","2026-08-01","month","CYB003","Major Depressive Disorder","clinicaltrials","https://clinicaltrials.gov/study/NCT06564818","PHASE3 | ""A Study of a Deuterated Psilocin Analog (CYB003) in Humans With Major Depressive Disorder | primary completion 2026-08","0.45","True","2026-07-24T11:50:42Z","","","","clinicaltrials","https://clinicaltrials.gov/study/NCT06564818","readout","386776734","7.73","9.12","3.76","74.1","988457.0","219307289","19.0","~19 mo (estimated)","estimated","2028-02-21","","","","","","2026-07-24T12:34:14Z","","CYBN","","","",""
"ALNY","0001178670","ALNYLAM PHARMACEUTICALS, INC.","PhaseReadout","2026-12-29","month","ALN-4285","Healthy Volunteers","clinicaltrials","https://clinicaltrials.gov/study/NCT07295717","PHASE1 | A Study to Evaluate ALN-4285 in Adult Healthy Volunteers | primary completion 2026-12-29","0.45","True","2026-07-24T11:49:11Z","","","","clinicaltrials","https://clinicaltrials.gov/study/NCT07295717","readout","35880168868","268.74","495.55","262.21","2.8","1140199.0","3009223000","","","","","","","","","","2026-07-24T12:34:14Z","","","","","",""
"VNDA","0001347178","Vanda Pharmaceuticals Inc.","PhaseReadout","2026-09-01","month","VSJ-110","Dry Eye","clinicaltrials","https://clinicaltrials.gov/study/NCT07179055","PHASE2 | An Eight-Week Study to Evaluate the Safety and Efficacy of VSJ-110 Compared to Placebo in  | primary completion 2026-09","0.45","True","2026-07-24T11:52:47Z","","","","clinicaltrials","https://clinicaltrials.gov/study/NCT07065773;https://clinicaltrials.gov/study/NCT07179055","readout","322326612","5.36","9.94","4.14","21.0","866992.0","202310000","19.2","~19 mo (estimated)","estimated","2028-02-27","","","","","","2026-07-24T12:34:14Z","","","","","",""
"XENE","0001582313","Xenon Pharmaceuticals Inc.","PhaseReadout","2027-04-01","month","XEN1101","Primary Generalized Tonic-Clonic Seizures","clinicaltrials","https://clinicaltrials.gov/study/NCT05667142","PHASE3 | A Study to Evaluate XEN1101 as Adjunctive Therapy in Primary Generalized Tonic-Clonic Seiz | primary completion 2027-04","0.45","True","2026-07-24T11:52:54Z","","","","clinicaltrials","https://clinicaltrials.gov/study/NCT05667142","readout","5164736815","65.42","72.66","30.0","83.0","490390.0","1094747000","42.9","into 2029","company-guided","2029-12-15","https://www.sec.gov/Archives/edgar/data/1582313/000119312526211843/xene-ex99_1.htm","","","","","2026-07-24T12:34:14Z","","","","","",""
"COGT","0001622229","Cogent Biosciences, Inc.","PhaseReadout","2027-03-01","month","CGT9486","Intrahepatic Cholangiocarcinoma (Icc)","clinicaltrials","https://clinicaltrials.gov/study/NCT06777316","PHASE2 | A Study of an FGFR2/3 Inhibitor (CGT4859) in Patients With Cholangiocarcinoma and Other Ad | primary completion 2027-03","0.45","True","2026-07-24T11:50:03Z","","","","clinicaltrials","https://clinicaltrials.gov/study/NCT06777316","readout","6875728320","40.24","43.73","10.38","89.5","3180832.0","866378000","36.5","into 2028","company-guided","2028-12-15","https://www.sec.gov/Archives/edgar/data/1622229/000119312526205124/cogt-ex99_1.htm","","","","","2026-07-24T12:34:14Z","","","","","",""
"EYPT","0001314102","EyePoint, Inc.","PhaseReadout","2027-10-01","month","EYP-1901","Diabetic Macular Edema","clinicaltrials","https://clinicaltrials.gov/study/NCT07449923","PHASE3 | CAPRI: A Phase 3 Randomized, Double-Masked Study Comparing the Efficacy of EYP-1901 Agains | primary completion 2027-10","0.45","True","2026-07-24T11:50:26Z","","","","clinicaltrials","https://clinicaltrials.gov/study/NCT07449923;https://clinicaltrials.gov/study/NCT07449936","readout","1045500986","12.47","19.11","9.4","31.6","1284701.0","222545000","10.0","into late 2027","company-guided","2027-12-15","https://www.sec.gov/Archives/edgar/data/1314102/000119312526211870/eypt-20260331.htm","ELEVATED — under 12 months","","","","2026-07-24T12:34:14Z","","","","","",""
"EYPT","0001314102","EyePoint, Inc.","PhaseReadout","2026-08-01","month","EYP-1901","Wet Age Related Macular Degeneration","clinicaltrials","https://clinicaltrials.gov/study/NCT06668064","PHASE3 | A 2-year Study of EYP-1901 in Subjects With Wet Age Related Macular Degeneration (wAMD) (L | primary completion 2026-08","0.45","True","2026-07-24T11:50:26Z","","","","clinicaltrials","https://clinicaltrials.gov/study/NCT06668064","readout","1045500986","12.47","19.11","9.4","31.6","1284701.0","222545000","10.0","into late 2027","company-guided","2027-12-15","https://www.sec.gov/Archives/edgar/data/1314102/000119312526211870/eypt-20260331.htm","ELEVATED — under 12 months","","","","2026-07-24T12:34:14Z","","","","","",""
"CHRS","0001512762","Coherus Oncology, Inc.","PhaseReadout","2026-09-30","month","CHS-1420","Advanced Solid Tumor","clinicaltrials","https://clinicaltrials.gov/study/NCT05635643","PHASE1 | Study of CHS-114 in Participants With Advanced Solid Tumors | primary completion 2026-09-30","0.45","True","2026-07-24T11:49:53Z","","","","clinicaltrials","https://clinicaltrials.gov/study/NCT05635643","readout","175046187","1.43","2.616","0.81","34.3","439300.0","167048000","11.8","~12 mo (estimated)","estimated","2027-07-17","","ELEVATED — under 12 months","","","","2026-07-24T12:34:14Z","","","","","",""
"CGEM","0001789972","Cullinan Therapeutics, Inc.","PhaseReadout","2027-01-01","month","CLN-081","Relapsed/Refractory Acute Myeloid Leukemia (AML)","clinicaltrials","https://clinicaltrials.gov/study/NCT05143996","PHASE1 | CLN-049 in Patients With Relapsed/Refractory Acute Myeloid Leukemia (AML) or Myelodysplast | primary completion 2027-01","0.45","True","2026-07-24T11:49:50Z","","","","clinicaltrials","https://clinicaltrials.gov/study/NCT05143996","readout","1061994240","17.28","19.43","5.68","84.4","368567.0","351885000","23.6","~12+ months (company-stated, non-specific)","company-guided","","https://www.sec.gov/Archives/edgar/data/1789972/000119312526210304/cgem-20260331.htm","","","","","2026-07-24T12:34:14Z","","","","","",""
"ACAD","0001070494","ACADIA PHARMACEUTICALS INC","PhaseReadout","2026-12-31","month","ACP-204","Autism Spectrum Disorder","clinicaltrials","https://clinicaltrials.gov/study/NCT05999240","PHASE2 | Pimavanserin for Rigid-compulsive Symptoms in Autism Spectrum Disorder | primary completion 2026-12-31","0.45","True","2026-07-24T11:49:00Z","","","","clinicaltrials","https://clinicaltrials.gov/study/NCT05999240","readout","4251786652","24.83","28.35","19.69","59.4","1272012.0","851458000","","","","","","","","","","2026-07-24T12:34:14Z","","","","","",""
"SYRE","0001636282","Spyre Therapeutics, Inc.","PhaseReadout","2026-11-18","month","SPY001","Healthy","clinicaltrials","https://clinicaltrials.gov/study/NCT06873724","PHASE1 | A Study of SPY003-207 in Healthy Volunteers | primary completion 2026-11-18","0.45","True","2026-07-24T11:52:29Z","","","","clinicaltrials","https://clinicaltrials.gov/study/NCT06873724","readout","6039542785","99.99","105.09","14.505","94.4","634817.0","741467000","47.9","~48 mo (estimated)","estimated","2030-07-19","","","","","","2026-07-24T12:34:14Z","","","","","",""
"CHRS","0001512762","Coherus Oncology, Inc.","PhaseReadout","2027-09-01","month","CHS-1420","Hepatocellular Carcinoma","clinicaltrials","https://clinicaltrials.gov/study/NCT06679985","PHASE2 | A Trial of Casdozokitug in Combination With Toripalimab Plus Bevacizumab in Participants W | primary completion 2027-09","0.45","True","2026-07-24T11:49:53Z","","","","clinicaltrials","https://clinicaltrials.gov/study/NCT06679985","readout","175046187","1.43","2.616","0.81","34.3","439300.0","167048000","11.8","~12 mo (estimated)","estimated","2027-07-17","","ELEVATED — under 12 months","","","","2026-07-24T12:34:14Z","","","","","",""
"URGN","0001668243","UroGen Pharma Ltd.","PhaseReadout","2027-03-01","month","UGN-104","Upper Urinary Tract Urothelial Carcinoma","clinicaltrials","https://clinicaltrials.gov/study/NCT06774131","PHASE3 | A Phase 3 Single-arm Study of UGN-104 for the Treatment of Low-grade Upper Tract Urothelia | primary completion 2027-03","0.45","True","2026-07-24T11:52:43Z","","","","clinicaltrials","https://clinicaltrials.gov/study/NCT06774131","readout","2070672293","42.5","43.93","15.86","94.9","494640.0","141601000","10.3","~10 mo (estimated)","estimated","2027-06-02","","ELEVATED — under 12 months","","","","2026-07-24T12:34:14Z","","","","","",""
"TNGX","0001819133","Tango Therapeutics, Inc.","PhaseReadout","2026-09-01","month","TNG260","Non Small Cell Lung Cancer","clinicaltrials","https://clinicaltrials.gov/study/NCT05887492","PHASE2 | Study of TNG260 and an Anti-PD Antibody in STK11 Mutated Solid Tumors | primary completion 2026-09","0.45","True","2026-07-24T11:52:37Z","","","","clinicaltrials","https://clinicaltrials.gov/study/NCT05887492","readout","3415786893","27.45","34.39","5.77","75.8","1357038.0","379839000","32.2","into 2028","company-guided","2028-12-15","https://www.sec.gov/Archives/edgar/data/1819133/000119312526221677/tngx-ex99_1.htm","","","","","2026-07-24T12:34:14Z","","","","","",""
"SABS","0001833214","SAB Biotherapeutics, Inc.","PhaseReadout","2027-11-01","month","SAB-142","Type 1 Diabetes","clinicaltrials","https://clinicaltrials.gov/study/NCT07187531","PHASE2 | SAFety and Efficacy of Human Anti-thymocyte ImmunoGlobUlin SAB-142 ARresting Progression o | primary completion 2027-11","0.45","True","2026-07-24T11:52:16Z","","","","clinicaltrials","https://clinicaltrials.gov/study/NCT07187531","readout","34218234","3.58","5.15","1.85","52.4","892587.0","107391581","25.1","~25 mo (estimated)","estimated","2028-08-25","","","","","","2026-07-24T12:34:14Z","","","","","",""
"ALNY","0001178670","ALNYLAM PHARMACEUTICALS, INC.","PhaseReadout","2027-08-31","month","ALN-4324","Obese or Overweight Healthy Volunteers","clinicaltrials","https://clinicaltrials.gov/study/NCT06845202","PHASE2 | A Study to Evaluate ALN-4324 in Overweight to Obese Healthy Volunteers and in Overweight t | primary completion 2027-08-31","0.45","True","2026-07-24T11:49:11Z","","","","clinicaltrials","https://clinicaltrials.gov/study/NCT06845202","readout","35880168868","268.74","495.55","262.21","2.8","1140199.0","3009223000","","","","","","","","","","2026-07-24T12:34:14Z","","","","","",""
"INO","0001055726","INOVIO PHARMACEUTICALS, INC.","PhaseReadout","2026-12-31","month","VGX-3100","Glioblastoma","clinicaltrials","https://clinicaltrials.gov/study/NCT03491683","PHASE2 | INO-5401 and INO-9012 Delivered by Electroporation (EP) in Combination With Cemiplimab (RE | primary completion 2026-12-31","0.45","True","2026-07-24T11:50:57Z","","","","clinicaltrials","https://clinicaltrials.gov/study/NCT03491683","readout","54661661","1.02","2.98","1.0","1.0","2245328.0","37681257","5.4","into early 2027","company-guided","2027-03-15","https://www.sec.gov/Archives/edgar/data/1055726/000105572626000019/ino-33126x8kex991.htm","ELEVATED — under 12 months","","","","2026-07-24T12:34:14Z","","","","","",""
"VIR","0001706431","Vir Biotechnology, Inc.","PhaseReadout","2027-09-29","month","VIR-5500","Hormone-refractory Prostate Cancer","clinicaltrials","https://clinicaltrials.gov/study/NCT05997615","PHASE1 | Safety, Pharmacokinetics, and Preliminary Efficacy of VIR-5500 (AMX-500) in Prostate Cance | primary completion 2027-09-29","0.45","True","2026-07-24T11:52:45Z","","","","clinicaltrials","https://clinicaltrials.gov/study/NCT05997615","readout","1575209437","9.34","11.66","4.155","69.1","1514524.0","472363000","12.7","into 2H 2028","company-guided","2028-12-15","https://www.sec.gov/Archives/edgar/data/1706431/000162828026031273/a20260506-q1ex991earningsr.htm","","","","","2026-07-24T12:34:14Z","","","","","",""
"WVE","0001631574","Wave Life Sciences Ltd.","PhaseReadout","2027-12-01","month","WVE-210201","Overweight and Obesity","clinicaltrials","https://clinicaltrials.gov/study/NCT06842186","PHASE2 | A Phase 1/2a Study of WVE-007 in Adults Living With Overweight or Obesity | primary completion 2027-12","0.45","True","2026-07-24T11:52:54Z","","","","clinicaltrials","https://clinicaltrials.gov/study/NCT06842186","readout","1112084728","5.78","21.73","5.02","4.5","2218628.0","544591000","35.8","into Q3 2028","company-guided","2028-09-15","https://www.sec.gov/Archives/edgar/data/1631574/000119312526183563/d135689dex991.htm","","","","","2026-07-24T12:34:14Z","","","","","",""
"HELP","0001833141","CYBIN INC.","PhaseReadout","2027-03-18","month","CYB003","Major Depressive Disorder (MDD)","clinicaltrials","https://clinicaltrials.gov/study/NCT06793397","PHASE3 | A Study of a Deuterated Psilocin Analog (CYB003) in Humans With Major Depressive Disorder | primary completion 2027-03-18","0.45","True","2026-07-24T11:50:42Z","","","","clinicaltrials","https://clinicaltrials.gov/study/NCT06793397","readout","386776734","7.73","9.12","3.76","74.1","988457.0","219307289","19.0","~19 mo (estimated)","estimated","2028-02-21","","","","","","2026-07-24T12:34:14Z","","CYBN","","","",""
"CGEM","0001789972","Cullinan Therapeutics, Inc.","PhaseReadout","2026-12-01","month","CLN-081","SLE","clinicaltrials","https://clinicaltrials.gov/study/NCT06613360","PHASE1 | A Study of CLN-978, a Subcutaneously Administered CD19-directed T Cell Engager, in Subject | primary completion 2026-12","0.45","True","2026-07-24T11:49:50Z","","","","clinicaltrials","https://clinicaltrials.gov/study/NCT06613360","readout","1061994240","17.28","19.43","5.68","84.4","368567.0","351885000","23.6","~12+ months (company-stated, non-specific)","company-guided","","https://www.sec.gov/Archives/edgar/data/1789972/000119312526210304/cgem-20260331.htm","","","","","2026-07-24T12:34:14Z","","","","","",""
"DFTX","0001813814","Definium Therapeutics, Inc.","PhaseReadout","2027-08-01","month","DT120","Autism Spectrum Disorder","clinicaltrials","https://clinicaltrials.gov/study/NCT07303907","PHASE2 | A Phase 2A Trial of DT402 for Autism Spectrum Disorder | primary completion 2027-08","0.45","True","2026-07-24T11:50:12Z","","","","clinicaltrials","https://clinicaltrials.gov/study/NCT07303907","readout","4681953012","42.93","49.2","12.882","82.7","14924.7999","373422000","31.2","~12+ months (company-stated, non-specific)","company-guided","","https://www.sec.gov/Archives/edgar/data/1813814/000119312526211989/dftx-20260331.htm","","","","","2026-07-24T12:34:14Z","","","","","",""
"TARS","0001819790","Tarsus Pharmaceuticals, Inc.","PhaseReadout","2027-10-01","month","TP-03,","Lyme Disease","clinicaltrials","https://clinicaltrials.gov/study/NCT07562087","PHASE2 | A Study to Evaluate Safety and Efficacy of TP-05 in Healthy Participants With Tick Exposur | primary completion 2027-10","0.45","True","2026-07-24T11:52:31Z","","","","clinicaltrials","https://clinicaltrials.gov/study/NCT07562087","readout","2520345920","58.58","85.25","38.51","42.9","1088820.0","388732000","283.5","~284 mo (estimated)","estimated","2050-02-26","","","","","","2026-07-24T12:34:14Z","","","","","",""
"VKTX","0001607678","Viking Therapeutics, Inc.","PhaseReadout","2027-07-01","month","VK2735","Weight Loss","clinicaltrials","https://clinicaltrials.gov/study/NCT07104500","PHASE3 | VK2735 for Weight Management Phase 3 | primary completion 2027-07-01","0.45","True","2026-07-24T11:52:46Z","","","","clinicaltrials","https://clinicaltrials.gov/study/NCT07104383;https://clinicaltrials.gov/study/NCT07104500","readout","4108978706","35.39","43.15","22.959","61.6","3242304.0","602964000","21.3","into early 2027","company-guided","2027-03-15","https://www.sec.gov/Archives/edgar/data/1607678/000119312526046876/vktx-20251231.htm","","","","","2026-07-24T12:34:14Z","","","","","",""
"LXEO","0001907108","Lexeo Therapeutics, Inc.","PhaseReadout","2026-12-01","month","LX1001","Arrhythmogenic Cardiomyopathy","clinicaltrials","https://clinicaltrials.gov/study/NCT06109181","PHASE2 | Gene Therapy for ACM Due to a PKP2 Pathogenic Variant | primary completion 2026-12","0.45","True","2026-07-24T11:51:16Z","","","","clinicaltrials","https://clinicaltrials.gov/study/NCT06109181","readout","369836896","4.71","10.99","3.6","15.0","945339.0","71768000","8.8","into 2028","company-guided","2028-12-15","https://www.sec.gov/Archives/edgar/data/1907108/000119312526215674/lxeo-ex99_1.htm","ELEVATED — under 12 months","","","","2026-07-24T12:34:14Z","","","","","",""
"KYMR","0001815442","Kymera Therapeutics, Inc.","PhaseReadout","2026-12-01","month","KT-621","Healthy Participants","clinicaltrials","https://clinicaltrials.gov/study/NCT07412288","PHASE1 | First-in-human Study of Orally Administered KT-579 in Healthy Adult Participants | primary completion 2026-12","0.45","True","2026-07-24T11:51:08Z","","","","clinicaltrials","https://clinicaltrials.gov/study/NCT07412288","readout","9079592563","110.38","130.05","36.65","78.9","431635.0","650929000","32.2","into 2029","company-guided","2029-12-15","https://www.sec.gov/Archives/edgar/data/1815442/000119312526193967/kymr-20260331.htm","","","","","2026-07-24T12:34:14Z","","","","","",""
"KRYS","0001711279","Krystal Biotech, Inc.","PhaseReadout","2026-12-01","month","KB803","Dystrophic Epidermolysis Bullosa","clinicaltrials","https://clinicaltrials.gov/study/NCT07016750","PHASE3 | A Study Comparing KB803 and Matched Placebo in Patients With Dystrophic Epidermolysis Bull | primary completion 2026-12","0.45","True","2026-07-24T11:51:06Z","","","","clinicaltrials","https://clinicaltrials.gov/study/NCT05504837;https://clinicaltrials.gov/study/NCT06999733;https://clinicaltrials.gov/study/NCT07016750","readout","9654620090","327.5","382.535","130.5","78.2","4669500.0","823405000","","","","","","","","","","2026-07-24T12:34:14Z","","","","","",""
"KRYS","0001711279","Krystal Biotech, Inc.","PhaseReadout","2027-07-01","month","KB803","Cancer","clinicaltrials","https://clinicaltrials.gov/study/NCT05970497","PHASE2 | A Study Assessing KB707 for the Treatment of Locally Advanced or Metastatic Solid Tumors | primary completion 2027-07","0.45","True","2026-07-24T11:51:06Z","","","","clinicaltrials","https://clinicaltrials.gov/study/NCT05970497","readout","9654620090","327.5","382.535","130.5","78.2","4669500.0","823405000","","","","","","","","","","2026-07-24T12:34:14Z","","","","","",""
"TNYA","0001858848","Tenaya Therapeutics, Inc.","PhaseReadout","2027-08-01","month","TN-201","Hypertrophic Cardiomyopathy","clinicaltrials","https://clinicaltrials.gov/study/NCT05836259","PHASE2 | Multi-center, Open-label, Single-ascending Dose Study of Safety and Tolerability of TN-201 | primary completion 2027-08","0.45","True","2026-07-24T11:52:39Z","","","","clinicaltrials","https://clinicaltrials.gov/study/NCT05836259","readout","128801205","0.7731","2.35","0.532","13.3","1401661.0","80887000","15.1","into 2H 2027","company-guided","2027-12-15","https://www.sec.gov/Archives/edgar/data/1858848/000119312526208975/tnya-ex99_1.htm","","","","","2026-07-24T12:34:14Z","","","","","",""
"FATE","0001434316","FATE THERAPEUTICS INC","PhaseReadout","2027-09-30","month","FT819","Antineutrophilic Cytoplasmic Antibody (ANCA)- Associated Vasculitis (AAV)","clinicaltrials","https://clinicaltrials.gov/study/NCT06308978","PHASE1 | A Phase 1 Study of FT819 in B-cell Mediated Autoimmune Disease | primary completion 2027-09-30","0.45","True","2026-07-24T11:50:27Z","","","","clinicaltrials","https://clinicaltrials.gov/study/NCT06308978","readout","293728680","2.52","3.23","0.91","69.4","1631617.0","174822000","20.3","~20 mo (estimated)","estimated","2028-04-01","","","","","","2026-07-24T12:34:14Z","","","","","",""
"ZLAB","0001704292","Zai Lab Ltd","PhaseReadout","2027-08-01","month","ZL-1310","Solid Tumors","clinicaltrials","https://clinicaltrials.gov/study/NCT06885281","PHASE2 | A Study of ZL-1310 in Participants With Selected Solid Tumors | primary completion 2027-08","0.45","True","2026-07-24T11:52:57Z","","","","clinicaltrials","https://clinicaltrials.gov/study/NCT06885281","readout","2222315705","19.68","41.2","15.96","14.7","660404.0","661316000","78.6","~79 mo (estimated)","estimated","2033-02-06","","","","","","2026-07-24T12:34:14Z","","","","","",""
"MNOV","0001226616","MEDICINOVA INC","PhaseReadout","2026-12-31","month","MN-166","Diabetes Mellitus, Type 2","clinicaltrials","https://clinicaltrials.gov/study/NCT05464784","PHASE2 | MN-001 in Non-alcoholic Fatty Liver Disease, Type 2 Diabetes Mellitus, and Hypertriglyceri | primary completion 2026-12-31","0.45","True","2026-07-24T11:51:25Z","","","","clinicaltrials","https://clinicaltrials.gov/study/NCT05464784","readout","64479832","1.31","1.96","1.17","17.7","33785.0","27329415","34.5","~34 mo (estimated)","estimated","2029-06-06","","","","","","2026-07-24T12:34:14Z","","","","","",""
"TARS","0001819790","Tarsus Pharmaceuticals, Inc.","PhaseReadout","2026-12-31","month","TP-03,","Ocular Rosacea","clinicaltrials","https://clinicaltrials.gov/study/NCT07443202","PHASE2 | Study of Lotilaner Ophthalmic Gel in Patients With Ocular Rosacea (KORE) | primary completion 2026-12-31","0.45","True","2026-07-24T11:52:31Z","","","","clinicaltrials","https://clinicaltrials.gov/study/NCT07443202","readout","2520345920","58.58","85.25","38.51","42.9","1088820.0","388732000","283.5","~284 mo (estimated)","estimated","2050-02-26","","","","","","2026-07-24T12:34:14Z","","","","","",""
"DSGN","0001807120","Design Therapeutics, Inc.","PhaseReadout","2026-12-01","month","DT-168","Friedreich Ataxia","clinicaltrials","https://clinicaltrials.gov/study/NCT06874010","PHASE2 | A Multiple Ascending Dose Study of DT-216P2 in Patients With Friedreich's Ataxia | primary completion 2026-12","0.45","True","2026-07-24T11:50:15Z","","","","clinicaltrials","https://clinicaltrials.gov/study/NCT06874010","readout","726374608","11.63","17.25","3.76","58.3","402993.0","222823000","49.5","~50 mo (estimated)","estimated","2030-09-05","","","","","","2026-07-24T12:34:14Z","","","","","",""
"FBRX","0001419041","Forte Biosciences, Inc.","PhaseReadout","2027-02-28","month","FB102","Celiac Disease","clinicaltrials","https://clinicaltrials.gov/study/NCT06982963","PHASE2 | Randomized, Double Blind, Placebo-controlled Phase 2 Study in Adults With Celiac Disease | primary completion 2027-02-28","0.45","True","2026-07-24T11:50:28Z","","","","clinicaltrials","https://clinicaltrials.gov/study/NCT06982963","readout","828976290","59.7","62.46","9.1","94.8","751916.0","58223000","11.8","~12 mo (estimated)","estimated","2027-07-17","","ELEVATED — under 12 months","","","","2026-07-24T12:34:14Z","","","","","",""
"ELDN","0001404281","Eledon Pharmaceuticals, Inc.","PhaseReadout","2027-01-01","month","AT-1501","Prevention of Rejection in Kidney Transplant","clinicaltrials","https://clinicaltrials.gov/study/NCT05027906","PHASE2 | Safety, Pharmacokinetics, and Efficacy of AT 1501 in Patients Undergoing Kidney Transplant | primary completion 2027-01","0.45","True","2026-07-24T11:50:19Z","","","","clinicaltrials","https://clinicaltrials.gov/study/NCT05027906","readout","224210356","3.74","4.6","1.35","73.5","614034.0","111089000","19.3","into 2027","company-guided","2027-12-15","https://www.sec.gov/Archives/edgar/data/1404281/000119312526221658/eldn-ex99_1.htm","","","","","2026-07-24T12:34:14Z","","","","","",""
"ZLAB","0001704292","Zai Lab Ltd","PhaseReadout","2027-12-28","month","ZL-1503","Atopic Dermatitis (AD)","clinicaltrials","https://clinicaltrials.gov/study/NCT07235384","PHASE1 | A Phase 1/1b Study to Evaluate Safety, Tolerability and Pharmacokinetics of ZL-1503 in Hea | primary completion 2027-12-28","0.45","True","2026-07-24T11:52:57Z","","","","clinicaltrials","https://clinicaltrials.gov/study/NCT07235384","readout","2222315705","19.68","41.2","15.96","14.7","660404.0","661316000","78.6","~79 mo (estimated)","estimated","2033-02-06","","","","","","2026-07-24T12:34:14Z","","","","","",""
"ZLAB","0001704292","Zai Lab Ltd","PhaseReadout","2027-02-06","month","ZL-1503","Healthy Volunteers","clinicaltrials","https://clinicaltrials.gov/study/NCT07658482","PHASE1 | A Phase 1 Study to Evaluate Pharmacokinetics, Safety and Tolerability of ZL-1503 in Health | primary completion 2027-02-06","0.45","True","2026-07-24T11:52:57Z","","","","clinicaltrials","https://clinicaltrials.gov/study/NCT07658482","readout","2222315705","19.68","41.2","15.96","14.7","660404.0","661316000","78.6","~79 mo (estimated)","estimated","2033-02-06","","","","","","2026-07-24T12:34:14Z","","","","","",""
"BIVI","0001580149","BIOVIE INC.","PhaseReadout","2026-08-01","month","NE3107","Long COVID","clinicaltrials","https://clinicaltrials.gov/study/NCT06847191","PHASE2 | NE3107 in Adults With Neurological Symptoms of Long COVID | primary completion 2026-08","0.45","True","2026-07-24T11:49:37Z","","","","clinicaltrials","https://clinicaltrials.gov/study/NCT06847191","readout","10860248","1.44","8.399","1.06","5.2","85172.0","13098976","7.7","~8 mo (estimated)","estimated","2027-03-15","","ELEVATED — under 12 months","","","","2026-07-24T12:34:14Z","","","","","",""
"ABCL","0001703057","AbCellera Biologics Inc.","PhaseReadout","2027-02-01","month","LY3819253","Vasomotor Symptoms Associated With Menopause","clinicaltrials","https://clinicaltrials.gov/study/NCT07118891","PHASE2 | Study Evaluating ABCL635 for Vasomotor Symptoms of Menopause | primary completion 2027-02","0.45","True","2026-07-24T11:48:57Z","","","","clinicaltrials","https://clinicaltrials.gov/study/NCT07118891","readout","1731476250","5.67","8.44","2.745","51.4","2873375.0","504732000","39.5","~40 mo (estimated)","estimated","2029-11-05","","","","","","2026-07-24T12:34:14Z","","","","","",""
"DFTX","0001813814","Definium Therapeutics, Inc.","PhaseReadout","2027-09-01","month","DT120","Major Depressive Disorder","clinicaltrials","https://clinicaltrials.gov/study/NCT07592689","PHASE3 | A Phase 3 Trial of DT120 for Major Depressive Disorder (Ascend) | primary completion 2027-09","0.45","True","2026-07-24T11:50:12Z","","","","clinicaltrials","https://clinicaltrials.gov/study/NCT07592689","readout","4681953012","42.93","49.2","12.882","82.7","14924.7999","373422000","31.2","~12+ months (company-stated, non-specific)","company-guided","","https://www.sec.gov/Archives/edgar/data/1813814/000119312526211989/dftx-20260331.htm","","","","","2026-07-24T12:34:14Z","","","","","",""
"KRYS","0001711279","Krystal Biotech, Inc.","PhaseReadout","2027-02-01","month","KB803","Lung Cancer, Non-small Cell","clinicaltrials","https://clinicaltrials.gov/study/NCT06228326","PHASE2 | A Study Assessing KB707 for the Treatment of Advanced Solid Tumor Malignancies Affecting t | primary completion 2027-02","0.45","True","2026-07-24T11:51:06Z","","","","clinicaltrials","https://clinicaltrials.gov/study/NCT06228326","readout","9654620090","327.5","382.535","130.5","78.2","4669500.0","823405000","","","","","","","","","","2026-07-24T12:34:14Z","","","","","",""
"FBRX","0001419041","Forte Biosciences, Inc.","PhaseReadout","2027-02-01","month","FB102","Healthy Volunteer","clinicaltrials","https://clinicaltrials.gov/study/NCT07623057","PHASE1 | A Study Testing the Safety and Effects of FB102 in Healthy Volunteers | primary completion 2027-02","0.45","True","2026-07-24T11:50:28Z","","","","clinicaltrials","https://clinicaltrials.gov/study/NCT07623057","readout","828976290","59.7","62.46","9.1","94.8","751916.0","58223000","11.8","~12 mo (estimated)","estimated","2027-07-17","","ELEVATED — under 12 months","","","","2026-07-24T12:34:14Z","","","","","",""
"DSGN","0001807120","Design Therapeutics, Inc.","PhaseReadout","2026-09-01","month","DT-168","Fuchs Endothelial Corneal Dystrophy","clinicaltrials","https://clinicaltrials.gov/study/NCT07024693","PHASE2 | DT-168 in Keratoplasty Patients With Fuchs Endothelial Corneal Dystrophy | primary completion 2026-09","0.45","True","2026-07-24T11:50:15Z","","","","clinicaltrials","https://clinicaltrials.gov/study/NCT07024693","readout","726374608","11.63","17.25","3.76","58.3","402993.0","222823000","49.5","~50 mo (estimated)","estimated","2030-09-05","","","","","","2026-07-24T12:34:14Z","","","","","",""
"MRK","0000310158","Merck","PhaseReadout","2027-01-04","month","MK-2870","Gastroesophageal Cancer","clinicaltrials","https://clinicaltrials.gov/study/NCT06356311","PHASE3 | A Study to Evaluate Sacituzumab Tirumotecan (MK-2870) in Advanced/Metastatic Gastroesophag | primary completion 2027-01-04","0.45","True","2026-07-24T11:51:27Z","","","","clinicaltrials","https://clinicaltrials.gov/study/NCT06356311","readout","322212717200","130.46","131.74","76.66","97.7","5980266.0","5702000000","","","","","","","new","new","","2026-07-24T12:34:14Z","","","","","",""
"FATE","0001434316","FATE THERAPEUTICS INC","PhaseReadout","2028-01-01","month","FT819","Non-Small Cell Lung Cancer","clinicaltrials","https://clinicaltrials.gov/study/NCT07216105","PHASE1 | FT836 With or Without Chemotherapy and/or Monoclonal Antibodies, in Participants With Adva | primary completion 2028-01","0.45","True","2026-07-24T11:50:27Z","","","","clinicaltrials","https://clinicaltrials.gov/study/NCT07216105","readout","293728680","2.52","3.23","0.91","69.4","1631617.0","174822000","20.3","~20 mo (estimated)","estimated","2028-04-01","","","","","","2026-07-24T12:34:14Z","","","","","",""
"PFE","0000078003","PFIZER INC","PhaseReadout","2027-01-01","month","AG-013736","Pheochromocytoma","clinicaltrials","https://clinicaltrials.gov/study/NCT03839498","PHASE2 | Study of Axitinib (AG-013736) With Evaluation of the VEGF-pathway in Pheochromocytoma/Para | primary completion 2027-01","0.45","True","2026-07-24T11:51:54Z","","","","clinicaltrials","https://clinicaltrials.gov/study/NCT03839498","readout","142542994400","25.01","28.75","23.11","33.7","30695631.0","13075000000","","","","","","","new","new","","2026-07-24T12:34:14Z","","","","","",""
"PFE","0000078003","PFIZER INC","PhaseReadout","2026-08-23","month","PF-07104","Breast Cancer","clinicaltrials","https://clinicaltrials.gov/study/NCT05262400","PHASE2 | A Study to Learn About the Study Medicine (Called PF-07220060 in Combination With PF-07104 | primary completion 2026-08-23","0.45","True","2026-07-24T11:51:54Z","","","","clinicaltrials","https://clinicaltrials.gov/study/NCT05262400","readout","142542994400","25.01","28.75","23.11","33.7","30695631.0","13075000000","","","","","","","new","new","","2026-07-24T12:34:14Z","","","","","",""
"DFTX","0001813814","Definium Therapeutics, Inc.","PhaseReadout","2026-08-01","month","DT120","Generalized Anxiety Disorder","clinicaltrials","https://clinicaltrials.gov/study/NCT06809595","PHASE3 | A Phase 3 Trial of MM120 for Generalized Anxiety Disorder (Panorama) | primary completion 2026-08","0.45","True","2026-07-24T11:50:12Z","","","","clinicaltrials","https://clinicaltrials.gov/study/NCT06809595","readout","4681953012","42.93","49.2","12.882","82.7","14924.7999","373422000","31.2","~12+ months (company-stated, non-specific)","company-guided","","https://www.sec.gov/Archives/edgar/data/1813814/000119312526211989/dftx-20260331.htm","","","","","2026-07-24T12:34:14Z","","","","","",""
"FBRX","0001419041","Forte Biosciences, Inc.","PhaseReadout","2027-03-10","month","FB102","Alopecia Areata","clinicaltrials","https://clinicaltrials.gov/study/NCT07205159","PHASE1 | A Study to Evaluate the Safety and Efficacy of FB102 in Patients With Severe to Very Sever | primary completion 2027-03-10","0.45","True","2026-07-24T11:50:28Z","","","","clinicaltrials","https://clinicaltrials.gov/study/NCT07205159","readout","828976290","59.7","62.46","9.1","94.8","751916.0","58223000","11.8","~12 mo (estimated)","estimated","2027-07-17","","ELEVATED — under 12 months","","","","2026-07-24T12:34:14Z","","","","","",""
"VYGR","0001640266","Voyager Therapeutics, Inc.","PhaseReadout","2027-05-01","month","VY7523","Alzheimer&#39;s Disease (AD)","clinicaltrials","https://clinicaltrials.gov/study/NCT06874621","PHASE2 | VY7523-102: Randomized, Placebo-Controlled, Double-Blind, Multiple Ascending Dose Study in | primary completion 2027-05","0.45","True","2026-07-24T11:52:53Z","","","","clinicaltrials","https://clinicaltrials.gov/study/NCT06874621","readout","186701777","3.09","5.55","2.88","7.9","1235590.0","141479000","13.3","~13 mo (estimated)","estimated","2027-09-01","","","","","","2026-07-24T12:34:14Z","","","","","",""
"LNTH","0001521036","Lantheus","PhaseReadout","2027-06-01","month","PI-2620","Alzheimer Disease","clinicaltrials","https://clinicaltrials.gov/study/NCT05641688","PHASE3 | [18F]PI-2620 Phase 3 Histopathological Study | primary completion 2027-06","0.45","True","2026-07-24T11:51:14Z","","","","clinicaltrials","https://clinicaltrials.gov/study/NCT05641688","readout","6753453886","103.73","111.86","47.25","87.4","640900.0","498582000","","","","","","","","","","2026-07-24T12:34:14Z","","","","","",""
"KYMR","0001815442","Kymera Therapeutics, Inc.","PhaseReadout","2027-06-01","month","KT-621","Atopic Dermatitis","clinicaltrials","https://clinicaltrials.gov/study/NCT07217015","PHASE2 | A Study of KT-621 Administered Orally to Participants With Moderate to Severe Atopic Derma | primary completion 2027-06","0.45","True","2026-07-24T11:51:08Z","","","","clinicaltrials","https://clinicaltrials.gov/study/NCT07217015","readout","9079592563","110.38","130.05","36.65","78.9","431635.0","650929000","32.2","into 2029","company-guided","2029-12-15","https://www.sec.gov/Archives/edgar/data/1815442/000119312526193967/kymr-20260331.htm","","","","","2026-07-24T12:34:14Z","","","","","",""
"ALZN","0001677077","Alzamend Neuro, Inc.","PhaseReadout","2026-12-01","month","AL001","Bipolar I Disorder","clinicaltrials","https://clinicaltrials.gov/study/NCT07540338","PHASE2 | A Study to Investigate Lithium Brain/Plasma Pharmacokinetics and Safety of an AL001 Oral C | primary completion 2026-12","0.45","True","2026-07-24T11:49:13Z","","","","clinicaltrials","https://clinicaltrials.gov/study/NCT07540338","readout","3956224","1.26","3.01","0.84","19.4","34724.0","710689","1.1","~1 mo (estimated)","estimated","2026-08-26","","ELEVATED — under 12 months","","","","2026-07-24T12:34:14Z","","","","","",""
"ZLAB","0001704292","Zai Lab Ltd","PhaseReadout","2027-05-30","month","ZL-1310","SCLC","clinicaltrials","https://clinicaltrials.gov/study/NCT06179069","PHASE1 | A Study of ZL-1310 in Subjects With Small Cell Lung Cancer | primary completion 2027-05-30","0.45","True","2026-07-24T11:52:57Z","","","","clinicaltrials","https://clinicaltrials.gov/study/NCT06179069","readout","2222315705","19.68","41.2","15.96","14.7","660404.0","661316000","78.6","~79 mo (estimated)","estimated","2033-02-06","","","","","","2026-07-24T12:34:14Z","","","","","",""
"CTMX","0001501989","CytomX Therapeutics, Inc.","PhaseReadout","2027-11-30","month","CX-072","Solid Tumor, Adult","clinicaltrials","https://clinicaltrials.gov/study/NCT06265688","PHASE1 | First In Human Study of CX-2051 in Advanced Solid Tumors | primary completion 2027-11-30","0.45","True","2026-07-24T11:50:10Z","","","","clinicaltrials","https://clinicaltrials.gov/study/NCT06265688","readout","535542352","3.33","8.21","1.72","24.8","1381147.0","346707000","51.9","into 2H 2028","company-guided","2028-12-15","https://www.sec.gov/Archives/edgar/data/1501989/000119312526211868/ctmx-20260331.htm","","","","","2026-07-24T12:34:14Z","","","","","",""
"ZLAB","0001704292","Zai Lab Ltd","PhaseReadout","2027-03-14","month","ZL-1109","Thyroid Eye Disease (TED)","clinicaltrials","https://clinicaltrials.gov/study/NCT07211776","PHASE3 | A Study to Assess the Efficacy and Safety of ZL-1109 in Chinese Participants With Active T | primary completion 2027-03-14","0.45","True","2026-07-24T11:52:57Z","","","","clinicaltrials","https://clinicaltrials.gov/study/NCT07211776","readout","2222315705","19.68","41.2","15.96","14.7","660404.0","661316000","78.6","~79 mo (estimated)","estimated","2033-02-06","","","","","","2026-07-24T12:34:14Z","","","","","",""
"ABCL","0001703057","AbCellera Biologics Inc.","PhaseReadout","2027-04-01","month","LY3819253","Healthy Volunteers","clinicaltrials","https://clinicaltrials.gov/study/NCT07108894","PHASE1 | A First-in-Human Phase 1 Single-Ascending Dose Study of ABCL575 in Healthy Participants | primary completion 2027-04","0.45","True","2026-07-24T11:48:57Z","","","","clinicaltrials","https://clinicaltrials.gov/study/NCT07108894","readout","1731476250","5.67","8.44","2.745","51.4","2873375.0","504732000","39.5","~40 mo (estimated)","estimated","2029-11-05","","","","","","2026-07-24T12:34:14Z","","","","","",""
"KYMR","0001815442","Kymera Therapeutics, Inc.","PhaseReadout","2027-12-01","month","KT-621","Eosinophilic Asthma","clinicaltrials","https://clinicaltrials.gov/study/NCT07323654","PHASE2 | A Study of KT-621 Administered Orally to Adult Participants With Moderate to Severe Eosino | primary completion 2027-12","0.45","True","2026-07-24T11:51:08Z","","","","clinicaltrials","https://clinicaltrials.gov/study/NCT07323654","readout","9079592563","110.38","130.05","36.65","78.9","431635.0","650929000","32.2","into 2029","company-guided","2029-12-15","https://www.sec.gov/Archives/edgar/data/1815442/000119312526193967/kymr-20260331.htm","","","","","2026-07-24T12:34:14Z","","","","","",""
"MNOV","0001226616","MEDICINOVA INC","PhaseReadout","2027-04-01","month","MN-166","Amyotrophic Lateral Sclerosis","clinicaltrials","https://clinicaltrials.gov/study/NCT04057898","PHASE3 | Evaluation of MN-166 (Ibudilast) for 12 Months Followed by an Open-label Extension for 6 M | primary completion 2027-04","0.45","True","2026-07-24T11:51:25Z","","","","clinicaltrials","https://clinicaltrials.gov/study/NCT04057898","readout","64479832","1.31","1.96","1.17","17.7","33785.0","27329415","34.5","~34 mo (estimated)","estimated","2029-06-06","","","","","","2026-07-24T12:34:14Z","","","","","",""
"FBRX","0001419041","Forte Biosciences, Inc.","PhaseReadout","2026-12-31","month","FB102","Vitiligo","clinicaltrials","https://clinicaltrials.gov/study/NCT06905873","PHASE1 | A Study to Evaluate the Safety and Efficacy of FB102 in Patients With Non-segmental Vitili | primary completion 2026-12-31","0.45","True","2026-07-24T11:50:28Z","","","","clinicaltrials","https://clinicaltrials.gov/study/NCT06905873","readout","828976290","59.7","62.46","9.1","94.8","751916.0","58223000","11.8","~12 mo (estimated)","estimated","2027-07-17","","ELEVATED — under 12 months","","","","2026-07-24T12:34:14Z","","","","","",""
"TNGX","0001819133","Tango Therapeutics, Inc.","PhaseReadout","2027-05-01","month","S095035","MTAP-deleted Solid Tumors","clinicaltrials","https://clinicaltrials.gov/study/NCT06188702","PHASE2 | S095035 as a Single Agent and in Combination in Adult Participants With Advanced or Metast | primary completion 2027-05-01","0.45","True","2026-07-24T11:52:37Z","","","","clinicaltrials","https://clinicaltrials.gov/study/NCT06188702","readout","3415786893","27.45","34.39","5.77","75.8","1357038.0","379839000","32.2","into 2028","company-guided","2028-12-15","https://www.sec.gov/Archives/edgar/data/1819133/000119312526221677/tngx-ex99_1.htm","","","","","2026-07-24T12:34:14Z","","","","","",""
"ACRS","0001557746","Aclaris Therapeutics, Inc.","PhaseReadout","2026-08-01","month","A-101","Atopic Dermatitis","clinicaltrials","https://clinicaltrials.gov/study/NCT07011706","PHASE2 | ATI-045 Versus Placebo in Patients With Moderate-to-Severe Atopic Dermatitis | primary completion 2026-08","0.45","True","2026-07-24T11:49:03Z","","","","clinicaltrials","https://clinicaltrials.gov/study/NCT07011706","readout","660860600","5.48","5.88","1.46","91.0","879792.0","105416000","24.2","into 2H 2028","company-guided","2028-12-15","https://www.sec.gov/Archives/edgar/data/1557746/000110465926020070/acrs-20260226xex99d1.htm","","","","","2026-07-24T12:34:14Z","","","","","",""
"ACRS","0001557746","Aclaris Therapeutics, Inc.","PhaseReadout","2027-06-30","month","A-101","Metastatic Pancreatic Ductal Adenocarcinoma","clinicaltrials","https://clinicaltrials.gov/study/NCT06648434","PHASE1 | MK2 Inhibitor in Combination With mFOLFIRINOX for Untreated Metastatic Pancreatic Ductal A | primary completion 2027-06-30","0.45","True","2026-07-24T11:49:03Z","","","","clinicaltrials","https://clinicaltrials.gov/study/NCT06648434","readout","660860600","5.48","5.88","1.46","91.0","879792.0","105416000","24.2","into 2H 2028","company-guided","2028-12-15","https://www.sec.gov/Archives/edgar/data/1557746/000110465926020070/acrs-20260226xex99d1.htm","","","","","2026-07-24T12:34:14Z","","","","","",""
"HRMY","0001802665","Harmony Biosciences Holdings, Inc.","PhaseReadout","2027-10-01","month","","EDS","clinicaltrials","https://clinicaltrials.gov/study/NCT07675135","PHASE3 | A Phase 3 Efficacy and Safety Study of HBS-301 in Participants With Narcolepsy | primary completion 2027-10","0.45","True","2026-07-24T11:50:42Z","","","","clinicaltrials","https://clinicaltrials.gov/study/NCT07500090;https://clinicaltrials.gov/study/NCT07675135","readout","2072557801","35.8","40.87","25.52","67.0","782575.0","640918000","","","","","","","","","","2026-07-24T12:34:14Z","","","","","","blank_drug"
"REPL","0001737953","Replimune Group, Inc.","PhaseReadout","2026-11-30","month","","Advanced Solid Tumor","clinicaltrials","https://clinicaltrials.gov/study/NCT04735978","PHASE1 | Study of RP3 Monotherapy and RP3 in Combination With Nivolumab in Patients With Solid Tumo | primary completion 2026-11-30","0.45","True","2026-07-24T11:52:10Z","","","","clinicaltrials","https://clinicaltrials.gov/study/NCT04735978","readout","878066384","10.46","12.5","1.5","81.5","3791515.0","268889000","11.5","into early 2027","company-guided","2027-03-15","https://www.sec.gov/Archives/edgar/data/1737953/000110465926078511/tm2619129d1_ex99-1.htm","ELEVATED — under 12 months","","","","2026-07-24T12:34:14Z","","","","","","blank_drug"
"GSK","0001131399","GSK plc","PhaseReadout","2027-10-01","month","","Ovarian Clear Cell Carcinoma","clinicaltrials","https://clinicaltrials.gov/study/NCT06065462","PHASE2 | Safety and Efficacy of Targeting PP2A in Ovarian Clear Cell Carcinoma Using Dostarlimab an | primary completion 2027-10-01","0.45","True","2026-07-24T11:50:38Z","","","","clinicaltrials","https://clinicaltrials.gov/study/NCT06065462","readout","102366885830","50.74","61.7","36.75","56.1","4119534.0","4540284000","","","","","","","","","","2026-07-24T12:34:14Z","","","","","","blank_drug"
"MIRM","0001759425","Mirum Pharmaceuticals, Inc.","PhaseReadout","2027-10-01","month","","Fragile X Syndrome","clinicaltrials","https://clinicaltrials.gov/study/NCT07209462","PHASE2 | Study of MRM-3379 in Male Participants With Fragile X Syndrome (BLOOM) | primary completion 2027-10","0.45","True","2026-07-24T11:51:22Z","","","","clinicaltrials","https://clinicaltrials.gov/study/NCT07209462","readout","5740706750","114.36","130.0","50.25","80.4","1403720.0","386259000","27.1","~27 mo (estimated)","estimated","2028-10-24","","","","","","2026-07-24T12:34:14Z","","","","","","blank_drug"
"AZN","0000901832","AstraZeneca/Alexion","PhaseReadout","2026-08-06","month","","Obesity/Overweight","clinicaltrials","https://clinicaltrials.gov/study/NCT07017179","PHASE2 | This is a Multi-centre, Multi-drug, Platform Study in Chinese Participants Living With Obe | primary completion 2026-08-06","0.45","True","2026-07-24T11:49:28Z","","","","clinicaltrials","https://clinicaltrials.gov/study/NCT07017179","readout","260777721616","168.27","212.71","142.98","36.3","2394060.0","7675000000","","","","","","","new","new","","2026-07-24T12:34:14Z","","","","","","blank_drug|stale_alias"
"PFE","0000078003","PFIZER INC","PhaseReadout","2026-09-23","month","","Liposarcoma","clinicaltrials","https://clinicaltrials.gov/study/NCT04557449","PHASE2 | Study to Test the Safety and Tolerability of PF-07220060 in Participants With Advance Soli | primary completion 2026-09-23","0.45","True","2026-07-24T11:51:54Z","","","","clinicaltrials","https://clinicaltrials.gov/study/NCT04557449","readout","142542994400","25.01","28.75","23.11","33.7","30695631.0","13075000000","","","","","","","new","new","","2026-07-24T12:34:14Z","","","","","","blank_drug"
"INCY","0000879169","INCYTE CORP","PhaseReadout","2026-07-30","month","","Solid Tumors","clinicaltrials","https://clinicaltrials.gov/study/NCT06873789","PHASE2 | A Study to Evaluate INCB177054 in Participants With Select Advanced or Metastatic Solid Tu | primary completion 2026-07-30","0.45","True","2026-07-24T11:50:55Z","","","","clinicaltrials","https://clinicaltrials.gov/study/NCT06873789","readout","23312579667","116.69","119.6","69.69","94.2","956124.0","4015825000","","","","","","","","","","2026-07-24T12:34:14Z","","","","","","blank_drug"
"TGTX","0001001316","TG THERAPEUTICS, INC.","PhaseReadout","2026-10-31","month","","Relapsing Multiple Sclerosis","clinicaltrials","https://clinicaltrials.gov/study/NCT07211633","PHASE3 | A Study to Evaluate the Pharmacokinetics, Pharmacodynamics, Safety, Radiological and Clini | primary completion 2026-10-31","0.45","True","2026-07-24T11:52:35Z","","","","clinicaltrials","https://clinicaltrials.gov/study/NCT07211633","readout","8496138690","55.5","59.3","25.28","88.8","2959995.0","514429999","442.5","~442 mo (estimated)","estimated","2063-05-23","","","","","","2026-07-24T12:34:14Z","","","","","","blank_drug"
"ASND","0001612042","Ascendis Pharma A/S","PhaseReadout","2027-12-01","month","","Achondroplasia","clinicaltrials","https://clinicaltrials.gov/study/NCT06079398","PHASE2 | A Clinical Trial to Evaluate Efficacy and Safety of TransCon CNP Compared With Placebo in  | primary completion 2027-12","0.45","True","2026-07-24T11:49:22Z","","","","clinicaltrials","https://clinicaltrials.gov/study/NCT06079398","readout","15693115593","252.66","282.15","160.86","75.7","308314.0","573417383","","","","","","","","","","2026-07-24T12:34:14Z","","","","","","blank_drug"
"LLY","0000059478","ELI LILLY & Co","PhaseReadout","2026-10-01","month","","Systemic Juvenile Idiopathic Arthritis","clinicaltrials","https://clinicaltrials.gov/study/NCT04088396","PHASE3 | A Study of Baricitinib (LY3009104) in Participants From 1 Year to Less Than 18 Years Old W | primary completion 2026-10","0.45","True","2026-07-24T11:51:14Z","","","","clinicaltrials","https://clinicaltrials.gov/study/NCT04088396","readout","1116688225570","1185.77","1249.45","623.78","89.8","1419483.0","5282000000","","","","","","","new","new","","2026-07-24T12:34:14Z","","","","","","blank_drug"
"REPL","0001737953","Replimune Group, Inc.","PhaseReadout","2026-10-31","month","","Cancer","clinicaltrials","https://clinicaltrials.gov/study/NCT04336241","PHASE1 | Study of RP2 Monotherapy and RP2 in Combination With Nivolumab in Patients With Solid Tumo | primary completion 2026-10-31","0.45","True","2026-07-24T11:52:10Z","","","","clinicaltrials","https://clinicaltrials.gov/study/NCT04336241","readout","878066384","10.46","12.5","1.5","81.5","3791515.0","268889000","11.5","into early 2027","company-guided","2027-03-15","https://www.sec.gov/Archives/edgar/data/1737953/000110465926078511/tm2619129d1_ex99-1.htm","ELEVATED — under 12 months","","","","2026-07-24T12:34:14Z","","","","","","blank_drug"
"BNTX","0001776985","BioNTech SE","PhaseReadout","2026-10-30","month","","TNBC","clinicaltrials","https://clinicaltrials.gov/study/NCT05918133","PHASE2 | A Study of PM8002 Plus Nab-paclitaxel as First Line Therapy for TNBC | primary completion 2026-10-30","0.45","True","2026-07-24T11:49:42Z","","","","clinicaltrials","https://clinicaltrials.gov/study/NCT05918133","readout","23280524607","92.06","124.0","79.52","28.2","539198.0","14651864245","","","","","","","new","new","","2026-07-24T12:34:14Z","","","","","","blank_drug"
"PFE","0000078003","PFIZER INC","PhaseReadout","2027-12-31","month","","Renal Cell Carcinoma","clinicaltrials","https://clinicaltrials.gov/study/NCT05738694","PHASE3 | Neoadjuvant of Axitinib Plus PD-1 to Improve Disease Free Survival of Patients With Renal  | primary completion 2027-12-31","0.45","True","2026-07-24T11:51:54Z","","","","clinicaltrials","https://clinicaltrials.gov/study/NCT05738694","readout","142542994400","25.01","28.75","23.11","33.7","30695631.0","13075000000","","","","","","","","","","2026-07-24T12:34:14Z","","","","","","blank_drug"
"BNTX","0001776985","BioNTech SE","PhaseReadout","2026-07-31","month","","COVID-19","clinicaltrials","https://clinicaltrials.gov/study/NCT07300839","PHASE3 | A Study to Learn About a COVID-19 Vaccine in Healthy Adults 50 Through 64 Years of Age | primary completion 2026-07-31","0.45","True","2026-07-24T11:49:42Z","","","","clinicaltrials","https://clinicaltrials.gov/study/NCT07222384;https://clinicaltrials.gov/study/NCT07300839","readout","23280524607","92.06","124.0","79.52","28.2","539198.0","14651864245","","","","","","","","","","2026-07-24T12:34:14Z","","","","","","blank_drug"
"NTHI","0001979414","NEONC TECHNOLOGIES HOLDINGS, INC.","PhaseReadout","2026-07-30","month","","Glioblastoma Multiforme","clinicaltrials","https://clinicaltrials.gov/study/NCT02704858","PHASE2 | Safety and Efficacy Study in Recurrent or Progressive Grade III or IV IDH1 Mutated Glioma | primary completion 2026-07-30","0.45","True","2026-07-24T11:51:38Z","","","","clinicaltrials","https://clinicaltrials.gov/study/NCT02704858","readout","72581850","3.63","12.99","3.005","6.3","24055.0","138601","0.1","into 2026","company-guided","2026-12-15","https://www.sec.gov/Archives/edgar/data/1979414/000182912626005421/neonctechnologies_ex99-1.htm","ELEVATED — under 12 months","new","new","","2026-07-24T12:34:14Z","","","","","","blank_drug"
"KZIA","0001075880","KAZIA THERAPEUTICS LTD","PhaseReadout","2026-10-01","month","","CDK Gene Mutation","clinicaltrials","https://clinicaltrials.gov/study/NCT03994796","PHASE2 | Genetic Testing in Guiding Treatment for Patients With Brain Metastases | primary completion 2026-10","0.45","True","2026-07-24T11:51:10Z","","","","clinicaltrials","https://clinicaltrials.gov/study/NCT03994796","readout","21122075","13.04","17.4","4.86","65.2","381355.0","69391073","40.3","~40 mo (estimated)","estimated","2029-11-30","","","","","","2026-07-24T12:34:14Z","","","","","","blank_drug"
"VTRS","0001792044","Viatris Inc","PhaseReadout","2027-10-08","month","","SLE - Systemic Lupus Erythematosus","clinicaltrials","https://clinicaltrials.gov/study/NCT07266090","PHASE2 | A Study to Evaluate the Safety,Tolerability,Pharmacokinetics and Pharmacodynamics of Cener | primary completion 2027-10-08","0.45","True","2026-07-24T11:52:51Z","","","","clinicaltrials","https://clinicaltrials.gov/study/NCT07266090","readout","20123469861","17.28","17.68","8.63","95.6","7908816.0","1804200000","","","","","","","","","","2026-07-24T12:34:14Z","","","","","","blank_drug"
"INCY","0000879169","INCYTE CORP","PhaseReadout","2026-09-30","month","","Acute Lymphoblastic Leukemia","clinicaltrials","https://clinicaltrials.gov/study/NCT03117751","PHASE3 | Total Therapy XVII for Newly Diagnosed Patients With Acute Lymphoblastic Leukemia and Lymp | primary completion 2026-09-30","0.45","True","2026-07-24T11:50:55Z","","","","clinicaltrials","https://clinicaltrials.gov/study/NCT03117751","readout","23312579667","116.69","119.6","69.69","94.2","956124.0","4015825000","","","","","","","new","new","","2026-07-24T12:34:14Z","","","","","","blank_drug"
"MRK","0000310158","Merck","PhaseReadout","2026-09-30","month","","Metformin","clinicaltrials","https://clinicaltrials.gov/study/NCT06459310","PHASE2 | Pilot Study on Evaluating the Geroprotective Effect of Metformin | primary completion 2026-09-30","0.45","True","2026-07-24T11:51:27Z","","","","clinicaltrials","https://clinicaltrials.gov/study/NCT06459310","readout","322212717200","130.46","131.74","76.66","97.7","5980266.0","5702000000","","","","","","","new","new","","2026-07-24T12:34:14Z","","","","","","blank_drug|stale_alias"
"NVS","0001114448","NOVARTIS AG","PhaseReadout","2026-09-30","month","","KRAS G12C Mutant Solid Tumors","clinicaltrials","https://clinicaltrials.gov/study/NCT05358249","PHASE2 | Platform Study of JDQ443 in Combinations in Patients With Advanced Solid Tumors Harboring  | primary completion 2026-09-30","0.45","True","2026-07-24T11:51:41Z","","","","clinicaltrials","https://clinicaltrials.gov/study/NCT05358249","readout","296777615118","156.14","170.46","112.34","75.4","2105344.0","7690031000","","","","","","","new","new","","2026-07-24T12:34:14Z","","","","","","blank_drug"
"QURE","0001590560","uniQure N.V.","PhaseReadout","2026-09-30","month","","Amyotrophic Lateral Sclerosis","clinicaltrials","https://clinicaltrials.gov/study/NCT06100276","PHASE2 | Safety, Tolerability, and Exploratory Efficacy Study of Intrathecally Administered Gene Th | primary completion 2026-09-30","0.45","True","2026-07-24T11:52:06Z","","","","clinicaltrials","https://clinicaltrials.gov/study/NCT06100276","readout","2681732875","39.43","71.5","8.73","48.9","834348.0","586550000","40.9","into 2H 2029","company-guided","2029-12-15","https://www.sec.gov/Archives/edgar/data/1590560/000110465926055242/qure-20260505xex99d1.htm","","","","","2026-07-24T12:34:14Z","","","","","","blank_drug"
"ARGX","0001697862","ARGENX SE","PhaseReadout","2026-09-30","month","","Generalized Myasthenia Gravis","clinicaltrials","https://clinicaltrials.gov/study/NCT06392386","PHASE3 | A Study of Efgartigimod PH20 SC in Children Between 2 and Less Than 18 Years of Age With G | primary completion 2026-09-30","0.45","True","2026-07-24T11:49:19Z","","","","clinicaltrials","https://clinicaltrials.gov/study/NCT06392386","readout","57498812142","924.6","953.58","587.37","92.1","607666.0","4440039000","","","","","","","","","","2026-07-24T12:34:14Z","","","","","","blank_drug"
"NVO","0000353278","Novo Nordisk","PhaseReadout","2028-01-01","month","","Intracerebral Hemorrhage","clinicaltrials","https://clinicaltrials.gov/study/NCT03496883","PHASE3 | Recombinant Factor VIIa (rFVIIa) for Hemorrhagic Stroke Trial | primary completion 2028-01-01","0.45","True","2026-07-24T11:51:40Z","","","","clinicaltrials","https://clinicaltrials.gov/study/NCT03496883","readout","214101399367","48.18","71.8","35.12","35.6","8120373.0","21626000000","","","","","","","new","new","","2026-07-24T12:34:14Z","","","","","","blank_drug|stale_alias"
"OPK","0000944809","OPKO HEALTH, INC.","PhaseReadout","2028-01-01","month","","Lymphoma","clinicaltrials","https://clinicaltrials.gov/study/NCT07249905","PHASE2 | Dose Escalation and Dose Expansion Study of MDX2003 in Patients With Different Types of Ly | primary completion 2028-01","0.45","True","2026-07-24T11:51:48Z","","","","clinicaltrials","https://clinicaltrials.gov/study/NCT07249905","readout","883457940","1.17","1.61","0.98","30.2","2957957.0","341881000","25.1","~25 mo (estimated)","estimated","2028-08-25","","","","","","2026-07-24T12:34:14Z","","","","","","blank_drug"
"JNJ","0000200406","JOHNSON & JOHNSON","PhaseReadout","2028-01-12","month","","Neoplasms","clinicaltrials","https://clinicaltrials.gov/study/NCT07525141","PHASE1 | A Study of JNJ-1761981 in Participants With Solid Tumors | primary completion 2028-01-12","0.45","True","2026-07-24T11:51:04Z","","","","clinicaltrials","https://clinicaltrials.gov/study/NCT07525141","readout","624119929400","259.27","269.43","164.23","90.3","8040211.0","20758000000","","","","","","","new","new","","2026-07-24T12:34:14Z","","","","","","blank_drug"
"ABBV","0001551152","AbbVie","PhaseReadout","2027-12-01","month","","Multiple Myeloma","clinicaltrials","https://clinicaltrials.gov/study/NCT06158841","PHASE3 | Study Assessing Activity of Intravenous (IV) Etentamig Monotherapy Versus Standard Availab | primary completion 2027-12","0.45","True","2026-07-24T11:48:57Z","","","","clinicaltrials","https://clinicaltrials.gov/study/NCT06158841","readout","453836071930","256.87","261.64","187.62","93.6","3055885.0","9391000000","","","","","","","new","new","","2026-07-24T12:34:14Z","","","","","","blank_drug"
"XNCR","0001326732","Xencor Inc","PhaseReadout","2027-12-01","month","","Ovarian Cancer","clinicaltrials","https://clinicaltrials.gov/study/NCT06276491","PHASE1 | Phase 1, Safety and Tolerability Study of XmAb541 in Advanced Solid Tumors | primary completion 2027-12","0.45","True","2026-07-24T11:52:55Z","","","","clinicaltrials","https://clinicaltrials.gov/study/NCT06276491","readout","1447985370","19.53","21.26","6.92","87.9","832619.0","444950000","28.6","~12+ months (company-stated, non-specific)","company-guided","","https://www.sec.gov/Archives/edgar/data/1326732/000132673226000043/xncr-20260331.htm","","","","","2026-07-24T12:34:14Z","","","","","","blank_drug"
"BNTX","0001776985","BioNTech SE","PhaseReadout","2026-11-01","month","","Colorectal Cancer Stage II","clinicaltrials","https://clinicaltrials.gov/study/NCT04486378","PHASE2 | A Phase II Clinical Trial Comparing the Efficacy of RO7198457 Versus Watchful Waiting in P | primary completion 2026-11","0.45","True","2026-07-24T11:49:42Z","","","","clinicaltrials","https://clinicaltrials.gov/study/NCT04486378","readout","23280524607","92.06","124.0","79.52","28.2","539198.0","14651864245","","","","","","","","","","2026-07-24T12:34:14Z","","","","","","blank_drug"
"TGTX","0001001316","TG THERAPEUTICS, INC.","PhaseReadout","2027-12-01","month","","Relapsing Multiple Sclerosis","clinicaltrials","https://clinicaltrials.gov/study/NCT05877963","PHASE3 | Study to Evaluate Safety, Efficacy and Pharmacokinetics (PK) of a Modified Regimen of Ubli | primary completion 2027-12-01","0.45","True","2026-07-24T11:52:35Z","","","","clinicaltrials","https://clinicaltrials.gov/study/NCT05877963;https://clinicaltrials.gov/study/NCT06680037","readout","8496138690","55.5","59.3","25.28","88.8","2959995.0","514429999","442.5","~442 mo (estimated)","estimated","2063-05-23","","","","","","2026-07-24T12:34:14Z","","","","","","blank_drug"
"ABBV","0001551152","AbbVie","PhaseReadout","2026-11-15","month","","MDS","clinicaltrials","https://clinicaltrials.gov/study/NCT05226455","PHASE2 | Venetoclax in Patients With MDS or AML in Relapse After AHSCT | primary completion 2026-11-15","0.45","True","2026-07-24T11:48:57Z","","","","clinicaltrials","https://clinicaltrials.gov/study/NCT05226455","readout","453836071930","256.87","261.64","187.62","93.6","3055885.0","9391000000","","","","","","","new","new","","2026-07-24T12:34:14Z","","","","","","blank_drug"
"REPL","0001737953","Replimune Group, Inc.","PhaseReadout","2027-11-01","month","","Gastric Adenocarcinoma","clinicaltrials","https://clinicaltrials.gov/study/NCT07059611","PHASE2 | Neoadjuvant Intra-tumoral RP2 and FLOT in Gastroesophageal Adenocarcinoma | primary completion 2027-11-01","0.45","True","2026-07-24T11:52:10Z","","","","clinicaltrials","https://clinicaltrials.gov/study/NCT07059611","readout","878066384","10.46","12.5","1.5","81.5","3791515.0","268889000","11.5","into early 2027","company-guided","2027-03-15","https://www.sec.gov/Archives/edgar/data/1737953/000110465926078511/tm2619129d1_ex99-1.htm","ELEVATED — under 12 months","","","","2026-07-24T12:34:14Z","","","","","","blank_drug"
"VNDA","0001347178","Vanda Pharmaceuticals Inc.","PhaseReadout","2027-11-01","month","","Insomnia Disorder","clinicaltrials","https://clinicaltrials.gov/study/NCT06953869","PHASE3 | Evaluating the Effects of Tasimelteon vs. Placebo in Treating Pediatric Insomnia | primary completion 2027-11","0.45","True","2026-07-24T11:52:47Z","","","","clinicaltrials","https://clinicaltrials.gov/study/NCT06953869;https://clinicaltrials.gov/study/NCT06961968","readout","322326612","5.36","9.94","4.14","21.0","866992.0","202310000","19.2","~19 mo (estimated)","estimated","2028-02-27","","","","","","2026-07-24T12:34:14Z","","","","","","blank_drug"
"LNTH","0001521036","Lantheus","PhaseReadout","2027-11-19","month","","Prostate Cancer","clinicaltrials","https://clinicaltrials.gov/study/NCT03976843","PHASE2 | Prostate Specific Membrane Antigen (PMSA)-Based PET Imaging of High Risk Prostate Cancer | primary completion 2027-11-19","0.45","True","2026-07-24T11:51:14Z","","","","clinicaltrials","https://clinicaltrials.gov/study/NCT03976843","readout","6753453886","103.73","111.86","47.25","87.4","640900.0","498582000","","","","","","","","","","2026-07-24T12:34:14Z","","","","","","blank_drug|stale_alias"
"BMRN","0001048477","BIOMARIN PHARMACEUTICAL INC","PhaseReadout","2027-12-01","month","","Phenylketonuria (PKU)","clinicaltrials","https://clinicaltrials.gov/study/NCT04480567","PHASE2 | AAV Gene Therapy Study for Subjects with PKU | primary completion 2027-12","0.45","True","2026-07-24T11:49:40Z","","","","clinicaltrials","https://clinicaltrials.gov/study/NCT02724228;https://clinicaltrials.gov/study/NCT04480567;https://clinicaltrials.gov/study/NCT04554940","readout","11378629080","58.87","66.28","49.26","56.5","2498063.0","2222435000","","","","","","","","","","2026-07-24T12:34:14Z","","","","","","blank_drug"
"CRBU","0001619856","Caribou Biosciences, Inc.","PhaseReadout","2027-12-01","month","","Relapsed/Refractory Multiple Myeloma","clinicaltrials","https://clinicaltrials.gov/study/NCT05722418","PHASE1 | CRISPR-Edited Allogeneic Anti-BCMA CAR-T Cell Therapy in Patients With Relapsed/Refractory | primary completion 2027-12","0.45","True","2026-07-24T11:50:06Z","","","","clinicaltrials","https://clinicaltrials.gov/study/NCT05722418","readout","161664337","1.63","3.535","1.38","11.6","823956.0","117626000","13.9","~14 mo (estimated)","estimated","2027-09-19","","","","","","2026-07-24T12:34:14Z","","","","","","blank_drug"
"ELVN","0001672619","Enliven Therapeutics, Inc.","PhaseReadout","2027-12-01","month","","Chronic Myeloid Leukemia","clinicaltrials","https://clinicaltrials.gov/study/NCT05304377","PHASE1 | A Phase 1a/1b Study of ELVN-001 for the Treatment Chronic Myeloid Leukemia | primary completion 2027-12","0.45","True","2026-07-24T11:50:20Z","","","","clinicaltrials","https://clinicaltrials.gov/study/NCT05304377","readout","3772655567","52.81","54.88","14.785","94.8","656025.0","452401000","82.9","into 1H 2029","company-guided","2029-06-15","https://www.sec.gov/Archives/edgar/data/1672619/000119312526211982/elvn-20260331.htm","","","","","2026-07-24T12:34:14Z","","","","","","blank_drug"
"IBRX","0001326110","ImmunityBio, Inc.","PhaseReadout","2027-12-01","month","","Relapsed B-Cell Non-Hodgkin Lymphoma","clinicaltrials","https://clinicaltrials.gov/study/NCT07477366","PHASE2 | Study of CD19 t-haNK and NAI With Rituximab in Participants With Indolent Non-Hodgkin Lymp | primary completion 2027-12","0.45","True","2026-07-24T11:50:44Z","","","","clinicaltrials","https://clinicaltrials.gov/study/NCT07477366","readout","7750389993","7.4","12.43","1.95","52.0","6073285.0","380879000","15.5","~12+ months (company-stated, non-specific)","company-guided","","https://www.sec.gov/Archives/edgar/data/1326110/000132611026000059/ibrx-20260331.htm","","","","","2026-07-24T12:34:14Z","","","","","","blank_drug"
"REGN","0000872589","Regeneron","PhaseReadout","2026-11-01","month","","Asthma, Allergic","clinicaltrials","https://clinicaltrials.gov/study/NCT05720325","PHASE2 | Dupilumab Effects Against Aeroallergen Challenge | primary completion 2026-11","0.45","True","2026-07-24T11:52:10Z","","","","clinicaltrials","https://clinicaltrials.gov/study/NCT05720325","readout","67161072020","651.91","821.11","541.0","39.6","1129331.0","8753700000","","","","","","","new","new","","2026-07-24T12:34:14Z","","","","","","blank_drug|stale_alias"
"MGNX","0001125345","MACROGENICS INC","PhaseReadout","2026-11-01","month","","Leukemia, Acute Myeloid","clinicaltrials","https://clinicaltrials.gov/study/NCT05362773","PHASE1 | A Study of MGD024 in Patients With Relapsed or Refractory Hematologic Malignancies | primary completion 2026-11","0.45","True","2026-07-24T11:51:21Z","","","","clinicaltrials","https://clinicaltrials.gov/study/NCT05362773;https://clinicaltrials.gov/study/NCT06723236","readout","254888031","4.01","5.08","1.29","71.8","574367.0","154229000","26.5","into late 2027","company-guided","2027-12-15","https://www.sec.gov/Archives/edgar/data/1125345/000112534526000017/mgnx-20251231.htm","","","","","2026-07-24T12:34:14Z","","","","","","blank_drug"
"OPK","0000944809","OPKO HEALTH, INC.","PhaseReadout","2027-12-01","month","","MASH","clinicaltrials","https://clinicaltrials.gov/study/NCT07512427","PHASE2 | Phase 1/2 Study of OPK-88006 in Healthy and Presumed MASH Participants | primary completion 2027-12","0.45","True","2026-07-24T11:51:48Z","","","","clinicaltrials","https://clinicaltrials.gov/study/NCT07512427","readout","883457940","1.17","1.61","0.98","30.2","2957957.0","341881000","25.1","~25 mo (estimated)","estimated","2028-08-25","","","","","","2026-07-24T12:34:14Z","","","","","","blank_drug"
"IBRX","0001326110","ImmunityBio, Inc.","PhaseReadout","2026-11-01","month","","Non-muscle Invasive Bladder Cancer (NMIBC)","clinicaltrials","https://clinicaltrials.gov/study/NCT06829823","PHASE2 | Clinical Trial of Ablation Therapy in Participants With Intermediate-Risk Non-Muscle Invas | primary completion 2026-11","0.45","True","2026-07-24T11:50:44Z","","","","clinicaltrials","https://clinicaltrials.gov/study/NCT06829823","readout","7750389993","7.4","12.43","1.95","52.0","6073285.0","380879000","15.5","~12+ months (company-stated, non-specific)","company-guided","","https://www.sec.gov/Archives/edgar/data/1326110/000132611026000059/ibrx-20260331.htm","","","","","2026-07-24T12:34:14Z","","","","","","blank_drug"
"PFE","0000078003","PFIZER INC","PhaseReadout","2027-12-01","month","","ISS","clinicaltrials","https://clinicaltrials.gov/study/NCT07226089","PHASE3 | Comparison of Weekly Somatrogon to Daily Genotropin in Children Born Small for Gestational | primary completion 2027-12","0.45","True","2026-07-24T11:51:54Z","","","","clinicaltrials","https://clinicaltrials.gov/study/NCT07226089","readout","142542994400","25.01","28.75","23.11","33.7","30695631.0","13075000000","","","","","","","new","new","","2026-07-24T12:34:14Z","","","","","","blank_drug"
"REPL","0001737953","Replimune Group, Inc.","PhaseReadout","2027-12-01","month","","Hepatocellular Carcinoma","clinicaltrials","https://clinicaltrials.gov/study/NCT05733598","PHASE2 | Study of RP2 in Combination With Second-line Therapy in Patients With Locally Advanced or  | primary completion 2027-12-01","0.45","True","2026-07-24T11:52:10Z","","","","clinicaltrials","https://clinicaltrials.gov/study/NCT05733598","readout","878066384","10.46","12.5","1.5","81.5","3791515.0","268889000","11.5","into early 2027","company-guided","2027-03-15","https://www.sec.gov/Archives/edgar/data/1737953/000110465926078511/tm2619129d1_ex99-1.htm","ELEVATED — under 12 months","","","","2026-07-24T12:34:14Z","","","","","","blank_drug"
"HRMY","0001802665","Harmony Biosciences Holdings, Inc.","PhaseReadout","2026-11-01","month","","Lennox Gastaut Syndrome","clinicaltrials","https://clinicaltrials.gov/study/NCT05066217","PHASE3 | An Efficacy and Safety Study of Clemizole HCl in Patients With Lennox-Gastaut Syndrome | primary completion 2026-11-01","0.45","True","2026-07-24T11:50:42Z","","","","clinicaltrials","https://clinicaltrials.gov/study/NCT05066217","readout","2072557801","35.8","40.87","25.52","67.0","782575.0","640918000","","","","","","","","","","2026-07-24T12:34:14Z","","","","","","blank_drug"
"DBVT","0001613780","DBV Technologies S.A.","PhaseReadout","2026-11-01","month","","Allergy","clinicaltrials","https://clinicaltrials.gov/study/NCT07003919","PHASE3 | Safety Study of Viaskin® Peanut Patch in Peanut-Allergic Children 1 Through 3 Years of Age | primary completion 2026-11","0.45","True","2026-07-24T11:50:11Z","","","","clinicaltrials","https://clinicaltrials.gov/study/NCT07003919","readout","331555303","13.86","26.185","8.51","30.3","100689.0","174900000","10.5","into Q2 2027","company-guided","2027-06-15","https://www.sec.gov/Archives/edgar/data/1613780/000119312526197921/d132063dex991.htm","ELEVATED — under 12 months","","","","2026-07-24T12:34:14Z","","","","","","blank_drug"
"CRBP","0001595097","Corbus Pharmaceuticals Holdings, Inc.","PhaseReadout","2026-11-01","month","","Solid Tumor","clinicaltrials","https://clinicaltrials.gov/study/NCT06603844","PHASE2 | First-in-human Study of CRB-601-01 to Treat Patients With Advanced Solid Tumor. | primary completion 2026-11-01","0.45","True","2026-07-24T11:50:05Z","","","","clinicaltrials","https://clinicaltrials.gov/study/NCT06603844","readout","116830888","9.32","20.56","7.12","16.4","638804.0","138604000","22.6","into 2028","company-guided","2028-12-15","https://www.sec.gov/Archives/edgar/data/1595097/000119312526218250/crbp-ex99_1.htm","","","","","2026-07-24T12:34:14Z","","","","","","blank_drug"
"VTRS","0001792044","Viatris Inc","PhaseReadout","2026-11-30","month","","Contraception","clinicaltrials","https://clinicaltrials.gov/study/NCT07365904","PHASE2 | Investigating Ovulation Inhibition for Use as a Contraceptive | primary completion 2026-11-30","0.45","True","2026-07-24T11:52:51Z","","","","clinicaltrials","https://clinicaltrials.gov/study/NCT07365904","readout","20123469861","17.28","17.68","8.63","95.6","7908816.0","1804200000","","","","","","","","","","2026-07-24T12:34:14Z","","","","","","blank_drug"
"ZYME","0001937653","Zymeworks Inc.","PhaseReadout","2026-12-01","month","","Advanced Solid Tumors","clinicaltrials","https://clinicaltrials.gov/study/NCT06555744","PHASE1 | A Study of ZW191 in Participants With Solid Tumors | primary completion 2026-12","0.45","True","2026-07-24T11:53:00Z","","","","clinicaltrials","https://clinicaltrials.gov/study/NCT06555744","readout","1701029539","23.12","29.75","11.51","63.7","357858.0","364727000","58.3","into 2H 2027","company-guided","2027-12-15","https://www.sec.gov/Archives/edgar/data/1937653/000193765325000076/ex991q32025_earningsxrelea.htm","","","","","2026-07-24T12:34:14Z","","","","","","blank_drug"
"ARGX","0001697862","ARGENX SE","PhaseReadout","2027-09-01","month","","Chronic Inflammatory Demyelinating Polyneuropathy","clinicaltrials","https://clinicaltrials.gov/study/NCT06920004","PHASE3 | A Study to Assess Efficacy and Safety of Empasiprubart Versus IVIg in Adults With CIDP | primary completion 2027-09","0.45","True","2026-07-24T11:49:19Z","","","","clinicaltrials","https://clinicaltrials.gov/study/NCT06920004","readout","57498812142","924.6","953.58","587.37","92.1","607666.0","4440039000","","","","","","","","","","2026-07-24T12:34:14Z","","","","","","blank_drug"
"EWTX","0001710072","Edgewise Therapeutics, Inc.","PhaseReadout","2027-03-01","month","","Duchenne Muscular Dystrophy","clinicaltrials","https://clinicaltrials.gov/study/NCT06100887","PHASE2 | Phase 2 Study of EDG-5506 in Children and Adolescents With Duchenne Muscular Dystrophy Pre | primary completion 2027-03","0.45","True","2026-07-24T11:50:25Z","","","","clinicaltrials","https://clinicaltrials.gov/study/NCT06100887","readout","4227328970","39.29","48.4","12.3","74.8","955977.0","499562000","40.4","~40 mo (estimated)","estimated","2029-12-03","","","","","","2026-07-24T12:34:14Z","","","","","","blank_drug"
"BCRX","0000882796","BIOCRYST PHARMACEUTICALS INC","PhaseReadout","2026-10-01","month","","Netherton Syndrome","clinicaltrials","https://clinicaltrials.gov/study/NCT06539507","PHASE1 | A Study of the Safety, Tolerability, Pharmacokinetics, and Immunogenicity of BCX17725 | primary completion 2026-10","0.45","True","2026-07-24T11:49:32Z","","","","clinicaltrials","https://clinicaltrials.gov/study/NCT06539507","readout","1968803019","9.38","11.22","6.0","64.8","1635302.0","239254000","","","","","","","","","","2026-07-24T12:34:14Z","","","","","","blank_drug"
"XNCR","0001326732","Xencor Inc","PhaseReadout","2027-02-01","month","","Clear Cell Renal Cell Carcinoma","clinicaltrials","https://clinicaltrials.gov/study/NCT05433142","PHASE1 | Study of XmAb®819 in Subjects With Advanced Clear Cell Renal Cell Carcinoma | primary completion 2027-02","0.45","True","2026-07-24T11:52:55Z","","","","clinicaltrials","https://clinicaltrials.gov/study/NCT05433142","readout","1447985370","19.53","21.26","6.92","87.9","832619.0","444950000","28.6","~12+ months (company-stated, non-specific)","company-guided","","https://www.sec.gov/Archives/edgar/data/1326732/000132673226000043/xncr-20260331.htm","","","","","2026-07-24T12:34:14Z","","","","","","blank_drug"
"ABBV","0001551152","AbbVie","PhaseReadout","2027-02-01","month","","Acute Myeloid Leukemia","clinicaltrials","https://clinicaltrials.gov/study/NCT04086264","PHASE2 | IMGN632 as Monotherapy or With Venetoclax and/or Azacitidine for Participants With CD123-P | primary completion 2027-02","0.45","True","2026-07-24T11:48:57Z","","","","clinicaltrials","https://clinicaltrials.gov/study/NCT04086264;https://clinicaltrials.gov/study/NCT06524635","readout","453836071930","256.87","261.64","187.62","93.6","3055885.0","9391000000","","","","","","","new","new","","2026-07-24T12:34:14Z","","","","","","blank_drug"
"LNTH","0001521036","Lantheus","PhaseReadout","2027-02-02","month","","Pancreatic Cancer","clinicaltrials","https://clinicaltrials.gov/study/NCT05394259","PHASE1 | A Pilot Study to Assess the Clinical Utility of PYLARIFY PET-CT for Detecting Metastasis i | primary completion 2027-02-02","0.45","True","2026-07-24T11:51:14Z","","","","clinicaltrials","https://clinicaltrials.gov/study/NCT05394259","readout","6753453886","103.73","111.86","47.25","87.4","640900.0","498582000","","","","","","","","","","2026-07-24T12:34:14Z","","","","","","blank_drug|stale_alias"
"INSM","0001104506","INSMED Inc","PhaseReadout","2027-02-07","month","","Hepatic Impairment","clinicaltrials","https://clinicaltrials.gov/study/NCT07643155","PHASE1 | A Study to Evaluate the Pharmacokinetics (PK) and Safety of a Single Dose of Treprostinil  | primary completion 2027-02-07","0.45","True","2026-07-24T11:50:57Z","","","","clinicaltrials","https://clinicaltrials.gov/study/NCT07643155","readout","23281332320","107.41","212.75","90.39","13.9","1752913.0","1223514000","16.4","~16 mo (estimated)","estimated","2027-12-04","","","","","","2026-07-24T12:34:14Z","","","","","","blank_drug"
"BCAB","0001826892","BioAtla, Inc.","PhaseReadout","2026-12-31","month","","Ovarian Cancer","clinicaltrials","https://clinicaltrials.gov/study/NCT04918186","PHASE2 | Immunotherapy Platform Study in Platinum Resistant High Grade Serous Ovarian Cancer | primary completion 2026-12-31","0.45","True","2026-07-24T11:49:30Z","","","","clinicaltrials","https://clinicaltrials.gov/study/NCT04918186","readout","4363178","3.46","71.5","3.12","0.5","34338.0","1961000","0.6","into 1H 2026","company-guided","2026-06-15","https://www.sec.gov/Archives/edgar/data/1826892/000119312525280435/bcab-20250930.htm","ELEVATED — under 12 months","new","new","","2026-07-24T12:34:14Z","","","","","","blank_drug"
"AZN","0000901832","AstraZeneca/Alexion","PhaseReadout","2027-02-22","month","","Dyslipidaemia","clinicaltrials","https://clinicaltrials.gov/study/NCT06834932","PHASE3 | A Study to Evaluate the Efficacy, Safety, and Pharmacokinetics of AZD0780 in Participants  | primary completion 2027-02-22","0.45","True","2026-07-24T11:49:28Z","","","","clinicaltrials","https://clinicaltrials.gov/study/NCT06834932","readout","260777721616","168.27","212.71","142.98","36.3","2394060.0","7675000000","","","","","","","new","new","","2026-07-24T12:34:14Z","","","","","","blank_drug|stale_alias"
"BIIB","0000875045","Biogen/Eisai","PhaseReadout","2026-07-31","month","","Muscular Atrophy, Spinal","clinicaltrials","https://clinicaltrials.gov/study/NCT04729907","PHASE3 | A Study to Learn About the Long-Term Safety of Higher Doses of Nusinersen (BIIB058) Given  | primary completion 2026-07-31","0.45","True","2026-07-24T11:49:36Z","","","","clinicaltrials","https://clinicaltrials.gov/study/NCT04729907","readout","29618934940","200.62","219.72","124.56","79.9","1031054.0","4282700000","","","","","","","","","","2026-07-24T12:34:14Z","","","","","","blank_drug|stale_alias"
"LLY","0000059478","ELI LILLY & Co","PhaseReadout","2027-02-28","month","","Mantle Cell Lymphoma","clinicaltrials","https://clinicaltrials.gov/study/NCT06522386","PHASE2 | GATE1: A Multicenter Phase II Study of Pirtobrutinib, Rituximab and Venetoclax Combination | primary completion 2027-02-28","0.45","True","2026-07-24T11:51:14Z","","","","clinicaltrials","https://clinicaltrials.gov/study/NCT06522386","readout","1116688225570","1185.77","1249.45","623.78","89.8","1419483.0","5282000000","","","","","","","new","new","","2026-07-24T12:34:14Z","","","","","","blank_drug"
"NTHI","0001979414","NEONC TECHNOLOGIES HOLDINGS, INC.","PhaseReadout","2027-02-28","month","","Diffuse Astrocytoma, IDH-Mutant","clinicaltrials","https://clinicaltrials.gov/study/NCT06047379","PHASE2 | Safety and Efficacy of NEO212 in Patients With Astrocytoma IDH-mutant, Glioblastoma IDH-wi | primary completion 2027-02-28","0.45","True","2026-07-24T11:51:38Z","","","","clinicaltrials","https://clinicaltrials.gov/study/NCT06047379","readout","72581850","3.63","12.99","3.005","6.3","24055.0","138601","0.1","into 2026","company-guided","2026-12-15","https://www.sec.gov/Archives/edgar/data/1979414/000182912626005421/neonctechnologies_ex99-1.htm","ELEVATED — under 12 months","","","","2026-07-24T12:34:14Z","","","","","","blank_drug"
"REGN","0000872589","Regeneron","PhaseReadout","2027-02-28","month","","Allergic Conjunctivitis","clinicaltrials","https://clinicaltrials.gov/study/NCT07309432","PHASE3 | Study of Bet v1 Antibodies Effect on Eye Allergy Symptoms in Adolescents and Adults With B | primary completion 2027-02-28","0.45","True","2026-07-24T11:52:10Z","","","","clinicaltrials","https://clinicaltrials.gov/study/NCT07309432","readout","67161072020","651.91","821.11","541.0","39.6","1129331.0","8753700000","","","","","","","","","","2026-07-24T12:34:14Z","","","","","","blank_drug|stale_alias"
"BIIB","0000875045","Biogen/Eisai","PhaseReadout","2027-03-01","month","","Rheumatoid Arthritis","clinicaltrials","https://clinicaltrials.gov/study/NCT04870203","PHASE3 | Combination of Baricitinib and Anti-TNF in Rheumatoid Arthritis | primary completion 2027-03","0.45","True","2026-07-24T11:49:36Z","","","","clinicaltrials","https://clinicaltrials.gov/study/NCT04870203","readout","29618934940","200.62","219.72","124.56","79.9","1031054.0","4282700000","","","","","","","","","","2026-07-24T12:34:14Z","","","","","","blank_drug|stale_alias"
"LNTH","0001521036","Lantheus","PhaseReadout","2027-03-01","month","","Head and Neck Cancer","clinicaltrials","https://clinicaltrials.gov/study/NCT07501650","PHASE1 | Pembrolizumab Plus Ultrasound-Induced Microbubble Cavitation in Head and Neck Cancer | primary completion 2027-03","0.45","True","2026-07-24T11:51:14Z","","","","clinicaltrials","https://clinicaltrials.gov/study/NCT07501650","readout","6753453886","103.73","111.86","47.25","87.4","640900.0","498582000","","","","","","","","","","2026-07-24T12:34:14Z","","","","","","blank_drug|stale_alias"
"BMY","0000014272","Bristol Myers Squibb","PhaseReadout","2026-12-01","month","","Prostate Cancer","clinicaltrials","https://clinicaltrials.gov/study/NCT04989946","PHASE2 | Androgen Deprivation, With or Without pTVG-AR, and With or Without T-Cell Checkpoint Block | primary completion 2026-12","0.45","True","2026-07-24T11:49:40Z","","","","clinicaltrials","https://clinicaltrials.gov/study/NCT02718833;https://clinicaltrials.gov/study/NCT04989946;https://clinicaltrials.gov/study/NCT06151236","readout","125607725700","61.51","62.89","42.52","93.2","7601774.0","10486000000","","","","","","","new","new","","2026-07-24T12:34:14Z","","","","","","blank_drug|stale_alias"
"ARGX","0001697862","ARGENX SE","PhaseReadout","2026-10-01","month","","Primary Immune Thrombocytopenia","clinicaltrials","https://clinicaltrials.gov/study/NCT04812925","PHASE3 | A Phase 3 Study to Evaluate the Safety and Efficacy of Efgartigimod PH20 Subcutaneous in A | primary completion 2026-10-01","0.45","True","2026-07-24T11:49:19Z","","","","clinicaltrials","https://clinicaltrials.gov/study/NCT04812925","readout","57498812142","924.6","953.58","587.37","92.1","607666.0","4440039000","","","","","","","","","","2026-07-24T12:34:14Z","","","","","","blank_drug"
"RVMD","0001628171","Revolution Medicines, Inc.","PhaseReadout","2026-12-31","month","","Non-small Cell Lung Cancer (NSCLC)","clinicaltrials","https://clinicaltrials.gov/study/NCT06040541","PHASE1 | Study of RMC-9805 in Participants With KRAS G12D-Mutant Solid Tumors | primary completion 2026-12-31","0.45","True","2026-07-24T11:52:13Z","","","","clinicaltrials","https://clinicaltrials.gov/study/NCT06040541","readout","40127495000","188.75","193.825","34.0","96.8","2282376.0","1908084000","21.7","~22 mo (estimated)","estimated","2028-05-13","","","","","","2026-07-24T12:34:14Z","","","","","","blank_drug"
"IBRX","0001326110","ImmunityBio, Inc.","PhaseReadout","2026-10-01","month","","Long COVID","clinicaltrials","https://clinicaltrials.gov/study/NCT07108036","PHASE2 | A Study to Assess Anktiva in Patients With Long Covid-19. | primary completion 2026-10","0.45","True","2026-07-24T11:50:44Z","","","","clinicaltrials","https://clinicaltrials.gov/study/NCT07108036","readout","7750389993","7.4","12.43","1.95","52.0","6073285.0","380879000","15.5","~12+ months (company-stated, non-specific)","company-guided","","https://www.sec.gov/Archives/edgar/data/1326110/000132611026000059/ibrx-20260331.htm","","","","","2026-07-24T12:34:14Z","","","","","","blank_drug"
"ARGX","0001697862","ARGENX SE","PhaseReadout","2027-03-01","month","","Generalized Myasthenia Gravis","clinicaltrials","https://clinicaltrials.gov/study/NCT04833894","PHASE3 | Evaluating the Pharmacokinetics, Pharmacodynamics, and Safety of Efgartigimod Administered | primary completion 2027-03","0.45","True","2026-07-24T11:49:19Z","","","","clinicaltrials","https://clinicaltrials.gov/study/NCT04833894","readout","57498812142","924.6","953.58","587.37","92.1","607666.0","4440039000","","","","","","","","","","2026-07-24T12:34:14Z","","","","","","blank_drug"
"GSK","0001131399","GSK plc","PhaseReadout","2027-03-10","month","","Gastrointestinal Neoplasms","clinicaltrials","https://clinicaltrials.gov/study/NCT05489237","PHASE1 | First-in-human Study of IDRX-42 in Participants With Metastatic and/or Unresectable Gastro | primary completion 2027-03-10","0.45","True","2026-07-24T11:50:38Z","","","","clinicaltrials","https://clinicaltrials.gov/study/NCT05489237","readout","102366885830","50.74","61.7","36.75","56.1","4119534.0","4540284000","","","","","","","","","","2026-07-24T12:34:14Z","","","","","","blank_drug"
"SNY","0001121404","Sanofi","PhaseReadout","2027-03-25","month","","Hemophilia","clinicaltrials","https://clinicaltrials.gov/study/NCT05662319","PHASE3 | A Study to Test a Medicine (Fitusiran) Injected Under the Skin for Preventing Bleeding Epi | primary completion 2027-03-25","0.45","True","2026-07-24T11:52:24Z","","","","clinicaltrials","https://clinicaltrials.gov/study/NCT05662319","readout","105187982169","43.36","52.68","40.89","20.9","1912652.0","5544000000","","","","","","","new","new","","2026-07-24T12:34:14Z","","","","","","blank_drug"
"HURA","0001498382","TuHURA Biosciences, Inc./NV","PhaseReadout","2027-03-31","month","","Advanced Or Metastatic Merkel Cell Carcinoma","clinicaltrials","https://clinicaltrials.gov/study/NCT06947928","PHASE3 | Placebo-Controlled Trial of IFx-Hu2.0 Followed By Pembrolizumab In Checkpoint Inhibitor Na | primary completion 2027-03-31","0.45","True","2026-07-24T11:50:44Z","","","","clinicaltrials","https://clinicaltrials.gov/study/NCT06947928","readout","136917375","2.15","3.9","0.41","49.9","167115.0","6298127","2.8","into early 2026","company-guided","2026-03-15","https://www.sec.gov/Archives/edgar/data/1498382/000119312526134950/hura-20251231.htm","ELEVATED — under 12 months","","","","2026-07-24T12:34:14Z","","","","","","blank_drug"
"RVMD","0001628171","Revolution Medicines, Inc.","PhaseReadout","2027-03-31","month","","Non-Small Cell Lung Cancer (NSCLC)","clinicaltrials","https://clinicaltrials.gov/study/NCT05462717","PHASE1 | Dose Escalation and Dose Expansion Study of RMC-6291 Monotherapy in Subjects With Advanced | primary completion 2027-03-31","0.45","True","2026-07-24T11:52:13Z","","","","clinicaltrials","https://clinicaltrials.gov/study/NCT05462717","readout","40127495000","188.75","193.825","34.0","96.8","2282376.0","1908084000","21.7","~22 mo (estimated)","estimated","2028-05-13","","","","","","2026-07-24T12:34:14Z","","","","","","blank_drug"
"BMY","0000014272","Bristol Myers Squibb","PhaseReadout","2027-04-01","month","","Newly Diagnosed Multiple Myeloma","clinicaltrials","https://clinicaltrials.gov/study/NCT05558319","PHASE3 | NDMM Patients Candidates for ASCT Comparing Extended VRD Plus vs. Isa-VRD vs. Isa-V-Iberdo | primary completion 2027-04","0.45","True","2026-07-24T11:49:40Z","","","","clinicaltrials","https://clinicaltrials.gov/study/NCT05558319","readout","125607725700","61.51","62.89","42.52","93.2","7601774.0","10486000000","","","","","","","new","new","","2026-07-24T12:34:14Z","","","","","","blank_drug|stale_alias"
"NTHI","0001979414","NEONC TECHNOLOGIES HOLDINGS, INC.","PhaseReadout","2026-12-30","month","","Residual, Progressive or Recurrent Grade II or III Meningioma","clinicaltrials","https://clinicaltrials.gov/study/NCT05023018","PHASE2 | NEO100 and High-Grade Meningioma | primary completion 2026-12-30","0.45","True","2026-07-24T11:51:38Z","","","","clinicaltrials","https://clinicaltrials.gov/study/NCT05023018","readout","72581850","3.63","12.99","3.005","6.3","24055.0","138601","0.1","into 2026","company-guided","2026-12-15","https://www.sec.gov/Archives/edgar/data/1979414/000182912626005421/neonctechnologies_ex99-1.htm","ELEVATED — under 12 months","","","","2026-07-24T12:34:14Z","","","","","","blank_drug"
"HRMY","0001802665","Harmony Biosciences Holdings, Inc.","PhaseReadout","2027-04-01","month","","Dravet Syndrome","clinicaltrials","https://clinicaltrials.gov/study/NCT04462770","PHASE3 | A Study of EPX-100 (Clemizole Hydrochloride) in Participants With Dravet Syndrome | primary completion 2027-04","0.45","True","2026-07-24T11:50:42Z","","","","clinicaltrials","https://clinicaltrials.gov/study/NCT04462770","readout","2072557801","35.8","40.87","25.52","67.0","782575.0","640918000","","","","","","","","","","2026-07-24T12:34:14Z","","","","","","blank_drug"
"VTRS","0001792044","Viatris Inc","PhaseReadout","2026-10-01","month","","Chronic Coronary Syndrome","clinicaltrials","https://clinicaltrials.gov/study/NCT07615868","PHASE1 | A Trial to Compare What the Body Does to Selatogrel and the Effect of Selatogrel in Chines | primary completion 2026-10","0.45","True","2026-07-24T11:52:51Z","","","","clinicaltrials","https://clinicaltrials.gov/study/NCT07615868","readout","20123469861","17.28","17.68","8.63","95.6","7908816.0","1804200000","","","","","","","","","","2026-07-24T12:34:14Z","","","","","","blank_drug"
"MIRM","0001759425","Mirum Pharmaceuticals, Inc.","PhaseReadout","2027-04-01","month","","Primary Biliary Cholangitis","clinicaltrials","https://clinicaltrials.gov/study/NCT05050136","PHASE2 | A Study to Evaluate Efficacy and Safety of an Investigational Drug Named Volixibat in Pati | primary completion 2027-04","0.45","True","2026-07-24T11:51:22Z","","","","clinicaltrials","https://clinicaltrials.gov/study/NCT05050136","readout","5740706750","114.36","130.0","50.25","80.4","1403720.0","386259000","27.1","~27 mo (estimated)","estimated","2028-10-24","","","","","","2026-07-24T12:34:14Z","","","","","","blank_drug"
"JAZZ","0001232524","Jazz Pharmaceuticals","PhaseReadout","2027-02-01","month","","Autism Spectrum Disorder","clinicaltrials","https://clinicaltrials.gov/study/NCT03202303","PHASE2 | Cannabidivarin (CBDV) vs. Placebo in Children With Autism Spectrum Disorder (ASD) | primary completion 2027-02","0.45","True","2026-07-24T11:51:02Z","","","","clinicaltrials","https://clinicaltrials.gov/study/NCT03202303","readout","16010321712","254.87","255.2","105.0","99.8","527842.0","2874300000","","","","","","","","","","2026-07-24T12:34:14Z","","","","","","blank_drug|stale_alias"
"IONS","0000874015","Ionis","PhaseReadout","2027-02-01","month","","Prion Disease","clinicaltrials","https://clinicaltrials.gov/study/NCT06153966","PHASE2 | PrProfile: A Study to Assess the Safety, Tolerability, Pharmacokinetics and Pharmacodynami | primary completion 2027-02","0.45","True","2026-07-24T11:50:58Z","","","","clinicaltrials","https://clinicaltrials.gov/study/NCT06153966","readout","9233219004","55.87","86.74","40.03","33.9","3834334.0","1919113000","25.3","~25 mo (estimated)","estimated","2028-08-31","","","","","","2026-07-24T12:34:14Z","","","","","","blank_drug|stale_alias"
"NVS","0001114448","NOVARTIS AG","PhaseReadout","2026-09-01","month","","Sickle Cell Anemia in Children","clinicaltrials","https://clinicaltrials.gov/study/NCT05285917","PHASE3 | Promoting Utilization and Safety of Hydroxyurea Using Precision in Africa | primary completion 2026-09-01","0.45","True","2026-07-24T11:51:41Z","","","","clinicaltrials","https://clinicaltrials.gov/study/NCT05285917","readout","296777615118","156.14","170.46","112.34","75.4","2105344.0","7690031000","","","","","","","new","new","","2026-07-24T12:34:14Z","","","","","","blank_drug"
"NVO","0000353278","Novo Nordisk","PhaseReadout","2026-09-01","month","","Chronic Kidney Disease","clinicaltrials","https://clinicaltrials.gov/study/NCT06717698","PHASE2 | A Research Study Comparing How Well Different Doses of the Medicine NNC0519-0130 Can Reduc | primary completion 2026-09-01","0.45","True","2026-07-24T11:51:40Z","","","","clinicaltrials","https://clinicaltrials.gov/study/NCT06717698","readout","214101399367","48.18","71.8","35.12","35.6","8120373.0","21626000000","","","","","","","","","","2026-07-24T12:34:14Z","","","","","","blank_drug|stale_alias"
"ACIU","0001651625","AC Immune SA","PhaseReadout","2026-08-01","month","","Healthy Participants","clinicaltrials","https://clinicaltrials.gov/study/NCT07463196","PHASE1 | A Study Investigating the Safety, Absorption, Elimination, and the Effect on the Immune Sy | primary completion 2026-08","0.45","True","2026-07-24T11:49:02Z","","","","clinicaltrials","https://clinicaltrials.gov/study/NCT07463196","readout","227972804","2.24","4.0","2.03","10.7","79274.0","74797000","17.8","~18 mo (estimated)","estimated","2028-01-16","","","","","","2026-07-24T12:34:14Z","","","","","","blank_drug"
"ABBV","0001551152","AbbVie","PhaseReadout","2026-08-01","month","","Multiple Myeloma","clinicaltrials","https://clinicaltrials.gov/study/NCT03539744","PHASE3 | A Study Designed to Evaluate the Safety and Efficacy of Venetoclax Plus Dexamethasone (Ven | primary completion 2026-08","0.45","True","2026-07-24T11:48:57Z","","","","clinicaltrials","https://clinicaltrials.gov/study/NCT03539744","readout","453836071930","256.87","261.64","187.62","93.6","3055885.0","9391000000","","","","","","","new","new","","2026-07-24T12:34:14Z","","","","","","blank_drug"
"SLGL","0001684693","Sol-Gel Technologies Ltd.","PhaseReadout","2026-08-01","month","","Gorlin Syndrome","clinicaltrials","https://clinicaltrials.gov/study/NCT06050122","PHASE3 | Efficacy and Safety of Patidegib Gel 2% for Preventing Basal Cell Carcinomas on the Face o | primary completion 2026-08","0.45","True","2026-07-24T11:52:22Z","","","","clinicaltrials","https://clinicaltrials.gov/study/NCT06050122","readout","226335673","80.55","97.97","10.485","80.1","30822.0","52828000","","","","","","","","","","2026-07-24T12:34:14Z","","","","","","blank_drug"
"SNY","0001121404","Sanofi","PhaseReadout","2026-08-15","month","","Hemophilia","clinicaltrials","https://clinicaltrials.gov/study/NCT03974113","PHASE3 | Fitusiran Prophylaxis in Male Pediatric Subjects Aged 1 to Less Than 12 Years With Hemophi | primary completion 2026-08-15","0.45","True","2026-07-24T11:52:24Z","","","","clinicaltrials","https://clinicaltrials.gov/study/NCT03974113","readout","105187982169","43.36","52.68","40.89","20.9","1912652.0","5544000000","","","","","","","new","new","","2026-07-24T12:34:14Z","","","","","","blank_drug"
"BMRN","0001048477","BIOMARIN PHARMACEUTICAL INC","PhaseReadout","2026-08-19","month","","Alpha 1-Antitrypsin Deficiency","clinicaltrials","https://clinicaltrials.gov/study/NCT06738017","PHASE1 | Study of BMN 349 Single Dose in PiZZ and PiMZ/MASH Adult Participants | primary completion 2026-08-19","0.45","True","2026-07-24T11:49:40Z","","","","clinicaltrials","https://clinicaltrials.gov/study/NCT06738017","readout","11378629080","58.87","66.28","49.26","56.5","2498063.0","2222435000","","","","","","","","","","2026-07-24T12:34:14Z","","","","","","blank_drug"
"MRK","0000310158","Merck","PhaseReadout","2026-08-01","month","","Glioblastoma","clinicaltrials","https://clinicaltrials.gov/study/NCT05463848","PHASE2 | Surgical Pembro +/- Olaparib w TMZ for rGBM | primary completion 2026-08-01","0.45","True","2026-07-24T11:51:27Z","","","","clinicaltrials","https://clinicaltrials.gov/study/NCT05463848","readout","322212717200","130.46","131.74","76.66","97.7","5980266.0","5702000000","","","","","","","new","new","","2026-07-24T12:34:14Z","","","","","","blank_drug|stale_alias"
"IDYA","0001676725","IDEAYA Biosciences, Inc.","PhaseReadout","2026-10-01","month","","Advanced or Metastatic Solid Tumors","clinicaltrials","https://clinicaltrials.gov/study/NCT05787587","PHASE1 | A Study of PARG Inhibitor IDE161 in Participants With Advanced Solid Tumors | primary completion 2026-10","0.45","True","2026-07-24T11:50:46Z","","","","clinicaltrials","https://clinicaltrials.gov/study/NCT05787587","readout","3444860713","36.23","40.58","22.09","76.5","847692.0","671201000","93.7","into 2030","company-guided","2030-12-15","https://www.sec.gov/Archives/edgar/data/1676725/000119312526052741/idya-ex99_1.htm","","","","","2026-07-24T12:34:14Z","","","","","","blank_drug"
"NVS","0001114448","NOVARTIS AG","PhaseReadout","2026-08-25","month","","Non-Small Cell Lung Cancer","clinicaltrials","https://clinicaltrials.gov/study/NCT05132075","PHASE3 | Study of JDQ443 in Comparison With Docetaxel in Participants With Locally Advanced or Meta | primary completion 2026-08-25","0.45","True","2026-07-24T11:51:41Z","","","","clinicaltrials","https://clinicaltrials.gov/study/NCT05132075","readout","296777615118","156.14","170.46","112.34","75.4","2105344.0","7690031000","","","","","","","new","new","","2026-07-24T12:34:14Z","","","","","","blank_drug"
"GILD","0000882095","GILEAD SCIENCES, INC.","PhaseReadout","2026-08-01","month","","Head and Neck Squamous Cell Carcinoma","clinicaltrials","https://clinicaltrials.gov/study/NCT06727565","PHASE2 | Study of Novel Treatment Combination Therapies in Participants With Head and Neck Squamous | primary completion 2026-08","0.45","True","2026-07-24T11:50:33Z","","","","clinicaltrials","https://clinicaltrials.gov/study/NCT06727565","readout","162471833712","130.86","157.29","108.46","45.9","6298021.0","9817000000","","","","","","","new","new","","2026-07-24T12:34:14Z","","","","","","blank_drug"
"BMY","0000014272","Bristol Myers Squibb","PhaseReadout","2026-09-01","month","","Prostate Cancer","clinicaltrials","https://clinicaltrials.gov/study/NCT01688492","PHASE2 | Combining Ipilimumab With Abiraterone Acetate Plus Prednisone in Chemotherapy and Immunoth | primary completion 2026-09","0.45","True","2026-07-24T11:49:40Z","","","","clinicaltrials","https://clinicaltrials.gov/study/NCT01688492;https://clinicaltrials.gov/study/NCT04477629","readout","125607725700","61.51","62.89","42.52","93.2","7601774.0","10486000000","","","","","","","new","new","","2026-07-24T12:34:14Z","","","","","","blank_drug|stale_alias"
"EWTX","0001710072","Edgewise Therapeutics, Inc.","PhaseReadout","2027-01-01","month","","Duchenne Muscular Dystrophy","clinicaltrials","https://clinicaltrials.gov/study/NCT05540860","PHASE2 | A Study of EDG-5506 in Children With Duchenne Muscular Dystrophy (LYNX) | primary completion 2027-01","0.45","True","2026-07-24T11:50:25Z","","","","clinicaltrials","https://clinicaltrials.gov/study/NCT05540860","readout","4227328970","39.29","48.4","12.3","74.8","955977.0","499562000","40.4","~40 mo (estimated)","estimated","2029-12-03","","","","","","2026-07-24T12:34:14Z","","","","","","blank_drug"
"SNY","0001121404","Sanofi","PhaseReadout","2026-10-07","month","","Atopic Dermatitis","clinicaltrials","https://clinicaltrials.gov/study/NCT02612454","PHASE3 | Study to Assess the Long-term Safety of Dupilumab Administered in Participants ≥6 Months t | primary completion 2026-10-07","0.45","True","2026-07-24T11:52:24Z","","","","clinicaltrials","https://clinicaltrials.gov/study/NCT02612454","readout","105187982169","43.36","52.68","40.89","20.9","1912652.0","5544000000","","","","","","","new","new","","2026-07-24T12:34:14Z","","","","","","blank_drug"
"EWTX","0001710072","Edgewise Therapeutics, Inc.","PhaseReadout","2026-09-01","month","","Becker Muscular Dystrophy","clinicaltrials","https://clinicaltrials.gov/study/NCT05291091","PHASE2 | Phase 2 Study of EDG-5506 in Becker Muscular Dystrophy (GRAND CANYON) | primary completion 2026-09","0.45","True","2026-07-24T11:50:25Z","","","","clinicaltrials","https://clinicaltrials.gov/study/NCT05291091","readout","4227328970","39.29","48.4","12.3","74.8","955977.0","499562000","40.4","~40 mo (estimated)","estimated","2029-12-03","","","","","","2026-07-24T12:34:14Z","","","","","","blank_drug"
"INCY","0000879169","INCYTE CORP","PhaseReadout","2026-09-01","month","","Hodgkin Lymphoma","clinicaltrials","https://clinicaltrials.gov/study/NCT03681561","PHASE2 | Nivolumab With Ruxolitinib in Relapsed or Refractory Classical Hodgkin Lymphoma | primary completion 2026-09","0.45","True","2026-07-24T11:50:55Z","","","","clinicaltrials","https://clinicaltrials.gov/study/NCT03681561","readout","23312579667","116.69","119.6","69.69","94.2","956124.0","4015825000","","","","","","","","","","2026-07-24T12:34:14Z","","","","","","blank_drug"
"PRAX","0001689548","Praxis Precision Medicines","PhaseReadout","2027-01-01","month","","Focal Epilepsy","clinicaltrials","https://clinicaltrials.gov/study/NCT07505004","PHASE3 | Double-blind, Randomized Clinical Trial Evaluating the Efficacy and Safety of Vormatrigine | primary completion 2027-01","0.45","True","2026-07-24T11:51:59Z","","","","clinicaltrials","https://clinicaltrials.gov/study/NCT07505004","readout","6816065703","322.4","366.52","37.19","86.6","325369.0","786865000","33.4","into 2028","company-guided","2028-12-15","https://www.sec.gov/Archives/edgar/data/1689548/000168954826000049/praxisq12026pr.htm","","","","","2026-07-24T12:34:14Z","","","","","","blank_drug"
"RCUS","0001724521","Arcus Biosciences, Inc.","PhaseReadout","2027-01-01","month","","Gastrointestinal Tract Malignancies","clinicaltrials","https://clinicaltrials.gov/study/NCT05329766","PHASE2 | A Safety and Efficacy Study of Treatment Combinations With and Without Chemotherapy in Adu | primary completion 2027-01","0.45","True","2026-07-24T11:52:09Z","","","","clinicaltrials","https://clinicaltrials.gov/study/NCT05329766","readout","2992952992","29.73","31.735","8.84","91.2","1217569.0","822000000","20.2","~20 mo (estimated)","estimated","2028-03-29","","","","","","2026-07-24T12:34:14Z","","","","","","blank_drug"
"REPL","0001737953","Replimune Group, Inc.","PhaseReadout","2027-01-01","month","","High-Risk Oral Precancerous Disease","clinicaltrials","https://clinicaltrials.gov/study/NCT06623110","PHASE2 | Phase II Study of RP2 as Immunoprevention in High-Risk Oral Precancerous Disease | primary completion 2027-01-01","0.45","True","2026-07-24T11:52:10Z","","","","clinicaltrials","https://clinicaltrials.gov/study/NCT06623110","readout","878066384","10.46","12.5","1.5","81.5","3791515.0","268889000","11.5","into early 2027","company-guided","2027-03-15","https://www.sec.gov/Archives/edgar/data/1737953/000110465926078511/tm2619129d1_ex99-1.htm","ELEVATED — under 12 months","","","","2026-07-24T12:34:14Z","","","","","","blank_drug"
"JAZZ","0001232524","Jazz Pharmaceuticals","PhaseReadout","2026-09-01","month","","Glioblastoma","clinicaltrials","https://clinicaltrials.gov/study/NCT05629702","PHASE2 | ARISTOCRAT: Blinded Trial of Temozolomide +/- Cannabinoids | primary completion 2026-09","0.45","True","2026-07-24T11:51:02Z","","","","clinicaltrials","https://clinicaltrials.gov/study/NCT05629702","readout","16010321712","254.87","255.2","105.0","99.8","527842.0","2874300000","","","","","","","","","","2026-07-24T12:34:14Z","","","","","","blank_drug|stale_alias"
"ARGX","0001697862","ARGENX SE","PhaseReadout","2027-01-06","month","","Myasthaenia Gravis","clinicaltrials","https://clinicaltrials.gov/study/NCT06765161","PHASE3 | Efgartigimod in IVIG Dependent Myasthenia Gravis Patients | primary completion 2027-01-06","0.45","True","2026-07-24T11:49:19Z","","","","clinicaltrials","https://clinicaltrials.gov/study/NCT06765161","readout","57498812142","924.6","953.58","587.37","92.1","607666.0","4440039000","","","","","","","","","","2026-07-24T12:34:14Z","","","","","","blank_drug"
"IDYA","0001676725","IDEAYA Biosciences, Inc.","PhaseReadout","2027-01-07","month","","Solid Tumor","clinicaltrials","https://clinicaltrials.gov/study/NCT04794699","PHASE1 | Study of IDE397 in Participants With Solid Tumors Harboring MTAP Deletion | primary completion 2027-01-07","0.45","True","2026-07-24T11:50:46Z","","","","clinicaltrials","https://clinicaltrials.gov/study/NCT04794699","readout","3444860713","36.23","40.58","22.09","76.5","847692.0","671201000","93.7","into 2030","company-guided","2030-12-15","https://www.sec.gov/Archives/edgar/data/1676725/000119312526052741/idya-ex99_1.htm","","","","","2026-07-24T12:34:14Z","","","","","","blank_drug"
"LNTH","0001521036","Lantheus","PhaseReadout","2026-09-01","month","","Cardiac Amyloidosis","clinicaltrials","https://clinicaltrials.gov/study/NCT06790394","PHASE1 | Test-retest Study With [18F]FBB in Cardiac Amyloidosis | primary completion 2026-09","0.45","True","2026-07-24T11:51:14Z","","","","clinicaltrials","https://clinicaltrials.gov/study/NCT06790394","readout","6753453886","103.73","111.86","47.25","87.4","640900.0","498582000","","","","","","","","","","2026-07-24T12:34:14Z","","","","","","blank_drug|stale_alias"
"SNY","0001121404","Sanofi","PhaseReadout","2027-01-15","month","","Hemophilia A","clinicaltrials","https://clinicaltrials.gov/study/NCT04644575","PHASE3 | Long-term Safety and Efficacy of Efanesoctocog Alfa (BIVV001) in Previously Treated Patien | primary completion 2027-01-15","0.45","True","2026-07-24T11:52:24Z","","","","clinicaltrials","https://clinicaltrials.gov/study/NCT04644575","readout","105187982169","43.36","52.68","40.89","20.9","1912652.0","5544000000","","","","","","","new","new","","2026-07-24T12:34:14Z","","","","","","blank_drug"
"BNTX","0001776985","BioNTech SE","PhaseReadout","2027-01-25","month","","SCLC","clinicaltrials","https://clinicaltrials.gov/study/NCT06616532","PHASE3 | PM8002 in Combination With Paclitaxel Compared With Chemotherapy as Second-line Treatment  | primary completion 2027-01-25","0.45","True","2026-07-24T11:49:42Z","","","","clinicaltrials","https://clinicaltrials.gov/study/NCT06616532","readout","23280524607","92.06","124.0","79.52","28.2","539198.0","14651864245","","","","","","","new","new","","2026-07-24T12:34:14Z","","","","","","blank_drug"
"MRK","0000310158","Merck","PhaseReadout","2026-09-01","month","","Kidney Transplant; Complications","clinicaltrials","https://clinicaltrials.gov/study/NCT06001320","PHASE3 | De-novo Initiation of Letermovir vs Valganciclovir for Cytomegalovirus Prophylaxis in AA K | primary completion 2026-09-01","0.45","True","2026-07-24T11:51:27Z","","","","clinicaltrials","https://clinicaltrials.gov/study/NCT06001320","readout","322212717200","130.46","131.74","76.66","97.7","5980266.0","5702000000","","","","","","","new","new","","2026-07-24T12:34:14Z","","","","","","blank_drug|stale_alias"
"NVS","0001114448","NOVARTIS AG","PhaseReadout","2027-01-29","month","","Hypertension","clinicaltrials","https://clinicaltrials.gov/study/NCT06857955","PHASE2 | A Study to Identify an Optimal Dose of QCZ484 in Mild to Moderate Hypertensive Patients | primary completion 2027-01-29","0.45","True","2026-07-24T11:51:41Z","","","","clinicaltrials","https://clinicaltrials.gov/study/NCT06857955","readout","296777615118","156.14","170.46","112.34","75.4","2105344.0","7690031000","","","","","","","new","new","","2026-07-24T12:34:14Z","","","","","","blank_drug"
"DNLI","0001714899","Denali Therapeutics Inc.","PhaseReadout","2027-02-01","month","","Alzheimer Disease, Early Onset","clinicaltrials","https://clinicaltrials.gov/study/NCT07328451","PHASE1 | A Study to Evaluate the Safety, Tolerability, Pharmacokinetics, and Pharmacodynamics of DN | primary completion 2027-02","0.45","True","2026-07-24T11:50:13Z","","","","clinicaltrials","https://clinicaltrials.gov/study/NCT07328451","readout","3716982041","23.42","27.3","12.58","73.6","1112399.0","987684000","28.7","~29 mo (estimated)","estimated","2028-12-12","","","","","","2026-07-24T12:34:14Z","","","","","","blank_drug"
"RCUS","0001724521","Arcus Biosciences, Inc.","PhaseReadout","2027-04-01","month","","Pancreatic Ductal Adenocarcinoma","clinicaltrials","https://clinicaltrials.gov/study/NCT06048484","PHASE2 | Combination Therapy in Patients With Localized Pancreatic Ductal Adenocarcinoma | primary completion 2027-04","0.45","True","2026-07-24T11:52:09Z","","","","clinicaltrials","https://clinicaltrials.gov/study/NCT06048484","readout","2992952992","29.73","31.735","8.84","91.2","1217569.0","822000000","20.2","~20 mo (estimated)","estimated","2028-03-29","","","","","","2026-07-24T12:34:14Z","","","","","","blank_drug"
"GILD","0000882095","GILEAD SCIENCES, INC.","PhaseReadout","2026-12-30","month","","COVID - 19","clinicaltrials","https://clinicaltrials.gov/study/NCT07197164","PHASE2 | Safety and Effectiveness of a Remdesivir Treatment to Prevent Severe COVID-19 in Kidney Tr | primary completion 2026-12-30","0.45","True","2026-07-24T11:50:33Z","","","","clinicaltrials","https://clinicaltrials.gov/study/NCT07197164","readout","162471833712","130.86","157.29","108.46","45.9","6298021.0","9817000000","","","","","","","new","new","","2026-07-24T12:34:14Z","","","","","","blank_drug"
"LNTH","0001521036","Lantheus","PhaseReadout","2027-08-01","month","","Relapsed / Refractory Osteosarcoma","clinicaltrials","https://clinicaltrials.gov/study/NCT07357519","PHASE2 | Lu-TARGO (177Lu-TARGeted Osteosarcoma Therapy) | primary completion 2027-08","0.45","True","2026-07-24T11:51:14Z","","","","clinicaltrials","https://clinicaltrials.gov/study/NCT07357519","readout","6753453886","103.73","111.86","47.25","87.4","640900.0","498582000","","","","","","","","","","2026-07-24T12:34:14Z","","","","","","blank_drug|stale_alias"
"NVS","0001114448","NOVARTIS AG","PhaseReadout","2026-12-01","month","","Renal Cell Carcinoma","clinicaltrials","https://clinicaltrials.gov/study/NCT06964958","PHASE2 | 177LuPSMA in Renal Cell Carcinoma | primary completion 2026-12-01","0.45","True","2026-07-24T11:51:41Z","","","","clinicaltrials","https://clinicaltrials.gov/study/NCT06964958","readout","296777615118","156.14","170.46","112.34","75.4","2105344.0","7690031000","","","","","","","new","new","","2026-07-24T12:34:14Z","","","","","","blank_drug"
"BMRN","0001048477","BIOMARIN PHARMACEUTICAL INC","PhaseReadout","2027-07-01","month","","Claudication, Intermittent","clinicaltrials","https://clinicaltrials.gov/study/NCT04800692","PHASE1 | The Effects of ATLAS Therapy on Nitric Oxide Bioavailability in Patients With Intermittent | primary completion 2027-07","0.45","True","2026-07-24T11:49:40Z","","","","clinicaltrials","https://clinicaltrials.gov/study/NCT04800692","readout","11378629080","58.87","66.28","49.26","56.5","2498063.0","2222435000","","","","","","","","","","2026-07-24T12:34:14Z","","","","","","blank_drug"
"BNTX","0001776985","BioNTech SE","PhaseReadout","2027-07-01","month","","Triple Negative Breast Cancer(TNBC)","clinicaltrials","https://clinicaltrials.gov/study/NCT06419621","PHASE3 | PM8002 or Placebo Plus Nab-Paclitaxel as First-line Treatment in Inoperable Locally Advanc | primary completion 2027-07","0.45","True","2026-07-24T11:49:42Z","","","","clinicaltrials","https://clinicaltrials.gov/study/NCT06419621","readout","23280524607","92.06","124.0","79.52","28.2","539198.0","14651864245","","","","","","","new","new","","2026-07-24T12:34:14Z","","","","","","blank_drug"
"MGNX","0001125345","MACROGENICS INC","PhaseReadout","2027-07-01","month","","Platinum-resistant Ovarian Cancer","clinicaltrials","https://clinicaltrials.gov/study/NCT06730347","PHASE2 | A Study of Lorigerlimab in Participants With Advanced Solid Tumors | primary completion 2027-07","0.45","True","2026-07-24T11:51:21Z","","","","clinicaltrials","https://clinicaltrials.gov/study/NCT06730347","readout","254888031","4.01","5.08","1.29","71.8","574367.0","154229000","26.5","into late 2027","company-guided","2027-12-15","https://www.sec.gov/Archives/edgar/data/1125345/000112534526000017/mgnx-20251231.htm","","","","","2026-07-24T12:34:14Z","","","","","","blank_drug"
"TLSA","0001723069","Tiziana Life Sciences Ltd","PhaseReadout","2027-07-01","month","","ALS (Amyotrophic Lateral Sclerosis)","clinicaltrials","https://clinicaltrials.gov/study/NCT07688239","PHASE2 | The BANYAN Trial, an ALS MyMatch Trial Evaluating Safety, Biomarker Activity, and Microgli | primary completion 2027-07","0.45","True","2026-07-24T11:52:36Z","","","","clinicaltrials","https://clinicaltrials.gov/study/NCT07688239","readout","64902156","1.02","2.6","0.9099","6.5","489910.0","4010000","3.4","~3 mo (estimated)","estimated","2026-11-04","","ELEVATED — under 12 months","","","","2026-07-24T12:34:14Z","","","","","","blank_drug"
"VTRS","0001792044","Viatris Inc","PhaseReadout","2027-07-01","month","","Acute Myocardial Infarction","clinicaltrials","https://clinicaltrials.gov/study/NCT04957719","PHASE3 | Selatogrel Outcome Study in Suspected Acute Myocardial Infarction | primary completion 2027-07","0.45","True","2026-07-24T11:52:51Z","","","","clinicaltrials","https://clinicaltrials.gov/study/NCT04957719","readout","20123469861","17.28","17.68","8.63","95.6","7908816.0","1804200000","","","","","","","moved","date_slip","2026-12-01 -> 2027-07-01","2026-07-24T12:34:14Z","","","","","","blank_drug"
"ABBV","0001551152","AbbVie","PhaseReadout","2027-07-01","month","","Myelodysplastic Syndrome (MDS)","clinicaltrials","https://clinicaltrials.gov/study/NCT04401748","PHASE3 | Study Of Venetoclax Tablet With Intravenous or Subcutaneous Azacitidine to Assess Change i | primary completion 2027-07","0.45","True","2026-07-24T11:48:57Z","","","","clinicaltrials","https://clinicaltrials.gov/study/NCT04401748","readout","453836071930","256.87","261.64","187.62","93.6","3055885.0","9391000000","","","","","","","new","new","","2026-07-24T12:34:14Z","","","","","","blank_drug"
"ARGX","0001697862","ARGENX SE","PhaseReadout","2027-07-01","month","","Primary Sjogrens Disease","clinicaltrials","https://clinicaltrials.gov/study/NCT06684847","PHASE3 | A Study of the Efficacy and Safety of Efgartigimod in Patients With Primary Sjögren's Synd | primary completion 2027-07","0.45","True","2026-07-24T11:49:19Z","","","","clinicaltrials","https://clinicaltrials.gov/study/NCT06684847","readout","57498812142","924.6","953.58","587.37","92.1","607666.0","4440039000","","","","","","","","","","2026-07-24T12:34:14Z","","","","","","blank_drug"
"NVO","0000353278","Novo Nordisk","PhaseReadout","2027-07-02","month","","Heart Failure","clinicaltrials","https://clinicaltrials.gov/study/NCT05636176","PHASE3 | A Research Study to Look at How Ziltivekimab Works Compared to Placebo in People With Hear | primary completion 2027-07-02","0.45","True","2026-07-24T11:51:40Z","","","","clinicaltrials","https://clinicaltrials.gov/study/NCT05636176","readout","214101399367","48.18","71.8","35.12","35.6","8120373.0","21626000000","","","","","","","new","new","","2026-07-24T12:34:14Z","","","","","","blank_drug|stale_alias"
"PFE","0000078003","PFIZER INC","PhaseReadout","2027-07-22","month","","Breast Cancer","clinicaltrials","https://clinicaltrials.gov/study/NCT07062965","PHASE3 | A Study to Learn About the Study Medicine Called PF-07248144 in Combination With Fulvestra | primary completion 2027-07-22","0.45","True","2026-07-24T11:51:54Z","","","","clinicaltrials","https://clinicaltrials.gov/study/NCT07062965","readout","142542994400","25.01","28.75","23.11","33.7","30695631.0","13075000000","","","","","","","new","new","","2026-07-24T12:34:14Z","","","","","","blank_drug"
"IDYA","0001676725","IDEAYA Biosciences, Inc.","PhaseReadout","2027-07-30","month","","Esophageal Squamous Cell Carcinoma","clinicaltrials","https://clinicaltrials.gov/study/NCT07503808","PHASE1 | A Study of IDE034 in Adult Participants With Locally Advanced/Metastatic Solid Tumors Type | primary completion 2027-07-30","0.45","True","2026-07-24T11:50:46Z","","","","clinicaltrials","https://clinicaltrials.gov/study/NCT07503808","readout","3444860713","36.23","40.58","22.09","76.5","847692.0","671201000","93.7","into 2030","company-guided","2030-12-15","https://www.sec.gov/Archives/edgar/data/1676725/000119312526052741/idya-ex99_1.htm","","","","","2026-07-24T12:34:14Z","","","","","","blank_drug"
"PFE","0000078003","PFIZER INC","PhaseReadout","2027-07-30","month","","Stable Nonsegmental Vitiligo","clinicaltrials","https://clinicaltrials.gov/study/NCT06072183","PHASE3 | A 104-Week Study of Ritlecitinib Oral Capsules in Adults With Nonsegmental Vitiligo (Activ | primary completion 2027-07-30","0.45","True","2026-07-24T11:51:54Z","","","","clinicaltrials","https://clinicaltrials.gov/study/NCT06072183","readout","142542994400","25.01","28.75","23.11","33.7","30695631.0","13075000000","","","","","","","new","new","","2026-07-24T12:34:14Z","","","","","","blank_drug"
"KYNB","0000921299","KYNTRA BIO, INC.","PhaseReadout","2027-07-31","month","","Metastatic Castration-resistant Prostate Cancer","clinicaltrials","https://clinicaltrials.gov/study/NCT05011188","PHASE2 | FOR46 in Combination With Enzalutamide in Patients With Metastatic Castration Resistant Pr | primary completion 2027-07-31","0.45","True","2026-07-24T11:51:09Z","","","","clinicaltrials","https://clinicaltrials.gov/study/NCT05011188","readout","28620152","7.07","12.6","6.32","11.9","4344.0","87237000","49.0","~49 mo (estimated)","estimated","2030-08-21","","","","","","2026-07-24T12:34:14Z","","","","","","blank_drug"
"ASND","0001612042","Ascendis Pharma A/S","PhaseReadout","2027-08-01","month","","Hypoparathyroidism","clinicaltrials","https://clinicaltrials.gov/study/NCT07706764","PHASE3 | A Study to Test the Effects and Safety of Palopegteriparatide in Adolescents With Long-ter | primary completion 2027-08","0.45","True","2026-07-24T11:49:22Z","","","","clinicaltrials","https://clinicaltrials.gov/study/NCT05081609;https://clinicaltrials.gov/study/NCT06732895;https://clinicaltrials.gov/study/NCT07706764","readout","15693115593","252.66","282.15","160.86","75.7","308314.0","573417383","","","","","","","new","new","","2026-07-24T12:34:14Z","","","","","","blank_drug"
"AGEN","0001098972","AGENUS INC","PhaseReadout","2027-04-07","month","","Metastatic Soft Tissue Sarcoma","clinicaltrials","https://clinicaltrials.gov/study/NCT04028063","PHASE2 | Doxorubicin Plus Dual Checkpoint Blockade for Soft Tissue Sarcomas | primary completion 2027-04-07","0.45","True","2026-07-24T11:49:07Z","","","","clinicaltrials","https://clinicaltrials.gov/study/NCT04028063","readout","257766456","6.19","8.7","2.71","58.1","2320002.0","34996000","4.8","~5 mo (estimated)","estimated","2026-12-16","","ELEVATED — under 12 months","","","","2026-07-24T12:34:14Z","","","","","","blank_drug"
"IBRX","0001326110","ImmunityBio, Inc.","PhaseReadout","2027-08-03","month","","Sepsis","clinicaltrials","https://clinicaltrials.gov/study/NCT07578558","PHASE2 | NAI for Sepsis With Persistent Lymphopenia | primary completion 2027-08-03","0.45","True","2026-07-24T11:50:44Z","","","","clinicaltrials","https://clinicaltrials.gov/study/NCT07578558","readout","7750389993","7.4","12.43","1.95","52.0","6073285.0","380879000","15.5","~12+ months (company-stated, non-specific)","company-guided","","https://www.sec.gov/Archives/edgar/data/1326110/000132611026000059/ibrx-20260331.htm","","","","","2026-07-24T12:34:14Z","","","","","","blank_drug"
"ALNY","0001178670","ALNYLAM PHARMACEUTICALS, INC.","PhaseReadout","2027-08-09","month","","Cerebral Amyloid Angiopathy","clinicaltrials","https://clinicaltrials.gov/study/NCT06393712","PHASE2 | A Phase 2 Trial of ALN-APP in Patients With Cerebral Amyloid Angiopathy | primary completion 2027-08-09","0.45","True","2026-07-24T11:49:11Z","","","","clinicaltrials","https://clinicaltrials.gov/study/NCT06393712","readout","35880168868","268.74","495.55","262.21","2.8","1140199.0","3009223000","","","","","","","","","","2026-07-24T12:34:14Z","","","","","","blank_drug"
"NVS","0001114448","NOVARTIS AG","PhaseReadout","2027-08-10","month","","IgA Nephropathy","clinicaltrials","https://clinicaltrials.gov/study/NCT05852938","PHASE3 | A Study of Zigakibart in Adults With IgA Nephropathy | primary completion 2027-08-10","0.45","True","2026-07-24T11:51:41Z","","","","clinicaltrials","https://clinicaltrials.gov/study/NCT05852938","readout","296777615118","156.14","170.46","112.34","75.4","2105344.0","7690031000","","","","","","","new","new","","2026-07-24T12:34:14Z","","","","","","blank_drug"
"GILD","0000882095","GILEAD SCIENCES, INC.","PhaseReadout","2026-12-01","month","","Multiple Myeloma","clinicaltrials","https://clinicaltrials.gov/study/NCT05396885","PHASE2 | Study of Anitocabtagene-autoleucel in Relapsed or Refractory Multiple Myeloma (iMMagine-1) | primary completion 2026-12","0.45","True","2026-07-24T11:50:33Z","","","","clinicaltrials","https://clinicaltrials.gov/study/NCT05396885","readout","162471833712","130.86","157.29","108.46","45.9","6298021.0","9817000000","","","","","","","new","new","","2026-07-24T12:34:14Z","","","","","","blank_drug"
"DNLI","0001714899","Denali Therapeutics Inc.","PhaseReadout","2026-12-01","month","","Frontotemporal Dementia","clinicaltrials","https://clinicaltrials.gov/study/NCT05262023","PHASE2 | A Study to Evaluate the Safety, Tolerability, Pharmacokinetics, and Pharmacodynamics of DN | primary completion 2026-12","0.45","True","2026-07-24T11:50:13Z","","","","clinicaltrials","https://clinicaltrials.gov/study/NCT05262023","readout","3716982041","23.42","27.3","12.58","73.6","1112399.0","987684000","28.7","~29 mo (estimated)","estimated","2028-12-12","","","","","","2026-07-24T12:34:14Z","","","","","","blank_drug"
"PFE","0000078003","PFIZER INC","PhaseReadout","2026-10-01","month","","Metastatic Renal Cell Carcinoma","clinicaltrials","https://clinicaltrials.gov/study/NCT07123090","PHASE2 | A Study of Sasanlimab, Palbociclib and Axitinib in Metastatic Renal Cell Carcinoma | primary completion 2026-10-01","0.45","True","2026-07-24T11:51:54Z","","","","clinicaltrials","https://clinicaltrials.gov/study/NCT07123090","readout","142542994400","25.01","28.75","23.11","33.7","30695631.0","13075000000","","","","","","","new","new","","2026-07-24T12:34:14Z","","","","","","blank_drug"
"IMTX","0001809196","Immatics N.V.","PhaseReadout","2027-09-01","month","","Refractory Cancer","clinicaltrials","https://clinicaltrials.gov/study/NCT05958121","PHASE2 | IMA402 T Cell-Engaging Receptor Molecule (TCER®) in Recurrent and/or Refractory Solid Tumo | primary completion 2027-09","0.45","True","2026-07-24T11:50:50Z","","","","clinicaltrials","https://clinicaltrials.gov/study/NCT05958121","readout","1245761130","9.29","12.41","5.05","57.6","352455.0","454043019","29.6","~30 mo (estimated)","estimated","2029-01-08","","","","","","2026-07-24T12:34:14Z","","","","","","blank_drug"
"IONS","0000874015","Ionis","PhaseReadout","2027-09-01","month","","Hypertriglyceridemia","clinicaltrials","https://clinicaltrials.gov/study/NCT07604974","PHASE2 | A Study to Assess the Safety, Tolerability and Efficacy of ION775 | primary completion 2027-09","0.45","True","2026-07-24T11:50:58Z","","","","clinicaltrials","https://clinicaltrials.gov/study/NCT04165486;https://clinicaltrials.gov/study/NCT06430385;https://clinicaltrials.gov/study/NCT07604974","readout","9233219004","55.87","86.74","40.03","33.9","3834334.0","1919113000","25.3","~25 mo (estimated)","estimated","2028-08-31","","","","","","2026-07-24T12:34:14Z","","","","","","blank_drug|stale_alias"
"NVS","0001114448","NOVARTIS AG","PhaseReadout","2026-10-01","month","","Triple Negative Breast Cancer","clinicaltrials","https://clinicaltrials.gov/study/NCT03090165","PHASE2 | Ribociclib and Bicalutamide in AR+ TNBC | primary completion 2026-10","0.45","True","2026-07-24T11:51:41Z","","","","clinicaltrials","https://clinicaltrials.gov/study/NCT03090165","readout","296777615118","156.14","170.46","112.34","75.4","2105344.0","7690031000","","","","","","","new","new","","2026-07-24T12:34:14Z","","","","","","blank_drug"
"NTHI","0001979414","NEONC TECHNOLOGIES HOLDINGS, INC.","PhaseReadout","2026-10-01","month","","Pediatric Tumor of CNS","clinicaltrials","https://clinicaltrials.gov/study/NCT06357377","PHASE1 | A Study of the Safety, Dosing, and Delivery of NEO100 in Patients With Pediatric Brain Tum | primary completion 2026-10","0.45","True","2026-07-24T11:51:38Z","","","","clinicaltrials","https://clinicaltrials.gov/study/NCT06357377","readout","72581850","3.63","12.99","3.005","6.3","24055.0","138601","0.1","into 2026","company-guided","2026-12-15","https://www.sec.gov/Archives/edgar/data/1979414/000182912626005421/neonctechnologies_ex99-1.htm","ELEVATED — under 12 months","","","","2026-07-24T12:34:14Z","","","","","","blank_drug"
"OPK","0000944809","OPKO HEALTH, INC.","PhaseReadout","2027-09-01","month","","COVID -19","clinicaltrials","https://clinicaltrials.gov/study/NCT07445971","PHASE1 | A Study Evaluating MDX2301 in Healthy Adults and Adults at Higher Risk for Severe COVID-19 | primary completion 2027-09","0.45","True","2026-07-24T11:51:48Z","","","","clinicaltrials","https://clinicaltrials.gov/study/NCT07445971","readout","883457940","1.17","1.61","0.98","30.2","2957957.0","341881000","25.1","~25 mo (estimated)","estimated","2028-08-25","","","","","","2026-07-24T12:34:14Z","","","","","","blank_drug"
"RARE","0001515673","Ultragenyx Pharmaceutical Inc.","PhaseReadout","2027-09-01","month","","OTC Deficiency","clinicaltrials","https://clinicaltrials.gov/study/NCT05345171","PHASE3 | Clinical Study of DTX301 AAV-Mediated Gene Transfer for Ornithine Transcarbamylase (OTC) D | primary completion 2027-09","0.45","True","2026-07-24T11:52:08Z","","","","clinicaltrials","https://clinicaltrials.gov/study/NCT05345171","readout","2661178184","27.02","39.89","18.29","40.4","1888285.0","413000000","10.0","~10 mo (estimated)","estimated","2027-05-24","","ELEVATED — under 12 months","","","","2026-07-24T12:34:14Z","","","","","","blank_drug"
"ZYME","0001937653","Zymeworks Inc.","PhaseReadout","2027-09-01","month","","Hepatocellular Carcinoma","clinicaltrials","https://clinicaltrials.gov/study/NCT07164313","PHASE1 | A Study of ZW251 in Participants With Advanced Solid Tumors | primary completion 2027-09","0.45","True","2026-07-24T11:53:00Z","","","","clinicaltrials","https://clinicaltrials.gov/study/NCT07164313","readout","1701029539","23.12","29.75","11.51","63.7","357858.0","364727000","58.3","into 2H 2027","company-guided","2027-12-15","https://www.sec.gov/Archives/edgar/data/1937653/000193765325000076/ex991q32025_earningsxrelea.htm","","","","","2026-07-24T12:34:14Z","","","","","","blank_drug"
"NXTC","0001661059","NextCure, Inc.","PhaseReadout","2026-12-01","month","","Ovarian Cancer","clinicaltrials","https://clinicaltrials.gov/study/NCT06774963","PHASE1 | A Phase 1 Study of LNCB74 in Advanced Solid Tumors | primary completion 2026-12","0.45","True","2026-07-24T11:51:41Z","","","","clinicaltrials","https://clinicaltrials.gov/study/NCT06774963","readout","11201305","4.18","15.74","1.55","18.5","250158.0","29743000","7.1","into mid-2026","company-guided","2026-06-15","https://www.sec.gov/Archives/edgar/data/1661059/000155837025010782/nxtc-20250630x10q.htm","ELEVATED — under 12 months","","","","2026-07-24T12:34:14Z","","","","","","blank_drug"
"OMER","0001285819","OMEROS CORP","PhaseReadout","2026-12-01","month","","Paroxysmal Nocturnal Hemoglobinuria","clinicaltrials","https://clinicaltrials.gov/study/NCT06298955","PHASE2 | Long-Term Safety, Tolerability and Efficacy of OMS906 in Paroxysmal Nocturnal Hemoglobinur | primary completion 2026-12","0.45","True","2026-07-24T11:51:46Z","","","","clinicaltrials","https://clinicaltrials.gov/study/NCT06298955","readout","744018649","10.28","17.65","3.44","48.1","1544402.0","135316000","17.1","~17 mo (estimated)","estimated","2027-12-25","","","","","","2026-07-24T12:34:14Z","","","","","","blank_drug"
"PMN","0001374339","ProMIS Neurosciences Inc.","PhaseReadout","2026-12-01","month","","Alzheimer Disease, Early Onset","clinicaltrials","https://clinicaltrials.gov/study/NCT06750432","PHASE1 | PMN310 in Patients With Early Alzheimer's Disease (PRECISE-AD) | primary completion 2026-12","0.45","True","2026-07-24T11:51:58Z","","","","clinicaltrials","https://clinicaltrials.gov/study/NCT06750432","readout","16488432","12.61","27.4","6.27","30.0","107138.0","63848098","21.6","into 2027","company-guided","2027-12-15","https://www.sec.gov/Archives/edgar/data/1374339/000110465926058967/pmn-20260512xex99d1.htm","","","","","2026-07-24T12:34:14Z","","","","","","blank_drug"
"PRAX","0001689548","Praxis Precision Medicines","PhaseReadout","2026-12-01","month","","Developmental and Epileptic Encephalopathy 1","clinicaltrials","https://clinicaltrials.gov/study/NCT07010471","PHASE3 | A Clinical Trial for Participants With DEE to Assess Efficacy, Safety, Tolerability, and P | primary completion 2026-12","0.45","True","2026-07-24T11:51:59Z","","","","clinicaltrials","https://clinicaltrials.gov/study/NCT07010471","readout","6816065703","322.4","366.52","37.19","86.6","325369.0","786865000","33.4","into 2028","company-guided","2028-12-15","https://www.sec.gov/Archives/edgar/data/1689548/000168954826000049/praxisq12026pr.htm","","","","","2026-07-24T12:34:14Z","","","","","","blank_drug"
"BMRN","0001048477","BIOMARIN PHARMACEUTICAL INC","PhaseReadout","2027-04-14","month","","Duchenne Muscular Dystrophy","clinicaltrials","https://clinicaltrials.gov/study/NCT06280209","PHASE2 | A Phase 1/2 Study to Assess the Safety, Tolerability, Pharmacokinetics, and Pharmacodynami | primary completion 2027-04-14","0.45","True","2026-07-24T11:49:40Z","","","","clinicaltrials","https://clinicaltrials.gov/study/NCT06280209","readout","11378629080","58.87","66.28","49.26","56.5","2498063.0","2222435000","","","","","","","","","","2026-07-24T12:34:14Z","","","","","","blank_drug"
"JNJ","0000200406","JOHNSON & JOHNSON","PhaseReadout","2027-04-14","month","","Carcinoma, Non-small-Cell Lung","clinicaltrials","https://clinicaltrials.gov/study/NCT06116786","PHASE1 | A Study of JNJ-86974680 in Participants With Advanced Non-small Cell Lung Cancer | primary completion 2027-04-14","0.45","True","2026-07-24T11:51:04Z","","","","clinicaltrials","https://clinicaltrials.gov/study/NCT06116786","readout","624119929400","259.27","269.43","164.23","90.3","8040211.0","20758000000","","","","","","","new","new","","2026-07-24T12:34:14Z","","","","","","blank_drug"
"JAZZ","0001232524","Jazz Pharmaceuticals","PhaseReadout","2026-12-24","month","","Covid19","clinicaltrials","https://clinicaltrials.gov/study/NCT04652115","PHASE2 | Defibrotide for the Treatment of Severe COVID-19 | primary completion 2026-12-24","0.45","True","2026-07-24T11:51:02Z","","","","clinicaltrials","https://clinicaltrials.gov/study/NCT04652115","readout","16010321712","254.87","255.2","105.0","99.8","527842.0","2874300000","","","","","","","new","new","","2026-07-24T12:34:14Z","","","","","","blank_drug|stale_alias"
"MRK","0000310158","Merck","PhaseReadout","2026-07-31","month","","HPV Positive Oropharyngeal Squamous Cell Carcinoma","clinicaltrials","https://clinicaltrials.gov/study/NCT04255849","PHASE3 | Nine-valent HPV Vaccine to Prevent Persistent Oral HPV Infection in Men Living With HIV | primary completion 2026-07-31","0.45","True","2026-07-24T11:51:27Z","","","","clinicaltrials","https://clinicaltrials.gov/study/NCT04255849","readout","322212717200","130.46","131.74","76.66","97.7","5980266.0","5702000000","","","","","","","new","new","","2026-07-24T12:34:14Z","","","","","","blank_drug|stale_alias"
"VNDA","0001347178","Vanda Pharmaceuticals Inc.","PhaseReadout","2026-10-01","month","","Hypertension","clinicaltrials","https://clinicaltrials.gov/study/NCT07090161","PHASE2 | Evaluation of Efficacy and Safety of Iloperidone for the Treatment of Participants With Un | primary completion 2026-10","0.45","True","2026-07-24T11:52:47Z","","","","clinicaltrials","https://clinicaltrials.gov/study/NCT07090161","readout","322326612","5.36","9.94","4.14","21.0","866992.0","202310000","19.2","~19 mo (estimated)","estimated","2028-02-27","","","","","","2026-07-24T12:34:14Z","","","","","","blank_drug"
"ABBV","0001551152","AbbVie","PhaseReadout","2026-09-01","month","","Juvenile Psoriatic Arthritis","clinicaltrials","https://clinicaltrials.gov/study/NCT06100744","PHASE3 | A Study to Assess Adverse Events, Change in Disease Activity, and How the Drug Moves Throu | primary completion 2026-09","0.45","True","2026-07-24T11:48:57Z","","","","clinicaltrials","https://clinicaltrials.gov/study/NCT06100744","readout","453836071930","256.87","261.64","187.62","93.6","3055885.0","9391000000","","","","","","","new","new","","2026-07-24T12:34:14Z","","","","","","blank_drug"
"NVO","0000353278","Novo Nordisk","PhaseReadout","2026-12-14","month","","Overweight","clinicaltrials","https://clinicaltrials.gov/study/NCT07184632","PHASE2 | A Research Study on How Well Different Doses of the Medicine NNC0662-0419 Help People Livi | primary completion 2026-12-14","0.45","True","2026-07-24T11:51:40Z","","","","clinicaltrials","https://clinicaltrials.gov/study/NCT07184632","readout","214101399367","48.18","71.8","35.12","35.6","8120373.0","21626000000","","","","","","","new","new","","2026-07-24T12:34:14Z","","","","","","blank_drug|stale_alias"
"IBRX","0001326110","ImmunityBio, Inc.","PhaseReadout","2027-05-01","month","","Platinum-resistant Ovarian Cancer","clinicaltrials","https://clinicaltrials.gov/study/NCT06710288","PHASE2 | A Phase 2, Open-label, Single-arm Study Of Autologous M-CENK Adoptive Cell Therapy And N-8 | primary completion 2027-05","0.45","True","2026-07-24T11:50:44Z","","","","clinicaltrials","https://clinicaltrials.gov/study/NCT06710288","readout","7750389993","7.4","12.43","1.95","52.0","6073285.0","380879000","15.5","~12+ months (company-stated, non-specific)","company-guided","","https://www.sec.gov/Archives/edgar/data/1326110/000132611026000059/ibrx-20260331.htm","","","","","2026-07-24T12:34:14Z","","","","","","blank_drug"
"VTRS","0001792044","Viatris Inc","PhaseReadout","2027-05-01","month","","Female Contraception","clinicaltrials","https://clinicaltrials.gov/study/NCT06672016","PHASE3 | Study to Evaluate Contraceptive Efficacy and Safety of a Progestin Only Patch in Women of  | primary completion 2027-05","0.45","True","2026-07-24T11:52:51Z","","","","clinicaltrials","https://clinicaltrials.gov/study/NCT06672016","readout","20123469861","17.28","17.68","8.63","95.6","7908816.0","1804200000","","","","","","","","","","2026-07-24T12:34:14Z","","","","","","blank_drug"
"XNCR","0001326732","Xencor Inc","PhaseReadout","2027-05-01","month","","Not Applicable - Healthy Adult Participants","clinicaltrials","https://clinicaltrials.gov/study/NCT07713485","PHASE1 | Study of XmAb412 in Healthy Participants | primary completion 2027-05","0.45","True","2026-07-24T11:52:55Z","","","","clinicaltrials","https://clinicaltrials.gov/study/NCT07713485","readout","1447985370","19.53","21.26","6.92","87.9","832619.0","444950000","28.6","~12+ months (company-stated, non-specific)","company-guided","","https://www.sec.gov/Archives/edgar/data/1326732/000132673226000043/xncr-20260331.htm","","new","new","","2026-07-24T12:34:14Z","","","","","","blank_drug"
"IBRX","0001326110","ImmunityBio, Inc.","PhaseReadout","2026-07-31","month","","Head and Neck Cancer","clinicaltrials","https://clinicaltrials.gov/study/NCT06239220","PHASE2 | PD-L1 t-haNK, NAI IL-15sa and Cetuximab for Recurrent, Metastatic HNSCC | primary completion 2026-07-31","0.45","True","2026-07-24T11:50:44Z","","","","clinicaltrials","https://clinicaltrials.gov/study/NCT06239220","readout","7750389993","7.4","12.43","1.95","52.0","6073285.0","380879000","15.5","~12+ months (company-stated, non-specific)","company-guided","","https://www.sec.gov/Archives/edgar/data/1326110/000132611026000059/ibrx-20260331.htm","","","","","2026-07-24T12:34:14Z","","","","","","blank_drug"
"RVMD","0001628171","Revolution Medicines, Inc.","PhaseReadout","2027-05-15","month","","Colorectal Cancer","clinicaltrials","https://clinicaltrials.gov/study/NCT06445062","PHASE2 | Study of RAS(ON) Inhibitors in Patients With Gastrointestinal Solid Tumors | primary completion 2027-05-15","0.45","True","2026-07-24T11:52:13Z","","","","clinicaltrials","https://clinicaltrials.gov/study/NCT06445062","readout","40127495000","188.75","193.825","34.0","96.8","2282376.0","1908084000","21.7","~22 mo (estimated)","estimated","2028-05-13","","","","","","2026-07-24T12:34:14Z","","","","","","blank_drug"
"ARGX","0001697862","ARGENX SE","PhaseReadout","2026-09-01","month","","Multifocal Motor Neuropathy (MMN)","clinicaltrials","https://clinicaltrials.gov/study/NCT06742190","PHASE3 | A Study to Assess the Efficacy and Safety of Empasiprubart Versus IVIg in Adults With Mult | primary completion 2026-09","0.45","True","2026-07-24T11:49:19Z","","","","clinicaltrials","https://clinicaltrials.gov/study/NCT06742190","readout","57498812142","924.6","953.58","587.37","92.1","607666.0","4440039000","","","","","","","","","","2026-07-24T12:34:14Z","","","","","","blank_drug"
"SNY","0001121404","Sanofi","PhaseReadout","2027-05-17","month","","Pneumococcal Immunization","clinicaltrials","https://clinicaltrials.gov/study/NCT06736041","PHASE3 | Study of a 4-Dose Regimen of a 21-valent Pneumococcal Conjugate Vaccine in Healthy Infants | primary completion 2027-05-17","0.45","True","2026-07-24T11:52:24Z","","","","clinicaltrials","https://clinicaltrials.gov/study/NCT06736041","readout","105187982169","43.36","52.68","40.89","20.9","1912652.0","5544000000","","","","","","","new","new","","2026-07-24T12:34:14Z","","","","","","blank_drug"
"BIIB","0000875045","Biogen/Eisai","PhaseReadout","2027-05-20","month","","Multiple Sclerosis, Relapsing-Remitting","clinicaltrials","https://clinicaltrials.gov/study/NCT03958877","PHASE3 | A Study to Evaluate the Safety, Tolerability, and Efficacy of BIIB017 (Peginterferon Beta- | primary completion 2027-05-20","0.45","True","2026-07-24T11:49:36Z","","","","clinicaltrials","https://clinicaltrials.gov/study/NCT03958877","readout","29618934940","200.62","219.72","124.56","79.9","1031054.0","4282700000","","","","","","","","","","2026-07-24T12:34:14Z","","","","","","blank_drug|stale_alias"
"IBRX","0001326110","ImmunityBio, Inc.","PhaseReadout","2027-05-25","month","","Relapsed B-Cell Non Hodgkin Lymphoma","clinicaltrials","https://clinicaltrials.gov/study/NCT07125872","PHASE2 | Study of Relapsed/ Refractory B-cell Non- Hodgkin Lymphoma | primary completion 2027-05-25","0.45","True","2026-07-24T11:50:44Z","","","","clinicaltrials","https://clinicaltrials.gov/study/NCT07125872","readout","7750389993","7.4","12.43","1.95","52.0","6073285.0","380879000","15.5","~12+ months (company-stated, non-specific)","company-guided","","https://www.sec.gov/Archives/edgar/data/1326110/000132611026000059/ibrx-20260331.htm","","","","","2026-07-24T12:34:14Z","","","","","","blank_drug"
"AZN","0000901832","AstraZeneca/Alexion","PhaseReadout","2027-05-28","month","","Hypercholesterolaemia","clinicaltrials","https://clinicaltrials.gov/study/NCT07619118","PHASE3 | A Phase III Study to Assess the Effect of FDC Laroprovstat/Rosuvastatin Compared With Rosu | primary completion 2027-05-28","0.45","True","2026-07-24T11:49:28Z","","","","clinicaltrials","https://clinicaltrials.gov/study/NCT07619118","readout","260777721616","168.27","212.71","142.98","36.3","2394060.0","7675000000","","","","","","","new","new","","2026-07-24T12:34:14Z","","","","","","blank_drug|stale_alias"
"DNLI","0001714899","Denali Therapeutics Inc.","PhaseReadout","2027-06-01","month","","Mucopolysaccharidosis II","clinicaltrials","https://clinicaltrials.gov/study/NCT06075537","PHASE3 | An Extension Study of the Long-Term Safety, Tolerability, and Efficacy of Tividenofusp Alf | primary completion 2027-06","0.45","True","2026-07-24T11:50:13Z","","","","clinicaltrials","https://clinicaltrials.gov/study/NCT06075537","readout","3716982041","23.42","27.3","12.58","73.6","1112399.0","987684000","28.7","~29 mo (estimated)","estimated","2028-12-12","","","","","","2026-07-24T12:34:14Z","","","","","","blank_drug"
"ARGX","0001697862","ARGENX SE","PhaseReadout","2026-12-01","month","","Active Idiopathic Inflammatory Myopathy","clinicaltrials","https://clinicaltrials.gov/study/NCT05523167","PHASE3 | A Study to Investigate the Efficacy and Safety of Efgartigimod PH20 SC in Adult Participan | primary completion 2026-12-01","0.45","True","2026-07-24T11:49:19Z","","","","clinicaltrials","https://clinicaltrials.gov/study/NCT05523167","readout","57498812142","924.6","953.58","587.37","92.1","607666.0","4440039000","","","","","","","","","","2026-07-24T12:34:14Z","","","","","","blank_drug"
"SNY","0001121404","Sanofi","PhaseReadout","2026-08-08","month","","Yellow Fever Immunization","clinicaltrials","https://clinicaltrials.gov/study/NCT07103148","PHASE3 | A Phase III Control Study of the Safety and Immunogenicity of vYF in Pediatric Population | primary completion 2026-08-08","0.45","True","2026-07-24T11:52:24Z","","","","clinicaltrials","https://clinicaltrials.gov/study/NCT07103148","readout","105187982169","43.36","52.68","40.89","20.9","1912652.0","5544000000","","","","","","","new","new","","2026-07-24T12:34:14Z","","","","","","blank_drug"
"GILD","0000882095","GILEAD SCIENCES, INC.","PhaseReadout","2026-10-01","month","","HIV/AIDS","clinicaltrials","https://clinicaltrials.gov/study/NCT05813964","PHASE3 | Efficacy, Acceptability and Safety of Event-driven HIV PrEP Using TAF/FTC in MSM in Thaila | primary completion 2026-10","0.45","True","2026-07-24T11:50:33Z","","","","clinicaltrials","https://clinicaltrials.gov/study/NCT05119907;https://clinicaltrials.gov/study/NCT05813964","readout","162471833712","130.86","157.29","108.46","45.9","6298021.0","9817000000","","","","","","","new","new","","2026-07-24T12:34:14Z","","","","","","blank_drug"
"RVMD","0001628171","Revolution Medicines, Inc.","PhaseReadout","2027-06-01","month","","Non-Small Cell Lung Cancer, NSCLC","clinicaltrials","https://clinicaltrials.gov/study/NCT06162221","PHASE2 | Study of RAS(ON) Inhibitors in Patients With Advanced RAS-mutated NSCLC | primary completion 2027-06","0.45","True","2026-07-24T11:52:13Z","","","","clinicaltrials","https://clinicaltrials.gov/study/NCT06162221;https://clinicaltrials.gov/study/NCT06922591","readout","40127495000","188.75","193.825","34.0","96.8","2282376.0","1908084000","21.7","~22 mo (estimated)","estimated","2028-05-13","","","","","","2026-07-24T12:34:14Z","","","","","","blank_drug"
"ZYME","0001937653","Zymeworks Inc.","PhaseReadout","2027-06-01","month","","Biliary Tract Neoplasms","clinicaltrials","https://clinicaltrials.gov/study/NCT05615818","PHASE3 | Personalized Medicine for Advanced Biliary Cancer Patients | primary completion 2027-06","0.45","True","2026-07-24T11:53:00Z","","","","clinicaltrials","https://clinicaltrials.gov/study/NCT05615818","readout","1701029539","23.12","29.75","11.51","63.7","357858.0","364727000","58.3","into 2H 2027","company-guided","2027-12-15","https://www.sec.gov/Archives/edgar/data/1937653/000193765325000076/ex991q32025_earningsxrelea.htm","","","","","2026-07-24T12:34:14Z","","","","","","blank_drug"
"ASND","0001612042","Ascendis Pharma A/S","PhaseReadout","2027-06-01","month","","Hypoparathyroidism","clinicaltrials","https://clinicaltrials.gov/study/NCT07081997","PHASE3 | A Phase 3 Randomized Clinical Trial to Investigate the Safety and Efficacy of Palopegterip | primary completion 2027-06","0.45","True","2026-07-24T11:49:22Z","","","","clinicaltrials","https://clinicaltrials.gov/study/NCT07081997","readout","15693115593","252.66","282.15","160.86","75.7","308314.0","573417383","","","","","","","","","","2026-07-24T12:34:14Z","","","","","","blank_drug"
"SNY","0001121404","Sanofi","PhaseReadout","2027-06-07","month","","Pneumococcal Immunization","clinicaltrials","https://clinicaltrials.gov/study/NCT07348692","PHASE3 | Lot-to-lot Consistency Study of a 21-valent Pneumococcal Conjugate Vaccine in Healthy Infa | primary completion 2027-06-07","0.45","True","2026-07-24T11:52:24Z","","","","clinicaltrials","https://clinicaltrials.gov/study/NCT07348692","readout","105187982169","43.36","52.68","40.89","20.9","1912652.0","5544000000","","","","","","","new","new","","2026-07-24T12:34:14Z","","","","","","blank_drug"
"BNTX","0001776985","BioNTech SE","PhaseReadout","2026-10-01","month","","HCC","clinicaltrials","https://clinicaltrials.gov/study/NCT06584071","PHASE2 | A Study to Evaluate of PM8002 Combined With PM1009 in Patients With First-line HCC | primary completion 2026-10","0.45","True","2026-07-24T11:49:42Z","","","","clinicaltrials","https://clinicaltrials.gov/study/NCT06584071","readout","23280524607","92.06","124.0","79.52","28.2","539198.0","14651864245","","","","","","","new","new","","2026-07-24T12:34:14Z","","","","","","blank_drug"
"ABBV","0001551152","AbbVie","PDUFA","2026-12-31","year","","Early Parkinson's disease","curated_pharma","https://www.managedhealthcareexecutive.com/view/abbvie-submits-nda-for-parkinson-s-disease-drug-tavapadon","","0.45","True","2026-07-24T12:11:15Z","","","","curated_pharma","https://www.managedhealthcareexecutive.com/view/abbvie-submits-nda-for-parkinson-s-disease-drug-tavapadon","drug","453836071930","256.87","261.64","187.62","93.6","3055885.0","9391000000","","","","","","","","","","2026-07-24T12:34:14Z","","","","","","blank_drug"
