ticker,cik,company,catalyst_type,catalyst_date,date_precision,drug,indication,source,source_url,snippet,confidence,redistribute,retrieved_at,conference,pres_type,date_basis,extractor_version
AAPG,2023311,ASCENTAGE PHARMA GROUP INTERNATIONAL  (AAPG)  (CIK 0002023311),ConferencePresentation,2025-04-25,day,,,sec_edgar,https://www.sec.gov/Archives/edgar/data/2023311/000121390025036182/ea023969301ex99-2_ascentage.htm,"slands with limited liability) (Stock Code: 6855) VOLUNTARY ANNOUNCEMENT ASCENTAGE PHARMA PRESENTS RESULTS FROM FIVE PRECLINICAL STUDIES AT 2025 AMERICAN ASSOCIATION OF CANCER RESEARCH (AACR) ANNUAL MEETING, HIGHLIGHTING STRONG SYNERGISTIC",0.75,True,2026-07-12T22:10:05Z,AACR,poster,observed,2.0
AAPG,2023311,ASCENTAGE PHARMA GROUP INTERNATIONAL  (AAPG)  (CIK 0002023311),ConferencePresentation,2025-06-02,day,,,sec_edgar,https://www.sec.gov/Archives/edgar/data/2023311/000121390025034806/ea023933501ex99-2_ascentage.htm,"slands with limited liability) (Stock Code: 6855) VOLUNTARY ANNOUNCEMENT ASCENTAGE PHARMA TO PRESENT DATA FROM TWO CLINICAL STUDIES AT 2025 ASCO ANNUAL MEETING, INCLUDING ORAL PRESENTATION ON LISAFTOCLAX Ascentage Pharma Group International",0.75,True,2026-07-12T21:58:38Z,ASCO,oral,observed,2.0
AAPG,2023311,ASCENTAGE PHARMA GROUP INTERNATIONAL  (AAPG)  (CIK 0002023311),ConferencePresentation,2025-12-06,day,,,sec_edgar,https://www.sec.gov/Archives/edgar/data/2023311/000121390025118963/ea026877001ex99-1_ascent.htm,"77001ex99-1_ascent.htm PRESS RELEASE DATED DECEMBER 6, 2025 Exhibit 99.1 Ascentage Pharma Presents Pivotal China Registrational Study Data for Lisaftoclax in Oral Report at 2025 American Society of Hematology (ASH) Annual Meeting Lisaftocla",0.75,True,2026-07-12T22:02:56Z,ASH,unspecified,observed,2.0
AAPG,2023311,ASCENTAGE PHARMA GROUP INTERNATIONAL  (AAPG)  (CIK 0002023311),ConferencePresentation,2026-04-21,day,,,sec_edgar,https://www.sec.gov/Archives/edgar/data/2023311/000121390026045375/ea0286909-6k_ascentage.htm,"6, Ascentage Pharma Group International issued a press releases entitled Ascentage Pharma to Present Four Promising Preclinical Studies Demonstrating the Potential of Combination Therapies at American Association for Cancer Research (AACR)",0.75,True,2026-07-12T22:08:59Z,AACR,unspecified,observed,2.0
AAPG,2023311,ASCENTAGE PHARMA GROUP INTERNATIONAL  (AAPG)  (CIK 0002023311),ConferencePresentation,2026-06,month,,,sec_edgar,https://www.sec.gov/Archives/edgar/data/2023311/000121390026055466/ea029050401ex99-1.htm,".1 2 ea029050401ex99-1.htm PRESS RELEASE DATED MAY 12, 2026 Exhibit 99.1 Ascentage Pharma to Present 17 Clinical Advances at 2026 European Hematology Association Congress ROCKVILLE, MD and SUZHOU, China, May 12, 2026 Ascentage Pharma Group",0.55,True,2026-07-12T22:11:39Z,EHA,unspecified,projected,2.0
AAPG,2023311,ASCENTAGE PHARMA GROUP INTERNATIONAL  (AAPG)  (CIK 0002023311),ConferencePresentation,2026-06-02,day,,,sec_edgar,https://www.sec.gov/Archives/edgar/data/2023311/000121390026046415/ea028732001ex99-2.htm,"slands with limited liability) (Stock Code: 6855) VOLUNTARY ANNOUNCEMENT ASCENTAGE PHARMA TO PRESENT DATA FROM MULTIPLE TRIALS AT 2026 ASCO ANNUAL MEETING, INCLUDING THREE RAPID ORAL PRESENTATIONS Ascentage Pharma Group International (the C",0.75,True,2026-07-12T21:58:53Z,ASCO,oral,observed,2.0
ABBV,1551152,AbbVie Inc.  (ABBV)  (CIK 0001551152),ConferencePresentation,2024-03-11,day,,,sec_edgar,https://www.sec.gov/Archives/edgar/data/1551152/000155115224000016/abbv-20240331xexhibit991.htm,"zation globally. At the 2024 American Academy of Dermatology (AAD) Annual Meeting, AbbVie presented 29 abstracts including three late-breaking presentations. The presented data across AbbVie and Allergan Aesthetics' extensive portfolios rei",0.75,True,2026-07-12T22:15:51Z,AAD,late-breaking,observed,2.0
ABOS,1576885,"Acumen Pharmaceuticals, Inc.  (ABOS)  (CIK 0001576885)",ConferencePresentation,2024-04-16,day,,,sec_edgar,https://www.sec.gov/Archives/edgar/data/1576885/000157688524000061/abos-20240514xexx991.htm,"ficacy and safety of sabirnetug for the treatment of early AD. In April 2024, the Company presented biomarker, safety and target engagement analyses from the Phase 1 INTERCEPT-AD study in AD at the American Academy of Neurology Annual Meeti",0.75,True,2026-07-12T22:15:37Z,AAN,unspecified,observed,2.0
ABOS,1576885,"Acumen Pharmaceuticals, Inc.  (ABOS)  (CIK 0001576885)",ConferencePresentation,2025-04-09,day,,,sec_edgar,https://www.sec.gov/Archives/edgar/data/1576885/000157688525000062/abos-20250513xexx991.htm,"an neurons, and methods to advance A selectivity measurements. In April 2025, the Company presented an encore presentation detailing the plasma pTau217 assay used in ALTITUDE-AD at the American Academy of Neurology (AAN) Annual Meeting. Mor",0.75,True,2026-07-12T22:15:29Z,AAN,unspecified,observed,2.0
ABUS,1447028,Arbutus Biopharma Corp  (ABUS)  (CIK 0001447028),ConferencePresentation,2024-11-18,day,,,sec_edgar,https://www.sec.gov/Archives/edgar/data/1447028/000117184324006400/exh_991.htm,"clinical trial Overall, in Cohort A1, 25% of patients achieved functional cure Data to be presented in late-breaker poster session at AASLD The Liver Meeting on Monday, November 18, 2024 WARMINSTER, Pa., Nov. 15, 2024 (GLOBE NEWSWIRE) -- Ar",0.75,True,2026-07-12T22:17:00Z,AASLD,late-breaking,observed,2.0
ABUS,1447028,Arbutus Biopharma Corp  (ABUS)  (CIK 0001447028),ConferencePresentation,2025-05-08,day,,,sec_edgar,https://www.sec.gov/Archives/edgar/data/1447028/000117184325002401/f8k_042325.htm,"orporation (the Company ) issued a press release announcing that five abstracts have been accepted for poster presentation, one of which is a late-breaker at the European Association for the Study of the Liver (EASL) Congress 2025 taking pl",0.75,True,2026-07-12T22:17:49Z,EASL,late-breaking,observed,2.0
ABUS,1447028,Arbutus Biopharma Corp  (ABUS)  (CIK 0001447028),ConferencePresentation,2025-11-10,day,,,sec_edgar,https://www.sec.gov/Archives/edgar/data/1447028/000117184325006316/exh_991.htm,EX-99.1 2 exh_991.htm PRESS RELEASE EdgarFiling EXHIBIT 99.1 Arbutus Announces Four Abstracts Accepted for Presentation at AASLD - The Liver Meeting 2025 Multiple abstracts accepted featuring imdusiran clinical data highlighting progr,0.75,True,2026-07-12T22:17:02Z,AASLD,poster,observed,2.0
ACET,1720580,"Adicet Bio, Inc.  (ACET)  (CIK 0001720580)",ConferencePresentation,2024-05-08,day,,,sec_edgar,https://www.sec.gov/Archives/edgar/data/1720580/000095017024057429/acet-20240510.htm,"Act. Item 7.01 Regulation FD Disclosure. On May 10, 2024, Adicet Bio, Inc. (the Company) presented at the 27th Annual Meeting of the American Society of Gene and Cell Therapy (ASGCT ) The Company s presentation was posted to the Presentati",0.75,True,2026-07-12T22:16:36Z,ASGCT,unspecified,observed,2.0
ACET,1720580,"Adicet Bio, Inc.  (ACET)  (CIK 0001720580)",ConferencePresentation,2024-06-14,day,,,sec_edgar,https://www.sec.gov/Archives/edgar/data/1720580/000095017024095744/acet-ex99_1.htm,"e the Phase 1 clinical trial of ADI-270 in RCC patients in the fourth quarter of 2024 and present preliminary clinical data from the study in the first half of 2025, subject to site initiation and patient enrollment. Presentation of preclin",0.75,True,2026-07-12T22:12:13Z,EHA,poster,observed,2.0
ACET,1720580,"Adicet Bio, Inc.  (ACET)  (CIK 0001720580)",ConferencePresentation,2024-11-18,day,,,sec_edgar,https://www.sec.gov/Archives/edgar/data/1720580/000095017024122244/acet-ex99_1.htm,"at the American College of Rheumatology (ACR) Convergence 2024. In November 2024, Adicet will present an oral abstract highlighting previously presented ADI-001 clinical biomarker data at ACR Convergence 2024 taking place November 14-19 in",0.75,True,2026-07-12T22:18:50Z,ACR,oral,observed,2.0
ACET,1720580,"Adicet Bio, Inc.  (ACET)  (CIK 0001720580)",ConferencePresentation,2025-05-15,day,,,sec_edgar,https://www.sec.gov/Archives/edgar/data/1720580/000095017025064423/acet-ex99_1.htm,data at the American Society of Gene and Cell Therapy (ASGCT) 28th Annual Meeting. Adicet will present an oral abstract highlighting strong preclinical data demonstrating ADI-270 s anti-tumor activity in hematologic and solid tumor models a,0.75,True,2026-07-12T22:12:58Z,ASGCT,oral,observed,2.0
ACET,1720580,"Adicet Bio, Inc.  (ACET)  (CIK 0001720580)",ConferencePresentation,2025-11-07,day,,,sec_edgar,https://www.sec.gov/Archives/edgar/data/1720580/000095017025034580/acet-ex99_1.htm,"for Immunotherapy of Cancer (SITC) 2025 Spring Scientific Meeting. In March 2025, Adicet will present two posters highlighting ADI-270 preclinical data at the SITC 2025 Spring Scientific Meeting taking place March 12-14 in San Diego, CA. C",0.75,True,2026-07-12T22:13:05Z,SITC,unspecified,observed,2.0
ACRV,1781174,"Acrivon Therapeutics, Inc.  (ACRV)  (CIK 0001781174)",ConferencePresentation,2024-04-09,day,,,sec_edgar,https://www.sec.gov/Archives/edgar/data/1781174/000095017024037627/acrv-ex99_1.htm,"as demonstrated in head-to-head benchmark studies. At the upcoming annual AACR meeting we will present data demonstrating the central role of our AP3 platform for the rapid, rational drug discovery of ACR-2316, and the clinical development",0.75,True,2026-07-12T22:10:14Z,AACR,unspecified,observed,2.0
ACTU,1652935,"ACTUATE THERAPEUTICS, INC.  (ACTU)  (CIK 0001652935)",ConferencePresentation,2025-06-02,day,,,sec_edgar,https://www.sec.gov/Archives/edgar/data/1652935/000168316825004258/actuate_8k.htm,/nab-paclitaxel ( GnP ) in first-line treatment of metastatic pancreatic cancer ( mPDAC ) presented at the American Society of Clinical Oncology 2025 Annual Meeting ( ASCO 2025 Presentation ). The KOL Event featured a fireside discussion mo,0.75,True,2026-07-12T21:59:32Z,ASCO,unspecified,observed,2.0
ADAG,1818838,Adagene Inc.  (ADAG)  (CIK 0001818838),ConferencePresentation,2025-06-02,day,,,sec_edgar,https://www.sec.gov/Archives/edgar/data/1818838/000141057825001700/adag-20250812xex99d1.htm,"later this year. PIPELINE HIGHLIGHTS ADG126 - Phase 1b/2 data and regulatory update: 1 As presented at the 2025 American Society of Clinical Oncology (ASCO) Annual Meeting (Poster #248), mOS for the 10 mg/kg cohorts was 19.4 months in micro",0.75,True,2026-07-12T22:01:36Z,ASCO,poster,observed,2.0
ADAG,1818838,Adagene Inc.  (ADAG)  (CIK 0001818838),ConferencePresentation,2026-04-21,day,,,sec_edgar,https://www.sec.gov/Archives/edgar/data/1818838/000110465926038618/tm2527488d2_ex99-1.htm,"so helps to establish muzastotug as a foundational combination backbone. At AACR, we will showcase this potential with data from triplet regimens combining with fruquintinib in 3L+ MSS CRC, alongside results from the Morpheus Liver study ev",0.75,True,2026-07-12T22:10:59Z,AACR,unspecified,observed,2.0
ADCT,1771910,ADC Therapeutics SA  (ADCT)  (CIK 0001771910),ConferencePresentation,2024-12-09,day,,,sec_edgar,https://www.sec.gov/Archives/edgar/data/1771910/000162828024045995/adct-20240930pressrelease.htm,anticipated by end of 2024 Updated ZYNLONTA Phase 2 IIT data in indolent lymphomas to be presented at the 66 th annual American Society of Hematology Annual Meeting in December 2024 Discontinuing ADCT-601 program and prioritizing exatecan-,0.75,True,2026-07-12T22:03:17Z,ASH,unspecified,observed,2.0
ADCT,1771910,ADC Therapeutics SA  (ADCT)  (CIK 0001771910),ConferencePresentation,2025-04-25,day,,,sec_edgar,https://www.sec.gov/Archives/edgar/data/1771910/000162828025015057/adct-20241231pressrelease.htm,th plans to engage regulatory agencies and evaluate compendia strategies. Abstracts to be presented in oral and poster presentations in April at AACR 2025 . An abstract on the Company s Claudin-6 targeting ADC was accepted for oral presenta,0.75,True,2026-07-12T22:03:15Z,AACR,oral,observed,2.0
AEON,1837607,"AEON Biopharma, Inc.  (AEON)  (CIK 0001837607)",ConferencePresentation,2026-04-21,day,,,sec_edgar,https://www.sec.gov/Archives/edgar/data/1837607/000183760726000018/aeon-20260330xex99d1.htm,"nsactions, and business development across emerging growth and publicly traded companies. Abstract Accepted for Presentation at 2026 American Academy of Neurology (AAN) Annual Meeting o Also in March 2026, AEON announced a poster presentati",0.75,True,2026-07-12T22:15:11Z,AAN,poster,observed,2.0
AGIO,1439222,"AGIOS PHARMACEUTICALS, INC.  (AGIO)  (CIK 0001439222)",ConferencePresentation,2024-06-14,day,,,sec_edgar,https://www.sec.gov/Archives/edgar/data/1439222/000119312525004943/d131665dex991.htm,alassemia: Presented positive results from the ENERGIZE and ENERGIZE-T Phase 3 trials evaluating mitapivat versus placebo in adults with non-transfusion-dependen,0.75,True,2026-07-12T22:04:27Z,EHA,unspecified,observed,2.0
AGIO,1439222,"AGIOS PHARMACEUTICALS, INC.  (AGIO)  (CIK 0001439222)",ConferencePresentation,2025-06-12,day,,,sec_edgar,https://www.sec.gov/Archives/edgar/data/1439222/000143922225000087/agio-073125xfyxex991earnin.htm,"AG-236 , an siRNA targeting TMPRSS6 intended for the treatment of polycythemia vera (PV). Presented new data on mitapivat and tebapivat at the 30th European Hematology Association Congress. A total of 14 presentations and publications, led",0.75,True,2026-07-12T22:12:10Z,EHA,unspecified,observed,2.0
ALEC,1653087,"Alector, Inc.  (ALEC)  (CIK 0001653087)",ConferencePresentation,2024-07-29,day,,,sec_edgar,https://www.sec.gov/Archives/edgar/data/1653087/000095017024055652/alec-ex99_1.htm,"nt neurodegenerative diseases, including AD and Parkinson s disease. Alector and GSK plan to present a poster on the design of the AL101 Phase 2 trial at the Alzheimer's Association International Conference 2024 (AAIC ) in Philadelphia from",0.75,True,2026-07-12T22:16:06Z,AAIC,poster,observed,2.0
ALEC,1653087,"Alector, Inc.  (ALEC)  (CIK 0001653087)",ConferencePresentation,2025-04-01,day,,,sec_edgar,https://www.sec.gov/Archives/edgar/data/1653087/000095017025027734/alec-ex99_1.htm,"ms, as well as advancements in ABC. TREM2 Program (AL002) On April 5, 2025, Alector plans to present the results from the INVOKE-2 Phase 2 clinical trial, which evaluated the safety and efficacy of AL002, a TREM2 agonist, in individuals wit",0.75,True,2026-07-12T22:26:10Z,ADPD,oral,observed,2.0
ALGS,1799448,"Aligos Therapeutics, Inc.  (ALGS)  (CIK 0001799448)",ConferencePresentation,2024-06-05,day,,,sec_edgar,https://www.sec.gov/Archives/edgar/data/1799448/000117184324002612/exh_991.htm,s planning to dose for up to 96 weeks. Additional interim data readouts are planned to be presented this year at the following conferences: European Association for the Study of the Liver (EASL) and American Association for the Study of Liv,0.75,True,2026-07-12T22:18:05Z,EASL,unspecified,observed,2.0
ALGS,1799448,"Aligos Therapeutics, Inc.  (ALGS)  (CIK 0001799448)",ConferencePresentation,2024-11-18,day,,,sec_edgar,https://www.sec.gov/Archives/edgar/data/1799448/000117184324006057/exh_991.htm,s expected to dose for up to 96 weeks. Additional interim data readouts are planned to be presented this year at the American Association for the Study of Liver Disease s (AASLD) The Liver Meeting (TLM) 2024 Received positive feedback from,0.75,True,2026-07-12T22:17:04Z,AASLD,unspecified,observed,2.0
ALGS,1799448,"Aligos Therapeutics, Inc.  (ALGS)  (CIK 0001799448)",ConferencePresentation,2026-05-30,day,,,sec_edgar,https://www.sec.gov/Archives/edgar/data/1799448/000117184326003156/exh_991.htm,eted in the Phase 1 study (NCT04536337) with long-term post-treatment data expected to be presented at the upcoming European Association for the Study of the Liver (EASL) 2026 Congress. The Company entered into an exclusive license deal wit,0.75,True,2026-07-12T22:18:11Z,EASL,unspecified,observed,2.0
ALLO,1737287,"Allogene Therapeutics, Inc.  (ALLO)  (CIK 0001737287)",ConferencePresentation,2025-06-02,day,,,sec_edgar,https://www.sec.gov/Archives/edgar/data/1737287/000173728725000087/allo-20250630xexx991q225.htm,ase 1 TRAVERSE Trial with ALLO-316 in Renal Cell Carcinoma (RCC) Updated Phase 1B Results Presented at ASCO 2025 Highlighted Clinical Responses and the Potential of the Dagger Technology Platform to Drive Robust Expansion and Persistence of,0.75,True,2026-07-12T22:00:59Z,ASCO,unspecified,observed,2.0
ALNY,1178670,"ALNYLAM PHARMACEUTICALS, INC.  (ALNY)  (CIK 0001178670)",ConferencePresentation,2024-04-07,day,,,sec_edgar,https://www.sec.gov/Archives/edgar/data/1178670/000115752324000253/a53896787ex99_1.htm,"nylam announces today that results from the KARDIA-2 Phase 2 study of zilebesiran will be presented in a Late-Breaker presentation at the American College of Cardiology Scientific Sessions 2024 on April 7, 2024 in Atlanta, Georgia. In early",0.75,True,2026-07-12T22:22:51Z,ACC,late-breaking,observed,2.0
ALNY,1178670,"ALNYLAM PHARMACEUTICALS, INC.  (ALNY)  (CIK 0001178670)",ConferencePresentation,2024-11-16,day,,,sec_edgar,https://www.sec.gov/Archives/edgar/data/1178670/000117867024000052/alny2024q3earningsrelease.htm,cience magazine as a Top Employer for the sixth consecutive year. Upcoming Events Alnylam will present additional findings from the ongoing Phase 1 study of ALN-TTRsc04 in patients with ATTR amyloidosis at the American Heart Association Sci,0.75,True,2026-07-12T22:22:49Z,AHA,unspecified,observed,2.0
ALNY,0001178670,"ALNYLAM PHARMACEUTICALS, INC.  (ALNY)  (CIK 0001178670)",ConferencePresentation,2024-12-09,day,,,sec_edgar,https://www.sec.gov/Archives/edgar/data/1178670/000117867025000020/alny2024q4earningsrelease.htm,"be webcast live on the Investors section of the Company s website, www.alnylam.com, will showcase Alnylam s robust pipeline com",0.75,True,2026-07-24T12:09:54Z,ASH,unspecified,observed,
ALNY,1178670,"ALNYLAM PHARMACEUTICALS, INC.  (ALNY)  (CIK 0001178670)",ConferencePresentation,2025-03-31,day,,,sec_edgar,https://www.sec.gov/Archives/edgar/data/1178670/000117867025000050/alny2025q1earningsrelease.htm,"health agencies including the Japanese Pharmaceuticals and Medical Devices Agency (PMDA). Presented new data from HELIOS-B at the American College of Cardiology Scientific Session 2025, further supporting vutrisiran s compelling therapeutic",0.75,True,2026-07-12T22:23:03Z,ACC,unspecified,observed,2.0
ALNY,1178670,"ALNYLAM PHARMACEUTICALS, INC.  (ALNY)  (CIK 0001178670)",ConferencePresentation,2025-11-11,day,,,sec_edgar,https://www.sec.gov/Archives/edgar/data/1178670/000162828026007491/alny2025q4earningsrelease.htm,"on, respectively, together representing 103% total TTR growth compared to full year 2024. Presented new analyses from the HELIOS-B Phase 3 clinical trial of vutrisiran in patients with ATTR-CM at the American Heart Association Scientific Se",0.75,True,2026-07-12T22:22:53Z,AHA,unspecified,observed,2.0
ALNY,1178670,"ALNYLAM PHARMACEUTICALS, INC.  (ALNY)  (CIK 0001178670)",ConferencePresentation,2025-12-06,day,,,sec_edgar,https://www.sec.gov/Archives/edgar/data/1178670/000117867025000020/alny2024q4earningsrelease.htm,"be webcast live on the Investors section of the Company s website, www.alnylam.com, will showcase Alnylam s robust pipeline com",0.75,True,2026-07-12T22:05:32Z,ASH,unspecified,observed,2.0
ALT,1326190,"Altimmune, Inc.  (ALT)  (CIK 0001326190)",ConferencePresentation,2024-11-18,day,,,sec_edgar,https://www.sec.gov/Archives/edgar/data/1326190/000132619024000053/alt-20241115x8k.htm,"n 13(a) of the Exchange Act. Item 8.01 Other Events On November 15, 2024, Altimmune, Inc. presented data from its 12-week Phase 1b trial of pemvidutide in metabolic dysfunction-associated steatotic liver disease (MASLD) at The Liver Meeting",0.75,True,2026-07-12T22:17:12Z,AASLD,unspecified,observed,2.0
ALT,1326190,"Altimmune, Inc.  (ALT)  (CIK 0001326190)",ConferencePresentation,2026-05-30,day,,,sec_edgar,https://www.sec.gov/Archives/edgar/data/1326190/000132619026000037/alt-20260513xex99d1.htm,rational trial design is aligned with feedback from the FDA and EMA Scientific data to be presented at European Association for the Study of the Liver (EASL) Congress 2026 o A late-breaking oral presentation on the 48-week IMPACT data in MA,0.75,True,2026-07-12T22:18:12Z,EASL,late-breaking,observed,2.0
ALXO,1810182,ALX ONCOLOGY HOLDINGS INC  (ALXO)  (CIK 0001810182),ConferencePresentation,2024-12-10,day,,,sec_edgar,https://www.sec.gov/Archives/edgar/data/1810182/000119312526030561/d68428dex991.htm,"or metastatic HER2-expressing breast cancer and other cancers. The primary trial results, presented at the 2024 San Antonio Breast Cancer Symposium (SABCS), demonstrated that the investigational combination generated promising anti-tumor ac",0.75,True,2026-07-12T22:13:38Z,SABCS,unspecified,observed,2.0
ALXO,1810182,ALX ONCOLOGY HOLDINGS INC  (ALXO)  (CIK 0001810182),ConferencePresentation,2025-04-25,day,,,sec_edgar,https://www.sec.gov/Archives/edgar/data/1810182/000095017025066440/alxo-ex99_1.htm,"b) and lenalidomide (R 2 ) treatment in patients with B-cell non-Hodgkin Lymphoma (B-NHL) presented at the American Association for Cancer Research (AACR) Annual Meeting 2025. The trial was conducted by Paolo Strati, M.D., Associate Profess",0.75,True,2026-07-12T22:10:29Z,AACR,unspecified,observed,2.0
ALXO,0001810182,ALX ONCOLOGY HOLDINGS INC  (ALXO)  (CIK 0001810182),ConferencePresentation,2025-10-24,day,,,sec_edgar,https://www.sec.gov/Archives/edgar/data/1810182/000119312526079342/alxo-ex99_1.htm,"l squamous cell carcinoma (ESCC), and colorectal cancer (CRC). o ALX2004 preclinical data presented at the World ADC 2026 Conference and at the 2025 AACR-NCI-EORTC International Conference on Molecular Targets and Cancer demonstrated potent",0.75,True,2026-07-24T12:09:31Z,ENA,unspecified,observed,
AMGN,318154,AMGEN INC  (AMGN)  (CIK 0000318154),ConferencePresentation,2024-05-23,day,,,sec_edgar,https://www.sec.gov/Archives/edgar/data/318154/000031815424000018/amgn-20240331earningsrelea.htm,"emergent neuroendocrine prostate cancer, is ongoing. Initial data from this study will be presented at the American Society of Clinical Oncology (ASCO) annual meeting in June. Additional data from the DeLLphi-301 Phase 2 trial, highlighting",0.75,True,2026-07-12T22:24:07Z,ASCO,unspecified,observed,2.0
AMGN,318154,AMGEN INC  (AMGN)  (CIK 0000318154),ConferencePresentation,2024-09-16,day,,,sec_edgar,https://www.sec.gov/Archives/edgar/data/318154/000031815424000033/amgn-20240630earningsrelea.htm,"g first-in-human trial, including longer follow-up and overall survival on the previously presented dose-escalation and initial results from dose AMGEN REPORTS SECOND QUARTER 2024 FINANCIAL RESULTS Page 9 optimization, will be presented at",0.75,True,2026-07-12T22:08:30Z,ESMO,unspecified,observed,2.0
AMGN,318154,AMGEN INC  (AMGN)  (CIK 0000318154),ConferencePresentation,2024-11-18,day,,,sec_edgar,https://www.sec.gov/Archives/edgar/data/318154/000031815424000042/amgn-20240930earningsrelea.htm,on in patients with uncontrolled gout receiving methotrexate as co-administration will be presented at the American College of Rheumatology Convergence (ACR) in November. UPLIZNA The Company recently presented results of the Phase 3 MINT cl,0.75,True,2026-07-12T22:19:15Z,ACR,unspecified,observed,2.0
AMGN,318154,AMGEN INC  (AMGN)  (CIK 0000318154),ConferencePresentation,2026-04,month,,,sec_edgar,https://www.sec.gov/Archives/edgar/data/318154/000031815426000003/amgn-20251231earningsrelea.htm,"MACE). reduced the risk of heart attack by 36%. Further analysis from VESALIUS-CV will be presented on the subgroup of patients without significant atherosclerosis at the upcoming American College of Cardiology in March 2026. EVOLVE-MI, a P",0.55,True,2026-07-12T22:22:56Z,ACC,unspecified,projected,2.0
AMRN,897448,AMARIN CORP PLC\UK  (AMRN)  (CIK 0000897448),ConferencePresentation,2024-04-07,day,,,sec_edgar,https://www.sec.gov/Archives/edgar/data/897448/000095017024088234/amrn-ex99_1.htm,"oduct for its Commercial national formularies and has transitioned VASCEPA to not covered Presented new data, including subgroup analyses from the landmark REDUCE-IT outcomes trial and mechanistic data on icosapent ethyl (IPE)/eicosapentaen",0.75,True,2026-07-12T22:23:13Z,ACC,unspecified,observed,2.0
ANAB,1370053,"ANAPTYSBIO, INC  (ANAB)  (CIK 0001370053)",ConferencePresentation,2024-03-11,day,,,sec_edgar,https://www.sec.gov/Archives/edgar/data/1370053/000137005324000026/q12024earningsrelease.htm,ted registrational endpoint that enables more relevant comparisons to benchmark therapies Presented posters on previously reported ANB032 preclinical data supporting the modulation of dendritic cell (DC) maturation and function and preclini,0.75,True,2026-07-12T22:19:53Z,AAD,poster,observed,2.0
ANAB,1370053,"ANAPTYSBIO, INC  (ANAB)  (CIK 0001370053)",ConferencePresentation,2025-04-25,day,,,sec_edgar,https://www.sec.gov/Archives/edgar/data/1370053/000137005325000045/q12025earningsrelease.htm,ab plus docetaxel Recent data published in The New England Journal of Medicine (NEJM) and presented at American Association for Cancer Research (AACR) demonstrated neoadjuvant treatment with dostarlimab resulted in organ preservation in a h,0.75,True,2026-07-12T22:10:34Z,AACR,unspecified,observed,2.0
ANNX,1528115,"Annexon, Inc.  (ANNX)  (CIK 0001528115)",ConferencePresentation,2024-05-05,day,,,sec_edgar,https://www.sec.gov/Archives/edgar/data/1528115/000119312524133086/d825274dex991.htm,EX-99.1 2 d825274dex991.htm EX-99.1 EX-99.1 Exhibit 99.1 Annexon Presents New Neuroprotection Data Showing ANX007 Protects Vision and Vision-Associated Structures in Geographic Atrophy at ARVO 2024 Annual Meeting AN,0.75,True,2026-07-12T22:24:37Z,ARVO,unspecified,observed,2.0
ANNX,1528115,"Annexon, Inc.  (ANNX)  (CIK 0001528115)",ConferencePresentation,2025-04-09,day,,,sec_edgar,https://www.sec.gov/Archives/edgar/data/1528115/000095017025030824/annx-ex99_1.htm,"munoglobulin (IVIg) strengthening the safety profile for ANX005 in GBS Phase 3 data to be featured in an oral presentation on Tuesday, April 8 at the upcoming American Academy of Neurology (AAN) 2025 Annual Meeting taking place April 5 9, 2",0.75,True,2026-07-12T22:15:40Z,AAN,oral,observed,2.0
ANNX,1528115,"Annexon, Inc.  (ANNX)  (CIK 0001528115)",ConferencePresentation,2025-05-09,day,,,sec_edgar,https://www.sec.gov/Archives/edgar/data/1528115/000095017025069156/annx-ex99_1.htm,ant preservation of vision and central retinal photoreceptors necessary for visual acuity presented at the 2025 Association for Research in Vision and Ophthalmology (ARVO) Annual Meeting and at the 2025 Retina World Congress. Next Milestone,0.75,True,2026-07-12T22:24:40Z,ARVO,unspecified,observed,2.0
APRE,0001781983,"Aprea Therapeutics, Inc.  (APRE)  (CIK 0001781983)",ConferencePresentation,2023-06-05,day,,,sec_edgar,https://www.sec.gov/Archives/edgar/data/1781983/000110465926002490/apre-20260109xex99d1.htm,"Tumors: Safety, Pharmacokinetic, and Preliminary Antitumor Activity Data"" (Poster session presented at the annual meeting of the American Society of Clinical Oncology (ASCO), Chicago, IL, June 3 7, 2023) 5. Zentalis deck - Azenosertib Clini",0.75,True,2026-07-24T12:06:33Z,ASCO,poster,observed,
APRE,1781983,"Aprea Therapeutics, Inc.  (APRE)  (CIK 0001781983)",ConferencePresentation,2024-05-23,day,,,sec_edgar,https://www.sec.gov/Archives/edgar/data/1781983/000110465926002490/apre-20260109xex99d1.htm,"Tumors: Safety, Pharmacokinetic, and Preliminary Antitumor Activity Data"" (Poster session presented at the annual meeting of the American Society of Clinical Oncology (ASCO), Chicago, IL, June 3 7, 2023) 5. Zentalis deck - Azenosertib Clini",0.75,True,2026-07-12T22:02:07Z,ASCO,poster,observed,2.0
APRE,1781983,"Aprea Therapeutics, Inc.  (APRE)  (CIK 0001781983)",ConferencePresentation,2025-10-24,day,,,sec_edgar,https://www.sec.gov/Archives/edgar/data/1781983/000110465925102004/apre-20251024xex99d1.htm,"150 mg cohort Preliminary results from ACESOT-1051 trial through September 17, 2025 to be featured in poster presentation today at the AACR-NCI-EORTC International Conference on Molecular Targets and Cancer Therapeutics DOYLESTOWN, PA, Octo",0.75,True,2026-07-12T22:27:11Z,ENA,poster,observed,2.0
APVO,1671584,Aptevo Therapeutics Inc.  (APVO)  (CIK 0001671584),ConferencePresentation,2024-09-16,day,,,sec_edgar,https://www.sec.gov/Archives/edgar/data/1671584/000095017025020465/apvo-ex99_1.htm,"ity, a common and often dose limiting side effect seen in similar treatments The data was presented at both the European Society for Medical Oncology Congress and the Society for Immunotherapy of Cancer Conference in 2024 We are thrilled wi",0.75,True,2026-07-12T22:04:45Z,ESMO,unspecified,observed,2.0
APVO,1671584,Aptevo Therapeutics Inc.  (APVO)  (CIK 0001671584),ConferencePresentation,2025-12-06,day,,,sec_edgar,https://www.sec.gov/Archives/edgar/data/1671584/000095017025072594/apvo-ex99_1.htm,"t yet recovered CRi. The Company anticipates providing multiple data readouts in 2025 and to present results at the American Society of Hematology meeting in the fourth quarter. 2 About Mipletamig Mipletamig, a differentiated by design CD12",0.75,True,2026-07-12T22:04:17Z,ASH,unspecified,observed,2.0
AQST,1398733,"Aquestive Therapeutics, Inc.  (AQST)  (CIK 0001398733)",ConferencePresentation,2024-10-24,day,,,sec_edgar,https://www.sec.gov/Archives/edgar/data/1398733/000162828024043761/aquestivetherapeutics-ac.htm,apeutics-ac Aquestive Therapeutics to Present Subsequent Analysis of Pivotal Study for Anaphylm (epinephrine) Sublingual Film Demonstrating Comparable PK and PD Data to Epinephrine Inje,0.75,True,2026-07-12T22:20:41Z,ACAAI,unspecified,observed,2.0
ARGX,1697862,ARGENX SE  (ARGX)  (CIK 0001697862),ConferencePresentation,2026-04-21,day,,,sec_edgar,https://www.sec.gov/Archives/edgar/data/1697862/000110465926024353/tm267960d1_ex99-1.htm,EX-99.1 2 tm267960d1_ex99-1.htm EXHIBIT 99.1 Exhibit 99.1 argenx to Present New Data at 2026 AAN Annual Meeting that Continue to Transform Patient Outcomes in MG and CIDP and Build Upon Strength of Pipeline Positive,0.75,True,2026-07-12T22:15:51Z,AAN,unspecified,observed,2.0
ARVN,1655759,"ARVINAS, INC.  (ARVN)  (CIK 0001655759)",ConferencePresentation,2024-12-10,day,,,sec_edgar,https://www.sec.gov/Archives/edgar/data/1655759/000165575924000128/arvn-20241030xexx991.htm,from Phase 1 2 TACTIVE-U sub-study of abemaciclib in combination with vepdegestrant to be presented at San Antonio Breast Cancer Symposium in December 2024 Recently presented new preclinical data for the PROTAC LRRK2 degrader ARV-102 demons,0.75,True,2026-07-12T22:13:37Z,SABCS,unspecified,observed,2.0
ARVN,1655759,"ARVINAS, INC.  (ARVN)  (CIK 0001655759)",ConferencePresentation,2025-04-25,day,,,sec_edgar,https://www.sec.gov/Archives/edgar/data/1655759/000165575925000136/arvn-20250630xexx991.htm,lapsed refractory non-Hodgkin lymphoma (NHL) (ClinicalTrials.gov Identifier NCT06393738). Presented new preclinical data at the 2025 American Association for Cancer Research (AACR) annual meeting and the European Hematology Association (EHA,0.75,True,2026-07-12T22:06:37Z,AACR,unspecified,observed,2.0
ARVN,1655759,"ARVINAS, INC.  (ARVN)  (CIK 0001655759)",ConferencePresentation,2025-06-02,day,,,sec_edgar,https://www.sec.gov/Archives/edgar/data/1655759/000165575925000141/vepdegestrantndaacceptan.htm,se 3 clinical trial evaluating vepdegestrant versus fulvestrant. These data were recently presented at the American Society of Clinical Oncology (ASCO) 2025 Annual Meeting and were simultaneously published in The New England Journal of Medi,0.75,True,2026-07-12T21:59:17Z,ASCO,unspecified,observed,2.0
ARVN,1655759,"ARVINAS, INC.  (ARVN)  (CIK 0001655759)",ConferencePresentation,2025-06-12,day,,,sec_edgar,https://www.sec.gov/Archives/edgar/data/1655759/000165575925000103/ehadatarelease61325.htm,"EX-99.1 2 ehadatarelease61325.htm EX-99.1 ehadatarelease61325 Exhibit 99.1 Arvinas Presents Preclinical Data for PROTAC BCL6 Degrader, ARV-393, at the European Hematology Association 2025 Congress ARV-393 demonstrated significant sin",0.75,True,2026-07-12T22:11:40Z,EHA,unspecified,observed,2.0
ARVN,1655759,"ARVINAS, INC.  (ARVN)  (CIK 0001655759)",ConferencePresentation,2025-10-17,day,,,sec_edgar,https://www.sec.gov/Archives/edgar/data/1655759/000162828025045445/arvn-20251020.htm,"data from the Phase 3 VERITAC-2 clinical trial evaluating vepdegestrant. These data were presented in a mini oral session at the 2025 European Society for Medical Oncology Congress (""ESMO 2025""). The full text of the press release issued i",0.75,True,2026-07-12T22:06:31Z,ESMO,oral,observed,2.0
ARVN,1655759,"ARVINAS, INC.  (ARVN)  (CIK 0001655759)",ConferencePresentation,2025-10-24,day,,,sec_edgar,https://www.sec.gov/Archives/edgar/data/1655759/000162828026010865/q42025earningsrelease.htm,"ss of Parkinson s Disease and Movement Disorders. ARV-806 Novel PROTAC KRAS G12D degrader Presented preclinical data for ARV-806, demonstrating robust and differentiated activity in models of KRAS G12D-mutated cancer, at the 2025 AACR-NCI-E",0.75,True,2026-07-12T22:05:30Z,ENA,oral,observed,2.0
ARVN,1655759,"ARVINAS, INC.  (ARVN)  (CIK 0001655759)",ConferencePresentation,2025-12-06,day,,,sec_edgar,https://www.sec.gov/Archives/edgar/data/1655759/000162828025055682/arvn-ashxpressxreleasexf.htm,99.1 2 arvn-ashxpressxreleasexf.htm EX-99.1 arvn-ashxpressxreleasexf Exhibit 99.1 Arvinas Presents Preclinical Data Supporting Mechanistic Synergies and Enhanced Antitumor Activity with the Combination of ARV-393 and Glofitamab at the 2025,0.75,True,2026-07-12T22:02:43Z,ASH,unspecified,observed,2.0
ARVN,1655759,"ARVINAS, INC.  (ARVN)  (CIK 0001655759)",ConferencePresentation,2026-04-21,day,,,sec_edgar,https://www.sec.gov/Archives/edgar/data/1655759/000162828026033875/q12026earningsrelease.htm,ningful functional improvements and extended survival. ARV-6723 Oral PROTAC HPK1 degrader Presented preclinical data at the American Association for Cancer Research (AACR) Immuno-Oncology Conference that we believe support clinical investig,0.75,True,2026-07-12T22:11:11Z,AACR,unspecified,observed,2.0
ARWR,879407,"ARROWHEAD PHARMACEUTICALS, INC.  (ARWR)  (CIK 0000879407)",ConferencePresentation,2023-11-12,day,,,sec_edgar,https://www.sec.gov/Archives/edgar/data/879407/000162828024003488/arwr-20240206x8kex9911.htm,"g underwriting discounts, commissions, and other offering expenses payable by the company Presented data on cardiometabolic pipeline at the American Heart Association Scientific Sessions in November 2023 Presented new Phase 2 clinical data",0.75,True,2026-07-12T22:22:25Z,AHA,unspecified,observed,2.0
ARWR,879407,"ARROWHEAD PHARMACEUTICALS, INC.  (ARWR)  (CIK 0000879407)",ConferencePresentation,2024-11-16,day,,,sec_edgar,https://www.sec.gov/Archives/edgar/data/879407/000162828025004637/arwr-202502108kex991.htm,from the Phase 2 MUIR and SHASTA-2 studies of investigational plozasiran. These data were presented in two oral presentations at the American Heart Association Scientific Sessions 2024 (AHA24) and PALISADE data was simultaneously published,0.75,True,2026-07-12T22:22:17Z,AHA,oral,observed,2.0
ASMB,1426800,"ASSEMBLY BIOSCIENCES, INC.  (ASMB)  (CIK 0001426800)",ConferencePresentation,2024-06-05,day,,,sec_edgar,https://www.sec.gov/Archives/edgar/data/1426800/000095017024055650/asmb-ex99_1.htm,"oral, small molecule HBV/hepatitis delta virus (HDV) entry inhibitor candidate, has been accepted for poster presentation at the European Association for the Study of the Liver (EASL) Congress TM 2024, June 5-8, 2024 Anticipated 2024 Miles",0.75,True,2026-07-12T22:18:03Z,EASL,poster,observed,2.0
ASMB,1426800,"ASSEMBLY BIOSCIENCES, INC.  (ASMB)  (CIK 0001426800)",ConferencePresentation,2025-11-10,day,,,sec_edgar,https://www.sec.gov/Archives/edgar/data/1426800/000119312525274235/asmb-ex99_1.htm,"n at the 2025 International HBV meeting Hepatitis B Virus (HBV) o Presented positive data from a Phase 1b study for ABI-4334, a next-generation, highly potent HBV capsid assembly modulator candidate, in a late-breaki",0.75,True,2026-07-12T22:17:20Z,AASLD,late-breaking,observed,2.0
ASMB,1426800,"ASSEMBLY BIOSCIENCES, INC.  (ASMB)  (CIK 0001426800)",ConferencePresentation,2026-05-30,day,,,sec_edgar,https://www.sec.gov/Archives/edgar/data/1426800/000119312526115980/asmb-ex99_1.htm,ABI-5366 and ABI-1179: Multiple abstracts accepted for presentation at the Congress of the European Society of Clinical Microbiology and Infectious Diseases (ESCMID) taking place in,0.75,True,2026-07-12T22:17:18Z,EASL,poster,observed,2.0
ASND,1612042,Ascendis Pharma A/S  (ASND)  (CIK 0001612042),ConferencePresentation,2024-09-16,day,,,sec_edgar,https://www.sec.gov/Archives/edgar/data/1612042/000119312524212183/d854471dex991.htm,"-2 / in combination with chemotherapy in platinum-resistant ovarian cancer (PROC) will be presented later this month at the European Society for Medical Oncology (ESMO) 2024 Congress in Barcelona, Spain. Financial Update and Outlook Based o",0.75,True,2026-07-12T22:07:45Z,ESMO,unspecified,observed,2.0
ASND,1612042,Ascendis Pharma A/S  (ASND)  (CIK 0001612042),ConferencePresentation,2025-11-06,day,,,sec_edgar,https://www.sec.gov/Archives/edgar/data/1612042/000119312525277532/d88973dex991.htm,"H for the treatment of children with hypoparathyroidism, 12 to less than 18 years of age. Presented pooled analysis of 3-year data from PaTHway and PaTH Forward trials at the American Society of Nephrology (ASN) Kidney Week 2025, reinforcin",0.75,True,2026-07-12T22:23:39Z,ASN,unspecified,observed,2.0
ATHE,1131343,"ALTERITY THERAPEUTICS LTD  (ATHE, PRNAF)  (CIK 0001131343)",ConferencePresentation,2024-04-16,day,,,sec_edgar,https://www.sec.gov/Archives/edgar/data/1131343/000121390024015098/ea0200236ex99-1_alterity.htm,EX-99.1 2 ea0200236ex99-1_alterity.htm ALTERITY TO PRESENT NEW DATA AT THE AAN 2024 ANNUAL MEETING Exhibit 99.1 Alterity Therapeutics to Present New Data at the Upcoming American Academy of Neurolog,0.75,True,2026-07-12T22:15:10Z,AAN,unspecified,observed,2.0
ATHE,1131343,"ALTERITY THERAPEUTICS LTD  (ATHE, PRNAF)  (CIK 0001131343)",ConferencePresentation,2025-04-09,day,,,sec_edgar,https://www.sec.gov/Archives/edgar/data/1131343/000121390025030412/ea023779101ex99-1_alterity.htm,EX-99.1 2 ea023779101ex99-1_alterity.htm ALTERITY PRESENTS ENCOURAGING NEW PHASE 2 DATA IN MSA Exhibit 99.1 Alterity Therapeutics Presents Encouraging New Data from its ATH434 Phase 2 Trial in Multipl,0.75,True,2026-07-12T22:15:11Z,AAN,unspecified,observed,2.0
ATOS,1488039,"ATOSSA THERAPEUTICS, INC.  (ATOS)  (CIK 0001488039)",ConferencePresentation,2024-04-09,day,,,sec_edgar,https://www.sec.gov/Archives/edgar/data/1488039/000095017024095097/atos-ex99_1.htm,herapeutics Announces Second Quarter 2024 Financial Results and Provides Corporate Update Presented data showing 100% disease control rate after 24-week treatment with (Z)-Endoxifen in 40mg cohort of Phase 2 EVANGELINE study at the American,0.75,True,2026-07-12T22:10:42Z,AACR,unspecified,observed,2.0
ATOS,1488039,"ATOSSA THERAPEUTICS, INC.  (ATOS)  (CIK 0001488039)",ConferencePresentation,2024-12-10,day,,,sec_edgar,https://www.sec.gov/Archives/edgar/data/1488039/000095017024134779/atos-ex99_1.htm,"EX-99.1 2 atos-ex99_1.htm EX-99.1 EX-99.1 Atossa Therapeutics to Present Pharmacokinetic and Tolerability Data from Phase 2 EVANGELINE Trial at the 2024 San Antonio Breast Cancer Symposium SEATTLE, December 10, 2",0.75,True,2026-07-12T22:13:34Z,SABCS,unspecified,observed,2.0
ATRA,1604464,"Atara Biotherapeutics, Inc.  (ATRA)  (CIK 0001604464)",ConferencePresentation,2023-10-23,day,,,sec_edgar,https://www.sec.gov/Archives/edgar/data/1604464/000095017024037643/atra-ex99_1.htm,"olerated with no events of graft-versus-host disease related to tab-cel Positive new data presented at the 2023 ESMO-IO meeting from the actively enrolling, multicohort Phase 2 EBVision trial with a pooled analysis demonstrated a 77.8% ORR",0.75,True,2026-07-12T22:24:56Z,ESMO,unspecified,observed,2.0
AURA,1501796,"Aura Biosciences, Inc.  (AURA)  (CIK 0001501796)",ConferencePresentation,2024-05-05,day,,,sec_edgar,https://www.sec.gov/Archives/edgar/data/1501796/000095017024056252/aura-ex99_1.htm,and Europe annually. Positive preclinical data evaluating bel-sar in this indication were presented at the Association for Research in Vision and Ophthalmology (ARVO) 2024 Annual Meeting. These preclinical data demonstrate that binding of b,0.75,True,2026-07-12T22:24:41Z,ARVO,unspecified,observed,2.0
AUTL,1730463,Autolus Therapeutics plc  (AUTL)  (CIK 0001730463),ConferencePresentation,2023-06-05,day,,,sec_edgar,https://www.sec.gov/Archives/edgar/data/1730463/000173046324000007/pr22jan2024.htm,"on data from the Pivotal Phase 2 FELIX study of obe-cel in adult r/r B-ALL. The data were presented at the 2023 American Society of Clinical Oncology (ASCO) Annual Meeting in June 2023, with updated data presented at the Annual Meeting of t",0.75,True,2026-07-12T21:58:57Z,ASCO,unspecified,observed,2.0
AUTL,1730463,Autolus Therapeutics plc  (AUTL)  (CIK 0001730463),ConferencePresentation,2024-05-23,day,,,sec_edgar,https://www.sec.gov/Archives/edgar/data/1730463/000173046324000070/autl-20240531.htm,"e. On May 31, 2024, Autolus Therapeutics plc issued a press release announcing data being presented at the 2024 American Society of Clinical Oncology (ASCO) Annual Meeting, including longer-term follow-up and additional data analysis from t",0.75,True,2026-07-12T21:58:42Z,ASCO,unspecified,observed,2.0
AUTL,1730463,Autolus Therapeutics plc  (AUTL)  (CIK 0001730463),ConferencePresentation,2024-06-14,day,,,sec_edgar,https://www.sec.gov/Archives/edgar/data/1730463/000173046324000088/autlex-991pr080824.htm,"te November 16, 2024 Longer follow up and subset analyses from pivotal FELIX Phase 2 data presented at ASCO and EHA; majority of responders showed durable responses; 40% of patients in ongoing remission without subsequent stem cell transpla",0.75,True,2026-07-12T22:04:34Z,EHA,unspecified,observed,2.0
AUTL,0001730463,Autolus Therapeutics plc  (AUTL)  (CIK 0001730463),ConferencePresentation,2024-12-09,day,,,sec_edgar,https://www.sec.gov/Archives/edgar/data/1730463/000173046325000010/autlex-991pr200325.htm,"(NICE), and a decision is expected at the time of a potential MHRA approval o Autolus has presented updated data on obe-cel in adult ALL at the Society of Hematologic Oncology (SOHO) meeting in August 2024, the Lymphoma, Leukemia Myeloma Co",0.75,True,2026-07-24T12:09:48Z,ASH,unspecified,observed,
AUTL,1730463,Autolus Therapeutics plc  (AUTL)  (CIK 0001730463),ConferencePresentation,2025-06-12,day,,,sec_edgar,https://www.sec.gov/Archives/edgar/data/1730463/000173046325000064/autlex-991pr120825.htm,om the FELIX trial demonstrating obe-cel's potential for long-term remission in r/r B-ALL presented at the 2025 European Hematology Association (EHA) Congress Company is on track to initiate Phase 2 pivotal clinical trial in lupus nephritis,0.75,True,2026-07-12T22:11:57Z,EHA,unspecified,observed,2.0
AUTL,1730463,Autolus Therapeutics plc  (AUTL)  (CIK 0001730463),ConferencePresentation,2025-10-28,day,,,sec_edgar,https://www.sec.gov/Archives/edgar/data/1730463/000173046325000081/autlex-991pr121125.htm,"X-99.1 Obe-cel in lupus nephritis (LN) Data from the Phase 1 CARLYSLE clinical trial were presented on October 28, 2025, at the American College of Rheumatology (ACR) Convergence 2025. Data in severe refractory systemic lupus erythematosus",0.75,True,2026-07-12T22:02:58Z,ACR,unspecified,observed,2.0
AUTL,0001730463,Autolus Therapeutics plc  (AUTL)  (CIK 0001730463),ConferencePresentation,2025-12-06,day,,,sec_edgar,https://www.sec.gov/Archives/edgar/data/1730463/000173046326000012/autlex-991pr120126.htm,e ROCCA consortium collected real-world data for AUCATZYL in adult r/r B-ALL patients and presented initial data at ASH 2025. The real-world data confirmed a high level of clinical activity and a favorable safety profile for AUCATZYL consis,0.75,True,2026-07-24T12:08:21Z,ASH,unspecified,observed,
AVBP,1868279,"ArriVent Biopharma, Inc.  (AVBP)  (CIK 0001868279)",ConferencePresentation,2024-04-09,day,,,sec_edgar,https://www.sec.gov/Archives/edgar/data/1868279/000110465924040532/tm249692d1_ex99-1.htm,"ib at the 2024 American Association for Cancer Research ( AACR ) Annual Meeting. ArriVent will present preclinical data evaluating furmonertinib in NSCLC with EGFR exon 20 insertion mutations and PACC mutations at the AACR Annual Meeting, b",0.75,True,2026-07-12T22:09:56Z,AACR,unspecified,observed,2.0
AVBP,1868279,"ArriVent BioPharma, Inc.  (AVBP)  (CIK 0001868279)",ConferencePresentation,2024-09-09,day,,,sec_edgar,https://www.sec.gov/Archives/edgar/data/1868279/000155837024015622/avbp-20241114xex99d1.htm,"nertinib Positive proof-of-concept data in EGFR PACC mutant NSCLC. In September, ArriVent presented interim FURTHER Phase 1b clinical data for first-line firmonertinib monotherapy in patients with EGFR PACC mutant NSCLC during the President",0.75,True,2026-07-12T22:14:16Z,WCLC,unspecified,observed,2.0
AVBP,1868279,"ArriVent BioPharma, Inc.  (AVBP)  (CIK 0001868279)",ConferencePresentation,2025-09,month,,,sec_edgar,https://www.sec.gov/Archives/edgar/data/1868279/000155837025010974/avbp-20250811xex99d1.htm,"date the therapeutic potential of firmonertinib across EGFR mutations. We look forward to presenting final PACC Phase 1b data at the World Conference on Lung Cancer in September, and we anticipate enrolling the first patient in our global p",0.55,True,2026-07-12T22:14:19Z,WCLC,unspecified,projected,2.0
AVBP,1868279,"ArriVent BioPharma, Inc.  (AVBP)  (CIK 0001868279)",ConferencePresentation,2026-04-21,day,,,sec_edgar,https://www.sec.gov/Archives/edgar/data/1868279/000110465926058638/avbp-20260511xex99d1.htm,"olerability vs. single-target or bivalent approaches in preclinical ovarian cancer models presented at AACR Cash and investments of $326.4 million as of March 31, 2026 expected to fund operations into 4Q 2027 NEWTOWN SQUARE, PA, May 11, 202",0.75,True,2026-07-12T22:09:10Z,AACR,unspecified,observed,2.0
AVIR,1593899,"Atea Pharmaceuticals, Inc.  (AVIR)  (CIK 0001593899)",ConferencePresentation,2024-06-05,day,,,sec_edgar,https://www.sec.gov/Archives/edgar/data/1593899/000119312524138249/d798777dex991.htm,"s 2H 24 Multiple Presentations Showcasing Preclinical and New Phase 2 Efficacy Data to be Presented at European Association for the Study of the Liver (EASL) Congress 2024 Conference Call at 4:30 pm ET Today BOSTON, Mass., May 14, 2024 Atea",0.75,True,2026-07-12T22:18:24Z,EASL,unspecified,observed,2.0
AVIR,1593899,"Atea Pharmaceuticals, Inc.  (AVIR)  (CIK 0001593899)",ConferencePresentation,2024-11-18,day,,,sec_edgar,https://www.sec.gov/Archives/edgar/data/1593899/000119312524253143/d841992dex991.htm,s C Virus (HCV) Study (N=275) Expected Q4 24 New Data Supportive of HCV Combination to be Presented at the American Association for the Study of Liver Diseases (AASLD s) The Liver Meeting 2024 Pharmacokinetic Data for Bemnifosbuvir to be Pr,0.75,True,2026-07-12T22:17:06Z,AASLD,unspecified,observed,2.0
AVIR,1593899,"Atea Pharmaceuticals, Inc.  (AVIR)  (CIK 0001593899)",ConferencePresentation,2025-05-08,day,,,sec_edgar,https://www.sec.gov/Archives/edgar/data/1593899/000119312526007081/d800383dex991.htm,ent-to-treat population in C-BEYOND and the per-protocol population in C-FORWARD. Results Presented at EASL and AASLD Support Best-in-Class Potential of Regimen Results presented at both the European Association for the Study of the Liver (,0.75,True,2026-07-12T22:17:29Z,EASL,unspecified,observed,2.0
AVIR,1593899,"Atea Pharmaceuticals, Inc.  (AVIR)  (CIK 0001593899)",ConferencePresentation,2025-11-10,day,,,sec_edgar,https://www.sec.gov/Archives/edgar/data/1593899/000119312525277627/d47505dex991.htm,"ected Mid-2026 New Data Show Bemnifosbuvir Has Unique Dual Mechanism Against HCV New Data Presented at The Liver Meeting , the Annual Meeting of AASLD, Support Bemnifosbuvir/Ruzasvir as a Potential Best-in-Class Therapy for the Treatment of",0.75,True,2026-07-12T22:16:58Z,AASLD,unspecified,observed,2.0
AZN,901832,"ASTRAZENECA PLC  (AZN, AZNCF)  (CIK 0000901832)",ConferencePresentation,2023-06-09,day,,,sec_edgar,https://www.sec.gov/Archives/edgar/data/901832/000165495424004088/a9026i.htm,"PNH and its association with disease control, quality of life and treatment satisfaction. Presented at: European Hematology Association (EHA) Hybrid Congress. 8-11 June 2023; Frankfurt, Germany. Abs PB2056. 4. Brodsky RA. Paroxysmal nocturn",0.75,True,2026-07-12T22:12:16Z,EHA,unspecified,observed,2.0
AZN,901832,"ASTRAZENECA PLC  (AZN, AZNCF)  (CIK 0000901832)",ConferencePresentation,2023-10-23,day,,,sec_edgar,https://www.sec.gov/Archives/edgar/data/901832/000165495424001903/a5266d.htm,"th the FDA to bring datopotamab deruxtecan to patients."" Results from TROPION-Lung01 were presented during a Presidential Symposium at the 2023 European Society for Medical Oncology Congress. The safety profile of datopotamab deruxtecan was",0.75,True,2026-07-12T22:07:09Z,ESMO,unspecified,observed,2.0
AZN,901832,"ASTRAZENECA PLC  (AZN, AZNCF)  (CIK 0000901832)",ConferencePresentation,2024-04-09,day,,,sec_edgar,https://www.sec.gov/Archives/edgar/data/901832/000165495424004975/a9413l.htm,gy AstraZeneca presented new data across its diverse portfolio of cancer medicines at four major medical congresses since the prior results announcement: the Society,0.75,True,2026-07-12T22:11:19Z,AACR,unspecified,observed,2.0
AZN,901832,"ASTRAZENECA PLC  (AZN, AZNCF)  (CIK 0000901832)",ConferencePresentation,2024-05-23,day,,,sec_edgar,https://www.sec.gov/Archives/edgar/data/901832/000165495424012321/a7133f.htm,"Administration (FDA) that was based on results from the LAURA Phase III trial, which were presented during the Plenary Session at the 2024 American Society of Clinical Oncology (ASCO) Annual Meeting and simultaneously published in The New E",0.75,True,2026-07-12T21:58:07Z,ASCO,plenary,observed,2.0
AZN,901832,"ASTRAZENECA PLC  (AZN, AZNCF)  (CIK 0000901832)",ConferencePresentation,2024-06-14,day,,,sec_edgar,https://www.sec.gov/Archives/edgar/data/901832/000165495425003590/a7993c.htm,(EMA) based its positive opinion on the results from the ECHO Phase III trial which were presented at the European Hematology Association 2024 Congress. Results from the ECHO trial showed Calquence plus bendamustine and rituximab reduced t,0.75,True,2026-07-12T22:12:10Z,EHA,unspecified,observed,2.0
AZN,901832,"ASTRAZENECA PLC  (AZN, AZNCF)  (CIK 0000901832)",ConferencePresentation,2024-09-09,day,,,sec_edgar,https://www.sec.gov/Archives/edgar/data/901832/000165495425003896/a5497d.htm,"rence in pCR 13.0%; 95% CI 8.7-17.6). Additionally, interim overall survival (OS) results presented at the 2024 World Conference on Lung Cancer showed a favourable trend with the Imfinzi- based perioperative regimen (35% data maturity; medi",0.75,True,2026-07-12T22:14:20Z,WCLC,unspecified,observed,2.0
AZN,901832,"ASTRAZENECA PLC  (AZN, AZNCF)  (CIK 0000901832)",ConferencePresentation,2024-09-16,day,,,sec_edgar,https://www.sec.gov/Archives/edgar/data/901832/000165495424015891/a1964r.htm,". For more information visit ClinicalTrials.gov . Primary results from TROPION-Lung01, as presented at the European Society for Medical Oncology 2023 Congress, showed datopotamab deruxtecan demonstrated a statistically significant improveme",0.75,True,2026-07-12T22:07:08Z,ESMO,unspecified,observed,2.0
AZN,901832,"ASTRAZENECA PLC  (AZN, AZNCF)  (CIK 0000901832)",ConferencePresentation,2024-12-09,day,,,sec_edgar,https://www.sec.gov/Archives/edgar/data/901832/000165495425006655/a7065l.htm,"or Human Use and was based on positive results from the pivotal AMPLIFY Phase III trial , presented at the American Society of Hematology 2024 Annual Meeting and published in The New England Journal of Medicine . 1 Results from the AMPLIFY",0.75,True,2026-07-12T22:03:51Z,ASH,unspecified,observed,2.0
AZN,901832,"ASTRAZENECA PLC  (AZN, AZNCF)  (CIK 0000901832)",ConferencePresentation,2025-02-10,day,,,sec_edgar,https://www.sec.gov/Archives/edgar/data/901832/000165495425011951/a9315d.htm,"(FDA) was based on efficacy and safety data from the WAYPOINT Phase III trial, which were presented at the 2025 American Academy of Allergy Asthma Immunology (AAAAI)/World Allergy Organization (WAO) Joint Congress and simultaneously publish",0.75,True,2026-07-12T22:20:16Z,AAAAI,unspecified,observed,2.0
AZN,901832,"ASTRAZENECA PLC  (AZN, AZNCF)  (CIK 0000901832)",ConferencePresentation,2025-04-25,day,,,sec_edgar,https://www.sec.gov/Archives/edgar/data/901832/000165495425004737/a5242g.htm,or AstraZeneca medicines and new molecular entities in the pipeline. Oncology AstraZeneca presented new data across its diverse portfolio of cancer medicines at two major medical congresses since the prior results announcement: the European,0.75,True,2026-07-12T22:11:18Z,AACR,oral,observed,2.0
AZN,901832,"ASTRAZENECA PLC  (AZN, AZNCF)  (CIK 0000901832)",ConferencePresentation,2025-06-02,day,,,sec_edgar,https://www.sec.gov/Archives/edgar/data/901832/000165495425012262/a0174f.htm,"and only placebo-controlled global Phase III trial in this patient population, which were presented at the 2025 American Society of Clinical Oncology (ASCO) Annual Meeting and published in The Lancet . 2 NF1 is a rare, progressive, genetic",0.75,True,2026-07-12T21:59:37Z,ASCO,unspecified,observed,2.0
AZN,901832,ASTRAZENECA PLC  (AZN)  (CIK 0000901832),ConferencePresentation,2025-10-17,day,,,sec_edgar,https://www.sec.gov/Archives/edgar/data/901832/000165495426005498/a1377g.htm,"nistration (FDA) is based on positive results from the POTOMAC Phase III trial which were presented at the European Society for Medical Oncology (ESMO) Congress 2025 and simultaneously published in The Lancet . In 2024, over 31,000 people i",0.75,True,2026-07-12T22:07:36Z,ESMO,unspecified,observed,2.0
AZN,901832,"ASTRAZENECA PLC  (AZN, AZNCF)  (CIK 0000901832)",ConferencePresentation,2025-10-28,day,,,sec_edgar,https://www.sec.gov/Archives/edgar/data/901832/000165495425010847/a6053z.htm,"ith no new flares. 5 The TULIP-SC interim results are under regulatory review and will be presented during the American College of Rheumatology (ACR) Convergence 2025 annual meeting, 24-29 October 2025. Saphnelo IV infusion is approved for",0.75,True,2026-07-12T22:18:40Z,ACR,unspecified,observed,2.0
AZN,901832,"ASTRAZENECA PLC  (AZN, AZNCF)  (CIK 0000901832)",ConferencePresentation,2025-12-06,day,,,sec_edgar,https://www.sec.gov/Archives/edgar/data/901832/000165495426001073/a3234s.htm,or AstraZeneca medicines and new molecular entities in the pipeline. Oncology AstraZeneca presented new data across its diverse portfolio of cancer medicines at two major medical congresses since the prior results announcement: the American,0.75,True,2026-07-12T22:05:53Z,ASH,oral,observed,2.0
AZN,901832,ASTRAZENECA PLC  (AZN)  (CIK 0000901832),ConferencePresentation,2026-04-21,day,,,sec_edgar,https://www.sec.gov/Archives/edgar/data/901832/000165495426004047/a2999c.htm,or AstraZeneca medicines and new molecular entities in the pipeline. Oncology AstraZeneca presented new data across its diverse portfolio of cancer medicines at one major medical congress since the prior results announcement: the American A,0.75,True,2026-07-12T22:11:14Z,AACR,oral,observed,2.0
AZN,0000901832,ASTRAZENECA PLC  (AZN)  (CIK 0000901832),ConferencePresentation,2026-06-02,day,,,sec_edgar,https://www.sec.gov/Archives/edgar/data/901832/000165495426006637/a2449m.htm,rial of Zegfrovy in 1st-line NSCLC with exon 20 insertion EGFR mutations. These data were presented as a Late-Breaking Abstract Oral Presentation at the 2026 American Society of Clinical Oncology Annual Meeting and simultaneously published,0.75,True,2026-07-24T12:04:19Z,ASCO,late-breaking,observed,
AZTR,0001701478,"Azitra, Inc.  (AZTR)  (CIK 0001701478)",ConferencePresentation,2025-06-02,day,,,sec_edgar,https://www.sec.gov/Archives/edgar/data/1701478/000170147826000014/aztrpressrelease12312025-e.htm,"Phase 1 2 Trial for ATR-04 program targeting oncology patients with EGFRi-associated rash presented ATR-04 trial design and update at ASCO 2025 Announced positive preclinical data for ATR-01 program, targeting the treatment of ichthyosis vu",0.75,True,2026-07-24T12:05:17Z,ASCO,unspecified,observed,
BBIO,1743881,"BridgeBio Pharma, Inc.  (BBIO)  (CIK 0001743881)",ConferencePresentation,2024-04-07,day,,,sec_edgar,https://www.sec.gov/Archives/edgar/data/1743881/000095017024051573/bbio-ex99_1.htm,Pharma Reports First Quarter 2024 Financial Results and Business Update - Presented cardiac magnetic resonance (CMR) imaging evidence consistent with clinical improvement observed in patients with transthyretin amyloid cardi,0.75,True,2026-07-12T22:23:14Z,ACC,unspecified,observed,2.0
BBIO,1743881,"BridgeBio Pharma, Inc.  (BBIO)  (CIK 0001743881)",ConferencePresentation,2025-03-31,day,,,sec_edgar,https://www.sec.gov/Archives/edgar/data/1743881/000174388125000010/bbio-20250930xex991.htm,nts were avoided per 100 treated participants (95% CI 29 79) at Month 30. These data were presented in a Late Breaking Clinical Trials Oral Presentation at the HFSA Annual Scientific Meeting 2025 and simultaneously published in Journal of t,0.75,True,2026-07-12T22:22:50Z,ACC,late-breaking,observed,2.0
BCAB,1826892,"BioAtla, Inc.  (BCAB)  (CIK 0001826892)",ConferencePresentation,2024-04-09,day,,,sec_edgar,https://www.sec.gov/Archives/edgar/data/1826892/000095017024036395/bcab-ex99_1.htm,ation of a novel NextGen linker system yields differentiated anti-Nectin-4-ADC Data to be presented at upcoming AACR Annual Meeting in April: Complete tumor regression observed in several cell line derived xenograft models Superior efficacy,0.75,True,2026-07-12T22:10:54Z,AACR,unspecified,observed,2.0
BCAB,1826892,"BioAtla, Inc.  (BCAB)  (CIK 0001826892)",ConferencePresentation,2024-09-16,day,,,sec_edgar,https://www.sec.gov/Archives/edgar/data/1826892/000095017024123281/bcab-ex99_1.htm,04) in treatment-refractory SCCHN (median of 3 prior lines of treatment) Earlier data cut presented at the European Society for Medical Oncology in September 2024 showed a 38% response rate in heavily pre-treated patients. New updated data,0.75,True,2026-07-12T22:07:56Z,ESMO,unspecified,observed,2.0
BCAB,1826892,"BioAtla, Inc.  (BCAB)  (CIK 0001826892)",ConferencePresentation,2024-11-08,day,,,sec_edgar,https://www.sec.gov/Archives/edgar/data/1826892/000095017024093888/bcab-ex99_1.htm,incidence and severity of irAEs consistent across Phase 1 and Phase 2 studies Data to be presented as oral presentation at the Society for Melanoma Research Congress in October and a poster presentation at the Society for Immunotherapy of,0.75,True,2026-07-12T22:13:10Z,SITC,oral,observed,2.0
BCAB,1826892,"BioAtla, Inc.  (BCAB)  (CIK 0001826892)",ConferencePresentation,2025-04-25,day,,,sec_edgar,https://www.sec.gov/Archives/edgar/data/1826892/000095017025105000/bcab-ex99_1.htm,"resentation titled BA3182: A Novel EpCAM Targeting, Conditionally Active T Cell Engager , presented by Gerhard Frey, PhD, Vice President, Technology Development, BioAtla, at the Protein Antibody Engineering Summit (PEGS) Conference in May T",0.75,True,2026-07-12T22:01:29Z,AACR,unspecified,observed,2.0
BCAB,1826892,"BioAtla, Inc.  (BCAB)  (CIK 0001826892)",ConferencePresentation,2025-06-02,day,,,sec_edgar,https://www.sec.gov/Archives/edgar/data/1826892/000095017025046065/bcab-ex99_1.htm,"and Neck at the Mayo Multidisciplinary Head and Neck Symposium 2025 on March 27 th . One abstract accepted for presentation at the American Society of Clinical Oncology (ASCO) 2025, titled: Phase 2 Trial of Ozuriftamab Vedotin (BA3021), a",0.75,True,2026-07-12T22:01:55Z,ASCO,unspecified,observed,2.0
BCAB,1826892,"BioAtla, Inc.  (BCAB)  (CIK 0001826892)",ConferencePresentation,2025-10-17,day,,,sec_edgar,https://www.sec.gov/Archives/edgar/data/1826892/000119312525280141/bcab-ex99_1.htm,"CAB-Nectin4-TCE milestone and the promising data from CAB-EpCAM-TCE, or BA3182, recently presented at ESMO. Key Developments, Operational Updates and Upcoming Milestones Key Outcomes from end of Phase 2 FDA Type B Meeting and other updates",0.75,True,2026-07-12T22:07:42Z,ESMO,unspecified,observed,2.0
BCAX,0002023658,Bicara Therapeutics Inc.  (BCAX)  (CIK 0002023658),ConferencePresentation,2025-04-25,day,,,sec_edgar,https://www.sec.gov/Archives/edgar/data/2023658/000202365825000034/pressreleaseq12025.htm,"rability of response driven by the TGF- arm of ficerafusp alfa. Additionally, we recently presented several datasets at AACR highlighting the broad therapeutic potential of ficerafusp alfa, including translational data that support its pote",0.75,True,2026-07-24T12:05:34Z,AACR,oral,observed,
BCAX,0002023658,Bicara Therapeutics Inc.  (BCAX)  (CIK 0002023658),ConferencePresentation,2025-06-02,day,,,sec_edgar,https://www.sec.gov/Archives/edgar/data/2023658/000202365825000094/pressreleaseq22025.htm,er 2025 Financial Results and Provides Business Update Updated data from Phase 1 1b trial presented at 2025 ASCO Annual Meeting demonstrated deep and durable responses in 1L HPV-negative R M HNSCC Data from additional Phase 1 1b expansion c,0.75,True,2026-07-24T12:05:24Z,ASCO,unspecified,observed,
BCAX,0002023658,Bicara Therapeutics Inc.  (BCAX)  (CIK 0002023658),ConferencePresentation,2026-06-02,day,,,sec_edgar,https://www.sec.gov/Archives/edgar/data/2023658/000162828026021868/pressrelease-q42025.htm,alfa and for other general corporate purposes. Key Anticipated Upcoming Milestones HNSCC Present long-term follow-up data from Phase 1b study of ficerafusp alfa in combination with pembrolizumab in 1L R M HPV-negative HNSCC at the 2026 Ame,0.75,True,2026-07-24T12:05:59Z,ASCO,unspecified,observed,
BCRX,882796,BIOCRYST PHARMACEUTICALS INC  (BCRX)  (CIK 0000882796),ConferencePresentation,2023-02-24,day,,,sec_edgar,https://www.sec.gov/Archives/edgar/data/882796/000117184324000967/exh_991.htm,"4 2023) was the largest number of new prescribers of any quarter in 2023. Real-world data presented at the American Academy of Allergy, Asthma Immunology (AAAAI) annual meeting reinforced prior data showing patients switching to ORLADEYO ex",0.75,True,2026-07-12T22:20:36Z,AAAAI,unspecified,observed,2.0
BCRX,882796,BIOCRYST PHARMACEUTICALS INC  (BCRX)  (CIK 0000882796),ConferencePresentation,2025-02-10,day,,,sec_edgar,https://www.sec.gov/Archives/edgar/data/882796/000117184325003152/exh_991.htm,"c therapy for HAE in patients 2 to 11 years of age. Interim results from APeX-P that were presented at the 2025 American Academy of Allergy, Asthma Immunology / World Allergy Organization Joint Congress earlier this year showed ORLADEYO was",0.75,True,2026-07-12T22:20:19Z,AAAAI,unspecified,observed,2.0
BCRX,882796,BIOCRYST PHARMACEUTICALS INC  (BCRX)  (CIK 0000882796),ConferencePresentation,2026-02,month,,,sec_edgar,https://www.sec.gov/Archives/edgar/data/882796/000117184326001119/exh_991.htm,"s show durable efficacy and a favorable safety profile for both dosing regimens. BioCryst will present these results in a late-breaking presentation, and other abstracts, at the 2026 American Academy of Allergy, Asthma Immunology (AAAAI) An",0.55,True,2026-07-12T22:20:37Z,AAAAI,late-breaking,projected,2.0
BCYC,1761612,BICYCLE THERAPEUTICS plc  (BCYC)  (CIK 0001761612),ConferencePresentation,2024-04-09,day,,,sec_edgar,https://www.sec.gov/Archives/edgar/data/1761612/000110465924055981/tm2413108d1_ex99-1.htm,iness Progress and First Quarter 2024 Financial Results Multiple preclinical and clinical abstracts accepted for presentation at 2024 ASCO Annual Meeting and AACR Annual Meeting underscore breadth of Bicycle platform technology and pipeline,0.75,True,2026-07-12T22:10:07Z,AACR,unspecified,observed,2.0
BCYC,1761612,BICYCLE THERAPEUTICS PLC  (BCYC)  (CIK 0001761612),ConferencePresentation,2024-09-16,day,,,sec_edgar,https://www.sec.gov/Archives/edgar/data/1761612/000110465924101202/tm2424162d1_ex99-1.htm,EX-99.1 2 tm2424162d1_ex99-1.htm EXHIBIT 99.1 Exhibit 99.1 Bicycle Therapeutics Presents Updated Clinical Results Across Oncology Pipeline at ESMO Congress 2024 Updated monotherapy data for Nectin-4 targeting zelenectide pevedotin,0.75,True,2026-07-12T22:07:20Z,ESMO,unspecified,observed,2.0
BCYC,1761612,BICYCLE THERAPEUTICS PLC  (BCYC)  (CIK 0001761612),ConferencePresentation,2025-04-25,day,,,sec_edgar,https://www.sec.gov/Archives/edgar/data/1761612/000110465926002706/tm262874d1_ex99-1.htm,et and demonstrates the positive properties of BRC molecules for radiopharmaceutical use. Presented additional human imaging data for an early Bicycle Radioconjugate (BRC ) molecule targeting MT1-MMP at the American Association for Cancer R,0.75,True,2026-07-12T22:09:52Z,AACR,unspecified,observed,2.0
BDTX,1701541,"Black Diamond Therapeutics, Inc.  (BDTX)  (CIK 0001701541)",ConferencePresentation,2023-10-12,day,,,sec_edgar,https://www.sec.gov/Archives/edgar/data/1701541/000170154124000028/bdtx-exhibit991_q22024.htm,se 1 trial were consistent with BDTX-1535 clinical data in patients with NSCLC previously presented in October 2023 at the European Organization for Research and Treatment of Cancer-National Cancer Institute-American Association for Cancer,0.75,True,2026-07-12T21:59:45Z,ENA,unspecified,observed,2.0
BDTX,1701541,"Black Diamond Therapeutics, Inc.  (BDTX)  (CIK 0001701541)",ConferencePresentation,2024-04-09,day,,,sec_edgar,https://www.sec.gov/Archives/edgar/data/1701541/000170154124000020/bdtx-exhibit991_q12024.htm,"of BDTX-1535 in 1L patients with non-classical EGFRm NSCLC initial data expected Q1 2025 Presented real world evidence on the evolving EGFR mutation landscape in NSCLC, and the potential of BDTX-1535 across multiple lines of therapy at the",0.75,True,2026-07-12T21:59:35Z,AACR,poster,observed,2.0
BDTX,1701541,"Black Diamond Therapeutics, Inc.  (BDTX)  (CIK 0001701541)",ConferencePresentation,2024-09-16,day,,,sec_edgar,https://www.sec.gov/Archives/edgar/data/1701541/000170154124000040/bdtx-exhibit991_q32024.htm,"ad spectrum of classical, non-classical, and C797S resistance mutations in September 2024 Presented real-world treatment practices and patient outcomes in newly diagnosed NSCLC patients with non-classical EGFR mutations at the 2024 ESMO Con",0.75,True,2026-07-12T22:07:01Z,ESMO,unspecified,observed,2.0
BDTX,1701541,"Black Diamond Therapeutics, Inc.  (BDTX)  (CIK 0001701541)",ConferencePresentation,2025-04-25,day,,,sec_edgar,https://www.sec.gov/Archives/edgar/data/1701541/000170154125000021/bdtx-exhibit991_q12025.htm,"l pivotal registrational path. In April 2025, investigators at the Ivy Brain Tumor Center presented a poster at the American Association for Cancer Research (AACR) Annual Meeting titled A Phase 0 1 trigger trial of BDTX-1535 in recurrent gl",0.75,True,2026-07-12T22:09:48Z,AACR,poster,observed,2.0
BDTX,1701541,"Black Diamond Therapeutics, Inc.  (BDTX)  (CIK 0001701541)",ConferencePresentation,2026-06-02,day,,,sec_edgar,https://www.sec.gov/Archives/edgar/data/1701541/000110465926065254/tm2615293d1_ex99-1.htm,"pidermal growth factor receptor (EGFR) non-classical mutations (NCMs). These data will be presented by Julia Rotow, M.D., Clinical Director, Lowe Center for Thoracic Oncology at the Dana-Farber Cancer Institute, at the 2026 American Society",0.75,True,2026-07-12T21:59:19Z,ASCO,unspecified,observed,2.0
BEAM,1745999,Beam Therapeutics Inc.  (BEAM)  (CIK 0001745999),ConferencePresentation,2024-12-09,day,,,sec_edgar,https://www.sec.gov/Archives/edgar/data/1745999/000119312524272860/d903914d8k.htm,"Cell Disease at American Society of Hematology (ASH) Annual Meeting and Beam Therapeutics Presents New Non-human Primate (NHP) Data Demonstrating Proof-of-concept for ESCAPE, a Non-genotoxic, Antibody-based Conditioning Approach to Treating",0.75,True,2026-07-12T22:02:38Z,ASH,unspecified,observed,2.0
BEAM,1745999,Beam Therapeutics Inc.  (BEAM)  (CIK 0001745999),ConferencePresentation,2025-06-12,day,,,sec_edgar,https://www.sec.gov/Archives/edgar/data/1745999/000095017025063955/beam-ex99_1.htm,age In Vivo Editing Program Updated Data from BEACON Phase 1/2 Clinical Trial of BEAM-101 Accepted for Presentation at the European Hematology Association 2025 Congress in June Following Positive Initial Data for BEAM-302 in Alpha-1 Antitry,0.75,True,2026-07-12T22:11:45Z,EHA,unspecified,observed,2.0
BEAM,1745999,Beam Therapeutics Inc.  (BEAM)  (CIK 0001745999),ConferencePresentation,2025-12-06,day,,,sec_edgar,https://www.sec.gov/Archives/edgar/data/1745999/000119312525263536/beam-ex99_1.htm,"in Early 2026 Updated Data from BEACON Phase 1/2 Trial of BEAM-101 in Sickle Cell Disease Accepted for Presentation at American Society of Hematology (ASH) Annual Meeting First Subject Dosed with BEAM-103, ESCAPE Anti-CD117 Monoclonal Antib",0.75,True,2026-07-12T22:02:49Z,ASH,unspecified,observed,2.0
BIIB,875045,BIOGEN INC.  (BIIB)  (CIK 0000875045),ConferencePresentation,2024-11-18,day,,,sec_edgar,https://www.sec.gov/Archives/edgar/data/875045/000087504524000030/exhibit991-q32024pressrele.htm,hase 3 study met the primary endpoint in systemic lupus erythematosus Detailed data to be presented at the American College of Rheumatology annual meeting in November UCB and Biogen initiating a second Phase 3 study in 2024 Phase 2 CELIA st,0.75,True,2026-07-12T22:19:11Z,ACR,unspecified,observed,2.0
BLRX,1498403,BioLineRx Ltd.  (BLRX)  (CIK 0001498403),ConferencePresentation,2024-05-23,day,,,sec_edgar,https://www.sec.gov/Archives/edgar/data/1498403/000117891324001842/exhibit_1.htm,performed - on track to reach stated goal of ~35% by end of Q2 - - Announced new data in abstract accepted at the American Society of Clinical Oncology (ASCO) 2024 Annual Meeting on pilot phase of ongoing Phase 2b pancreatic cancer clinica,0.75,True,2026-07-12T21:58:21Z,ASCO,unspecified,observed,2.0
BLRX,1498403,BioLineRx Ltd.  (BLRX)  (CIK 0001498403),ConferencePresentation,2025-06-02,day,,,sec_edgar,https://www.sec.gov/Archives/edgar/data/1498403/000117891325002019/exhibit_1.htm,m Phase 2 Combination Trial of Motixafortide in First-Line Pancreatic Cancer (PDAC) to be Presented at ASCO 2025 Annual Meeting 4 of 11 PDAC patients in the pilot phase remained progression free at over one year Poster presentation on Satur,0.75,True,2026-07-12T21:59:55Z,ASCO,poster,observed,2.0
BMEA,1840439,"Biomea Fusion, Inc.  (BMEA)  (CIK 0001840439)",ConferencePresentation,2026-06,month,,,sec_edgar,https://www.sec.gov/Archives/edgar/data/1840439/000119312526217037/bmea-ex99_1.htm,a favorable safety and tolerability profile through Week 52. Comprehensive dataset to be presented at the American Diabetes Association s (ADA) Scientific Sessions (abstract is preliminary until time of presentation; full release scheduled,0.55,True,2026-07-12T22:21:17Z,ADA,unspecified,projected,2.0
BNTX,0001776985,BioNTech SE  (BNTX)  (CIK 0001776985),ConferencePresentation,2020-04-27,day,,,sec_edgar,https://www.sec.gov/Archives/edgar/data/1776985/000177698524000089/q32024bntxpresentation_f.htm,"mbrolizumab Monotherapy, + Cemiplimab or CTx Recruitment ongoing Recruitment ongoing Data presented from epi sub-study at ASCO 2024 and from biomarker sub- study at ESMO-GI 2024 Recruitment ongoing Data presented from investigator-initiated",0.75,True,2026-07-24T12:07:02Z,AACR,unspecified,observed,
BNTX,0001776985,BioNTech SE  (BNTX)  (CIK 0001776985),ConferencePresentation,2023-04-17,day,,,sec_edgar,https://www.sec.gov/Archives/edgar/data/1776985/000177698526000030/a992bntx1q2026presentati.htm,RINOX + Pembrolizumab Mono combo with IO ADCs Recruitment ongoing Data presented from epi sub-study at ASCO 2024 and from biomarker sub-study at ESMO-GI 2024 Recruitment ongoing Data from Phase 1 trial published: Rojas et,0.75,True,2026-07-24T12:07:00Z,AACR,unspecified,observed,
BNTX,1776985,BioNTech SE  (BNTX)  (CIK 0001776985),ConferencePresentation,2024-04-09,day,,,sec_edgar,https://www.sec.gov/Archives/edgar/data/1776985/000177698524000038/a99_2q12024bntxpresentat.htm,arcinoma; NSCLC = non-small cell lung cancer; TROP2 = trophoblast cell-surface antigen 2. Presented clinical data at AACR for our mRNA cancer vaccines autogene cevumeran (BNT122)2 in PD,0.75,True,2026-07-12T22:06:24Z,AACR,unspecified,observed,2.0
BNTX,1776985,BioNTech SE  (BNTX)  (CIK 0001776985),ConferencePresentation,2024-05-23,day,,,sec_edgar,https://www.sec.gov/Archives/edgar/data/1776985/000177698524000044/form6-kascocurtainraiser21.htm,"THIS FORM 6-K On May 21, 2024, BioNTech SE ( BioNTech, or the Company ) announced that it will present clinical trial data for selected programs from the Company s diversified immuno-oncology pipeline at the American Society of Clinical Onc",0.75,True,2026-07-12T21:58:18Z,ASCO,unspecified,observed,2.0
BNTX,1776985,BioNTech SE  (BNTX)  (CIK 0001776985),ConferencePresentation,2024-09-16,day,,,sec_edgar,https://www.sec.gov/Archives/edgar/data/1776985/000177698525000011/ex99250310_bntxxprxq42024x.htm,"ry data from the first-in-human, open-label Phase 1 2 clinical trial ( NCT05914116 ) were presented at the 2024 European Society for Medical Oncology ( ESMO ) Asia Congress, demonstrating encouraging efficacy and a manageable safety profile",0.75,True,2026-07-12T22:08:20Z,ESMO,unspecified,observed,2.0
BNTX,1776985,BioNTech SE  (BNTX)  (CIK 0001776985),ConferencePresentation,2024-11-08,day,,,sec_edgar,https://www.sec.gov/Archives/edgar/data/1776985/000177698524000091/bnt_2024q3ex99x1quarterlyr.htm,"D-(L)1 inhibitor therapy and platinum-based chemotherapy. A data update is expected to be presented at the 2024 Society for Immunotherapy of Cancer, or SITC, Annual Meeting, taking place from November 6 to November 10, 2024 in Houston, Texa",0.75,True,2026-07-12T22:13:30Z,SITC,unspecified,observed,2.0
BNTX,1776985,BioNTech SE  (BNTX)  (CIK 0001776985),ConferencePresentation,2025-04-25,day,,,sec_edgar,https://www.sec.gov/Archives/edgar/data/1776985/000177698525000049/a992bntxq22025presentati.htm,329): BNT3271 combined with TROP2 ADC BNT325/DB-13052 in 2L 4L PROC Erika Hamilton et al. Presented at AACR 2025. Poster: 648 / 14 Waterfall plot for PROC from dose expansion cohort in 2-4L PROC (N=13)TRAEs occurring in 10% of patients rece,0.75,True,2026-07-12T22:08:23Z,AACR,poster,observed,2.0
BNTX,1776985,BioNTech SE  (BNTX)  (CIK 0001776985),ConferencePresentation,2025-06-02,day,,,sec_edgar,https://www.sec.gov/Archives/edgar/data/1776985/000177698525000037/form6-kascocurtainraiser27.htm,"D AS PART OF THIS FORM 6-K On May 27, 2025, BioNTech SE ( the Company ) announced that it will present clinical trial data from select pipeline candidates across the Company s diversified oncology portfolio at the American Society of Clinic",0.75,True,2026-07-12T21:58:17Z,ASCO,unspecified,observed,2.0
BNTX,1776985,BioNTech SE  (BNTX)  (CIK 0001776985),ConferencePresentation,2025-10-17,day,,,sec_edgar,https://www.sec.gov/Archives/edgar/data/1776985/000177698525000064/a99120251103_bntxq32025pre.htm,"tumors is ongoing. In October, data from this trial in patients with pretreated TNBC were presented at the European Society For Medical Oncology ( ESMO ) Congress 2025. Data showed encouraging anti-tumor activity and a manageable safety pro",0.75,True,2026-07-12T22:08:15Z,ESMO,unspecified,observed,2.0
BNTX,1776985,BioNTech SE  (BNTX)  (CIK 0001776985),ConferencePresentation,2025-12-10,day,,,sec_edgar,https://www.sec.gov/Archives/edgar/data/1776985/000177698525000071/a991251209_bntxbmsxprxpumi.htm,tamig plus chemotherapy in first-line and second-line treatment setting. The data will be presented at the 2025 San Antonio Breast Cancer Symposium ( SABCS ). Triple-negative breast cancer is a highly aggressive disease with a poor prognosi,0.75,True,2026-07-12T22:13:52Z,SABCS,unspecified,observed,2.0
BNTX,1776985,BioNTech SE  (BNTX)  (CIK 0001776985),ConferencePresentation,2026-04-21,day,,,sec_edgar,https://www.sec.gov/Archives/edgar/data/1776985/000177698526000030/a992bntx1q2026presentati.htm,RINOX + Pembrolizumab Mono combo with IO ADCs Recruitment ongoing Data presented from epi sub-study at ASCO 2024 and from biomarker sub-study at ESMO-GI 2024 Recruitment ongoing Data from Phase 1 trial published: Rojas et,0.75,True,2026-07-12T22:08:12Z,AACR,unspecified,observed,2.0
BNTX,1776985,BioNTech SE  (BNTX)  (CIK 0001776985),ConferencePresentation,2026-06-02,day,,,sec_edgar,https://www.sec.gov/Archives/edgar/data/1776985/000177698526000037/form6-kascocurtainraiser22.htm,"OCUMENTS INCLUDED AS PART OF THIS FORM 6-K On May 22, 2026, BioNTech SE announced that it will present new clinical data and trial updates from its late-stage oncology pipeline and innovative combination programs at the 2026 American Societ",0.75,True,2026-07-12T21:58:17Z,ASCO,unspecified,observed,2.0
BOLD,1782303,"Boundless Bio, Inc.  (BOLD)  (CIK 0001782303)",ConferencePresentation,2024-04-09,day,,,sec_edgar,https://www.sec.gov/Archives/edgar/data/1782303/000095017024058186/bold-ex99_1.htm,"bility, pharmacokinetics, and preliminary antitumor activity of each combination regimen. Presented preliminary preclinical and clinical pharmacodynamic data on BBI-355 at the American Association for Cancer Research (AACR) Annual Meeting 2",0.75,True,2026-07-12T22:10:14Z,AACR,unspecified,observed,2.0
BOLD,1782303,"Boundless Bio, Inc.  (BOLD)  (CIK 0001782303)",ConferencePresentation,2024-09-16,day,,,sec_edgar,https://www.sec.gov/Archives/edgar/data/1782303/000095017024123274/bold-ex99_1.htm,"c for detection of ecDNA amplified oncogenes In September, analytical validation data was presented at the European Society for Medical Oncology (ESMO) Congress for the company s proprietary ecDNA diagnostic ECHO (ecDNA Harboring Oncogenes)",0.75,True,2026-07-12T22:07:00Z,ESMO,unspecified,observed,2.0
BOLD,1782303,"Boundless Bio, Inc.  (BOLD)  (CIK 0001782303)",ConferencePresentation,2025-04-25,day,,,sec_edgar,https://www.sec.gov/Archives/edgar/data/1782303/000095017025067495/bold-ex99_1.htm,"tudies conducted with Boundless s ribonucleotide reductase (RNR) inhibitor, BBI-825, were presented in an oral session at the American Association for Cancer Research (AACR) Annual Meeting. These data suggest that the combination of BBI-825",0.75,True,2026-07-12T22:09:44Z,AACR,oral,observed,2.0
BOLT,1641281,"Bolt Biotherapeutics, Inc.  (BOLT)  (CIK 0001641281)",ConferencePresentation,2023-11-03,day,,,sec_edgar,https://www.sec.gov/Archives/edgar/data/1641281/000095017024059524/bolt-ex99_1.htm,"monstrating potent anti-tumor activity in multiple preclinical models, some of which were presented at the Society for Immunotherapy of Cancer s (SITC) 2023 Annual Meeting in October. Corporate Updates Discontinued development of trastuzuma",0.75,True,2026-07-12T22:13:11Z,SITC,unspecified,observed,2.0
BOLT,1641281,"Bolt Biotherapeutics, Inc.  (BOLT)  (CIK 0001641281)",ConferencePresentation,2024-11-08,day,,,sec_edgar,https://www.sec.gov/Archives/edgar/data/1641281/000095017024125376/bolt-ex99_1.htm,the Phase 1 dose-escalation clinical study of BDC-3042 in patients with advanced cancers Presented updated preclinical activity of BDC-4182 and key learnings from Phase 1 dose-escalation trial of BDC-1001 at the SITC 39th Annual Meeting BD,0.75,True,2026-07-12T22:13:06Z,SITC,unspecified,observed,2.0
BOLT,1641281,"Bolt Biotherapeutics, Inc.  (BOLT)  (CIK 0001641281)",ConferencePresentation,2026-11-04,day,,,sec_edgar,https://www.sec.gov/Archives/edgar/data/1641281/000119312525277521/bolt-ex99_1.htm,d commercially for T-cell engagers. The clinical trial is ongoing and the Company expects to present initial clinical data in the third quarter of 2026. o In November at the 40th Annual Meeting of the Society for Immunotherapy of Cancer (SI,0.75,True,2026-07-12T22:13:09Z,SITC,unspecified,observed,2.0
BPTH,1133818,"BIO-PATH HOLDINGS, INC.  (BPTH)  (CIK 0001133818)",ConferencePresentation,2024-05-23,day,,,sec_edgar,https://www.sec.gov/Archives/edgar/data/1133818/000155837024008779/bpth-20240523xex99d1.htm,EX-99.1 2 bpth-20240523xex99d1.htm EX-99.1 Exhibit 99.1 Bio-Path Holdings to Present Data at American Society of Clinical Oncology (ASCO) Annual Meeting Presentation Includes Positive Results from Interim Analysis of Phase 2,0.75,True,2026-07-12T21:57:54Z,ASCO,unspecified,observed,2.0
BPTH,1133818,"BIO-PATH HOLDINGS, INC.  (BPTH)  (CIK 0001133818)",ConferencePresentation,2024-06-14,day,,,sec_edgar,https://www.sec.gov/Archives/edgar/data/1133818/000155837024009170/bpth-20240614xex99d1.htm,EX-99.1 2 bpth-20240614xex99d1.htm EX-99.1 Exhibit 99.1 Bio-Path Holdings Presents Data from Ongoing Phase 2 Combination Study of Prexigebersen for Treatment of Acute Myeloid Leukemia at European Hematology Association Congr,0.75,True,2026-07-12T22:11:38Z,EHA,unspecified,observed,2.0
BRNS,1828185,Barinthus Biotherapeutics plc.  (BRNS)  (CIK 0001828185),ConferencePresentation,2023-06-24,day,,,sec_edgar,https://www.sec.gov/Archives/edgar/data/1828185/000182818524000007/brns-20231231xexx991.htm,"developed a non-detectable HBsAg level, which continued eight months after last dose. We presented the final data in June 2023 at the European Association for the Study of the Liver Congress 2023 The International Liver Congress TM . In No",0.75,True,2026-07-12T22:17:32Z,EASL,unspecified,observed,2.0
BRNS,1828185,Barinthus Biotherapeutics plc.  (BRNS)  (CIK 0001828185),ConferencePresentation,2024-06-05,day,,,sec_edgar,https://www.sec.gov/Archives/edgar/data/1828185/000182818524000089/brns-20241115xexx992.htm,"ble HBsAg declines were observed in all treatment groups, consistent with data previously presented at the European Association for the Study of the Liver (EASL) Congress, in June 2024. Preliminary safety data indicate that VTP-300 in combi",0.75,True,2026-07-12T22:17:19Z,EASL,unspecified,observed,2.0
BRNS,1828185,Barinthus Biotherapeutics plc.  (BRNS)  (CIK 0001828185),ConferencePresentation,2024-11-18,day,,,sec_edgar,https://www.sec.gov/Archives/edgar/data/1828185/000182818525000018/brns-20241231xexx991.htm,"teria, developed anti-hepatitis B antibodies that they did not have before. The data were presented as an oral presentation at the American Association for the Study of Liver Diseases (AASLD) The Liver Meeting 2024. Barinthus Bio announced",0.75,True,2026-07-12T22:17:35Z,AASLD,oral,observed,2.0
BRNS,1828185,Barinthus Biotherapeutics plc.  (BRNS)  (CIK 0001828185),ConferencePresentation,2025-05-08,day,,,sec_edgar,https://www.sec.gov/Archives/edgar/data/1828185/000110465925075707/tm2523009d1_ex99-1.htm,"ion of preliminary results data from the two phase 2 clinical trials of VTP-300 that were presented at the European Association for the Study of the Liver ( EASL ) Congress 2025 in May, and the continued progression of the phase 1 AVALON cl",0.75,True,2026-07-12T22:18:12Z,EASL,unspecified,observed,2.0
CABA,1759138,"Cabaletta Bio, Inc.  (CABA)  (CIK 0001759138)",ConferencePresentation,2024-11-18,day,,,sec_edgar,https://www.sec.gov/Archives/edgar/data/1759138/000119312524233294/d899909d8k.htm,d RESET-Myositis trials along with initial clinical data from the RESET-SSc trial will be presented at the American College of Rheumatology Convergence 2024 Meeting in November 2024. Initial clinical data from the RESET-MG trial is anticipa,0.75,True,2026-07-12T22:18:45Z,ACR,unspecified,observed,2.0
CABA,1759138,"Cabaletta Bio, Inc.  (CABA)  (CIK 0001759138)",ConferencePresentation,2025-06-11,day,,,sec_edgar,https://www.sec.gov/Archives/edgar/data/1759138/000119312525138737/d78097dex991.htm,"Rese-cel Safety and Efficacy Data in Patients with Myositis, Lupus and Scleroderma to Be Presented at the EULAR 2025 Congress 7 of 8 myositis patients achieved clinically meaningful TIS responses after discontinuation of all immunomodulato",0.75,True,2026-07-12T22:19:31Z,EULAR,unspecified,observed,2.0
CABA,1759138,"Cabaletta Bio, Inc.  (CABA)  (CIK 0001759138)",ConferencePresentation,2025-12-06,day,,,sec_edgar,https://www.sec.gov/Archives/edgar/data/1759138/000119312525273272/caba-ex99_1.htm,"linical data from RESET trials expected throughout 2026: On December 6, 2025, Cabaletta will present a poster titled Mechanistic basis of the acute safety profile of rese-cel, an autologous CD19-CAR T, in patients with autoimmune disease",0.75,True,2026-07-12T22:04:43Z,ASH,poster,observed,2.0
CABA,1759138,"Cabaletta Bio, Inc.  (CABA)  (CIK 0001759138)",ConferencePresentation,2026-04-21,day,,,sec_edgar,https://www.sec.gov/Archives/edgar/data/1759138/000175913826000010/caba-ex99_1.htm,"2 data anticipated from three RESET trials to be presented in 1H26: Complete Phase 1/2 clinical data from cohorts in RESET-SLE, RESET-SSc and RESET-MG are expected to be presented in 1H26. In RESET-M",0.75,True,2026-07-12T22:15:41Z,AAN,oral,observed,2.0
CADL,1841387,"Candel Therapeutics, Inc.  (CADL)  (CIK 0001841387)",ConferencePresentation,2023-11-03,day,,,sec_edgar,https://www.sec.gov/Archives/edgar/data/1841387/000095017024037624/cadl-ex99_1.htm,"ade glioma (HGG) to improve OS. o enLIGHTEN Discovery Platform CAN-2409 Pancreatic Cancer Presented encouraging preclinical data from the first experimental candidate from its discovery pipeline, Alpha 201-macro-1, at both the Society for I",0.75,True,2026-07-12T22:12:59Z,SITC,unspecified,observed,2.0
CADL,1841387,"Candel Therapeutics, Inc.  (CADL)  (CIK 0001841387)",ConferencePresentation,2024-04-09,day,,,sec_edgar,https://www.sec.gov/Archives/edgar/data/1841387/000095017024059109/cadl-ex99_1.htm,", we have made great progress with our enLIGHTEN TM Discovery Platform. In April 2024, we presented our second drug candidate from this platform, a first-in-class multimodal immunotherapy candidate for induction of tertiary lymphoid structu",0.75,True,2026-07-12T22:00:19Z,AACR,late-breaking,observed,2.0
CADL,1841387,"Candel Therapeutics, Inc.  (CADL)  (CIK 0001841387)",ConferencePresentation,2024-05-23,day,,,sec_edgar,https://www.sec.gov/Archives/edgar/data/1841387/000095017024047941/cadl-20240425.htm,"isclosure. On April 25, 2024, Candel Therapeutics, Inc. (the Company ), announced that it will present two poster presentations at the 2024 American Society of Clinical Oncology Annual Meeting taking place May 31 to June 4, 2024, in Chicago",0.75,True,2026-07-12T21:58:37Z,ASCO,poster,observed,2.0
CADL,1841387,"Candel Therapeutics, Inc.  (CADL)  (CIK 0001841387)",ConferencePresentation,2024-11-08,day,,,sec_edgar,https://www.sec.gov/Archives/edgar/data/1841387/000095017025038757/cadl-ex99_1.htm,"-3110 for the treatment of rHGG in February and May 2024, respectively. CAN-3110 Melanoma Presented preclinical results on the therapeutic potential of CAN-3110 in the Ras-Raf pathway altered melanoma model at the Society for Immunotherapy",0.75,True,2026-07-12T22:13:14Z,SITC,unspecified,observed,2.0
CADL,1841387,"Candel Therapeutics, Inc.  (CADL)  (CIK 0001841387)",ConferencePresentation,2025-06-02,day,,,sec_edgar,https://www.sec.gov/Archives/edgar/data/1841387/000095017025076458/cadl-20250522.htm,"( CAN-2409 ) in patients with intermediate-to-high-risk localized prostate cancer will be presented at the 2025 American Society of Clinical Oncology Annual Meeting taking place in Chicago, IL from May 30 to June 3, 2025. The Company s phas",0.75,True,2026-07-12T21:58:36Z,ASCO,unspecified,observed,2.0
CATX,728387,"Perspective Therapeutics, Inc.  (CATX)  (CIK 0000728387)",ConferencePresentation,2025-01-24,day,,,sec_edgar,https://www.sec.gov/Archives/edgar/data/728387/000095017025093556/catx-ex99_1.htm,"short-term investments as of March 31, 2025 Abbreviations AE: adverse event APC: antigen-presenting cell ASCO-GI: ASCO Gastrointestinal Cancers Symposium CTLA-4: human cytotoxic T-lymphocyte antigen 4 DAMPs: damage-associated molecular pat",0.75,True,2026-07-12T22:14:38Z,ASCO-GI,unspecified,observed,2.0
CATX,728387,"Perspective Therapeutics, Inc.  (CATX)  (CIK 0000728387)",ConferencePresentation,2025-06-02,day,,,sec_edgar,https://www.sec.gov/Archives/edgar/data/728387/000095017025069301/catx-ex99_1.htm,"Highlights and Reports 1Q 2025 Results First of several clinical updates through mid-2026 accepted for presentation at the 2025 American Society of Clinical Oncology Annual Meeting, with recruitment progressing for all three of our clinical",0.75,True,2026-07-12T21:59:15Z,ASCO,unspecified,observed,2.0
CATX,728387,"Perspective Therapeutics, Inc.  (CATX)  (CIK 0000728387)",ConferencePresentation,2025-10-24,day,,,sec_edgar,https://www.sec.gov/Archives/edgar/data/728387/000119312525274318/catx-ex99_1.htm,"interim data from the study, as of a data-cut off (DCO) date of September 12, 2025, were presented at the European Society of Medical Oncology (ESMO) Congress 2025, the 2025 North American Neuroendocrine Tumor Society (NANETS) Multidiscipl",0.75,True,2026-07-12T22:02:01Z,ENA,unspecified,observed,2.0
CATX,728387,"Perspective Therapeutics, Inc.  (CATX)  (CIK 0000728387)",ConferencePresentation,2026-01-08,day,,,sec_edgar,https://www.sec.gov/Archives/edgar/data/728387/000119312526009846/catx-ex99_1.htm,"d interim data from the study, as of a data-cut off (DCO) date of December 10, 2025, were presented at the 2026 ASCO Gastrointestinal Cancers Symposium ( ASCO-GI 2026 ) . Highlights from the updated analysis included the following: Safety f",0.75,True,2026-07-12T22:14:28Z,ASCO-GI,unspecified,observed,2.0
CATX,728387,"Perspective Therapeutics, Inc.  (CATX)  (CIK 0000728387)",ConferencePresentation,2026-04-21,day,,,sec_edgar,https://www.sec.gov/Archives/edgar/data/728387/000119312526216777/catx-ex99_1.htm,"dated interim data from the study, as of a data cut-off (DCO) date of March 4, 2026, were presented at the American Association for Cancer Research Annual Meeting 2026 in April 2026. As of April 30, 2026, the first 23 patients in Cohort 2 h",0.75,True,2026-07-12T22:10:39Z,AACR,unspecified,observed,2.0
CBIO,0001253689,"CRESCENT BIOPHARMA, INC.  (CBIO)  (CIK 0001253689)",ConferencePresentation,2026-06-02,day,,,sec_edgar,https://www.sec.gov/Archives/edgar/data/1253689/000162828026028386/pressrelease-livefile.htm,"iously treated patients. A trial in progress abstract of the ASCEND study design has been accepted for poster presentation during the 2026 American Society of Clinical Oncology (ASCO) Annual Meeting being held May 29-June 2, 2026 in Chicago",0.75,True,2026-07-24T12:05:30Z,ASCO,poster,observed,
CCCC,1662579,"C4 Therapeutics, Inc.  (CCCC)  (CIK 0001662579)",ConferencePresentation,2024-04-09,day,,,sec_edgar,https://www.sec.gov/Archives/edgar/data/1662579/000162828024021367/cccc-20240508xexx991.htm,"0 mg dose levels for pharmacokinetic, pharmacodynamic and anti-tumor activity evaluation. Presented New Preclinical Data at the American Association for Cancer Research (AACR) Annual Meeting 2024. In April 2024, C4T presented preclinical da",0.75,True,2026-07-12T22:07:25Z,AACR,unspecified,observed,2.0
CCCC,1662579,"C4 Therapeutics, Inc.  (CCCC)  (CIK 0001662579)",ConferencePresentation,2024-09-16,day,,,sec_edgar,https://www.sec.gov/Archives/edgar/data/1662579/000162828024044409/cccc-20241031xexx991.htm,he potential for activity in primary and metastatic central nervous system (CNS) disease. Presented Monotherapy Clinical Data Demonstrating Proof of Mechanism and Early Evidence of Proof of Concept from the Ongoing CFT1946 Phase 1 Trial at,0.75,True,2026-07-12T22:04:29Z,ESMO,unspecified,observed,2.0
CCCC,1662579,"C4 Therapeutics, Inc.  (CCCC)  (CIK 0001662579)",ConferencePresentation,2024-12-09,day,,,sec_edgar,https://www.sec.gov/Archives/edgar/data/1662579/000162828024050349/cccc-20241209.htm,"Act. o Item 8.01 Other Events. On December 8, 2024, C4 Therapeutics, Inc. (the Company ) presented a clinical update at the American Society of Hematology Annual Meeting ( ASH Annual Meeting ). A copy of the slides, which has been publishe",0.75,True,2026-07-12T22:03:20Z,ASH,unspecified,observed,2.0
CELC,1603454,Celcuity Inc.  (CELC)  (CIK 0001603454),ConferencePresentation,2024-12-10,day,,,sec_edgar,https://www.sec.gov/Archives/edgar/data/1603454/000149315224045804/ex99-1.htm,"data in Q2 2025. Overall survival data from the B2151009 Phase 1b clinical trial will be presented at the San Antonio Breast Cancer Symposium (SABCS), taking place December 10-13, 2024. Details of the poster presentation are as follows: Ab",0.75,True,2026-07-12T22:13:51Z,SABCS,poster,observed,2.0
CELC,1603454,Celcuity Inc.  (CELC)  (CIK 0001603454),ConferencePresentation,2025-10-17,day,,,sec_edgar,https://www.sec.gov/Archives/edgar/data/1603454/000149315225021903/ex99-1.htm,elcuity Inc. Reports Third Quarter 2025 Financial Results and Provides Corporate Update - Presented detailed efficacy and safety results from the PIK3CA wild-type ( WT ) cohort of the Phase 3 VIKTORIA-1 clinical trial at a late breaking ora,0.75,True,2026-07-12T22:07:57Z,ESMO,late-breaking,observed,2.0
CELC,1603454,Celcuity Inc.  (CELC)  (CIK 0001603454),ConferencePresentation,2026-06-02,day,,,sec_edgar,https://www.sec.gov/Archives/edgar/data/1603454/000149315226020918/form8-k.htm,od and Drug Administration (the FDA ) as a supplemental New Drug Application ( sNDA ) and to present these data at the 2026 American Society of Clinical Oncology ( ASCO Annual Meeting. The Company intends to submit VIKTORIA-1 data to other,0.75,True,2026-07-12T21:59:12Z,ASCO,unspecified,observed,2.0
CGEM,1789972,"Cullinan Therapeutics, Inc.  (CGEM)  (CIK 0001789972)",ConferencePresentation,2024-05-23,day,,,sec_edgar,https://www.sec.gov/Archives/edgar/data/1789972/000095017024064025/cgem-20240523.htm,"at 6:30 pm Central Time, during which its Chief Medical Officer, Dr. Jeff Jones, MD, MBA, will present an overview of the CLN-619 data shared at the 2024 American Society of Clinical Oncology ( ASCO ) Annual Meeting on June 1, 2024, and Dr.",0.75,True,2026-07-12T21:59:11Z,ASCO,unspecified,observed,2.0
CGEM,1789972,"Cullinan Therapeutics, Inc.  (CGEM)  (CIK 0001789972)",ConferencePresentation,2024-09-16,day,,,sec_edgar,https://www.sec.gov/Archives/edgar/data/1789972/000095017024093314/cgem-ex99_1.htm,R ex20ins NSCLC who have progressed after both prior chemotherapy and amivantamab will be presented in a mini oral presentation at the European Society for Medical Oncology (ESMO) meeting in September. o Cullinan expects to complete enrollm,0.75,True,2026-07-12T22:07:38Z,ESMO,oral,observed,2.0
CGEM,1789972,"Cullinan Therapeutics, Inc.  (CGEM)  (CIK 0001789972)",ConferencePresentation,2025-12-06,day,,,sec_edgar,https://www.sec.gov/Archives/edgar/data/1789972/000119312525310764/cgem-20251208.htm,"nan Therapeutics, Inc. (the ""Company"") issued a press release announcing that the Company presented updated clinical data from its Phase 1 study of CLN-049 in patients with relapsed/refractory (""r/r"") acute myeloid leukemia (""AML"") and myel",0.75,True,2026-07-12T22:03:29Z,ASH,unspecified,observed,2.0
CGEM,1789972,"Cullinan Therapeutics, Inc.  (CGEM)  (CIK 0001789972)",ConferencePresentation,2026-06-04,day,,,sec_edgar,https://www.sec.gov/Archives/edgar/data/1789972/000119312526229173/cgem-20260518.htm,(the Company ) issued a press release announcing that the Company will present initial clinical data from its Phase 1 OUTRACE Program for CLN-978 in patients with treatment-refractory rheumatoid arthritis ( RA ) and,0.75,True,2026-07-12T22:19:29Z,EULAR,unspecified,observed,2.0
CGEN,1119774,COMPUGEN LTD  (CGEN)  (CIK 0001119774),ConferencePresentation,2024-11-08,day,,,sec_edgar,https://www.sec.gov/Archives/edgar/data/1119774/000117891324003472/exhibit_99-1.htm,"EX-99.1 2 exhibit_99-1.htm EXHIBIT 99.1 Exhibit 99.1 FOR IMMEDIATE RELEASE Compugen to Present Anti-Tumor Activity and Safety Data of COM701, COM902 and Pembrolizumab Combination in Patients with Platinum Resistant Ovarian Cancer at S",0.75,True,2026-07-12T22:12:54Z,SITC,unspecified,observed,2.0
CGON,1991792,"CG Oncology, Inc.  (CGON)  (CIK 0001991792)",ConferencePresentation,2024-05-23,day,,,sec_edgar,https://www.sec.gov/Archives/edgar/data/1991792/000095017024064309/ck0001991792-ex99_1.htm,EX-99.1 2 ck0001991792-ex99_1.htm EX-99.1 EX-99.1 Exhibit 99.1 CG Oncology to Present Positive Final Results from Phase 2 CORE-001 Study of Cretostimogene Grenadenorepvec in Combination with Pembrolizumab in BCG-Unresponsive,0.75,True,2026-07-12T21:59:21Z,ASCO,unspecified,observed,2.0
CGTX,1455365,COGNITION THERAPEUTICS INC  (CGTX)  (CIK 0001455365),ConferencePresentation,2025-05-09,day,,,sec_edgar,https://www.sec.gov/Archives/edgar/data/1455365/000110465925045324/tm2514197d1_ex99-1.htm,"with FDA requested for Alzheimer s disease - Phase 2 results in dementia with Lewy bodies accepted for oral presentation at AAIC - Two posters at ARVO describe zervimesine's role supporting retinal cell health - Purchase, NY May 7, 2025 Cog",0.75,True,2026-07-12T22:24:36Z,ARVO,oral,observed,2.0
CHRS,1512762,"Coherus BioSciences, Inc.  (CHRS)  (CIK 0001512762)",ConferencePresentation,2024-01-19,day,,,sec_edgar,https://www.sec.gov/Archives/edgar/data/1512762/000155837024003110/chrs-20240313xex99d1.htm,"arcinoma (OPSCC), a type of head and neck cancer commonly known as throat cancer. Coherus presented new Phase 1b/2 clinical data for casdozokitug, a first-in-class IL-27 antagonist at the 2023 ESMO IO Congress in December and 2024 ASCO Gast",0.75,True,2026-07-12T22:14:34Z,ASCO-GI,unspecified,observed,2.0
CHRS,1512762,"Coherus Oncology, Inc.  (CHRS)  (CIK 0001512762)",ConferencePresentation,2025-11-07,day,,,sec_edgar,https://www.sec.gov/Archives/edgar/data/1512762/000110465925107780/chrs-20251106xex99d1.htm,", Coherus Chief Scientific and Development Officer. Coherus Oncology was recently honored to present our clinical data on CHS-114 showing the cytolytic antibody s potency and selectively, with robust tumoral Treg depletion, immune activatio",0.75,True,2026-07-12T22:13:20Z,SITC,unspecified,observed,2.0
CLDI,1855485,"Calidi Biotherapeutics, Inc.  (CLDI, CLDI-WT)  (CIK 0001855485)",ConferencePresentation,2024-04-09,day,,,sec_edgar,https://www.sec.gov/Archives/edgar/data/1855485/000149315224019358/ex99-1.htm,"osters, including an update from ongoing Phase 1 trial of Calidi s CLD-101 program, to be presented at 2024 ASCO Annual Meeting Presented new data on the mechanisms of action of Calidi s novel immunotherapies at the AACR Annual Meeting Unve",0.75,True,2026-07-12T21:59:36Z,AACR,unspecified,observed,2.0
CLDI,1855485,"Calidi Biotherapeutics, Inc.  (CLDI, CLDWW)  (CIK 0001855485)",ConferencePresentation,2024-11-08,day,,,sec_edgar,https://www.sec.gov/Archives/edgar/data/1855485/000149315224044932/ex99-1.htm,"University IND Application for NeuroNova (CLD-101) Clinical Trial in High-Grade Glioma. - Presented data supporting RTNova (CLD-400), the company s systemic antitumor virotherapy platform, at the International Oncolytic Virotherapy Conferen",0.75,True,2026-07-12T22:12:44Z,SITC,unspecified,observed,2.0
CLDI,1855485,"Calidi Biotherapeutics, Inc.  (CLDI, CLDWW)  (CIK 0001855485)",ConferencePresentation,2025-04-25,day,,,sec_edgar,https://www.sec.gov/Archives/edgar/data/1855485/000149315225003916/ex99-1.htm,ilestones including its systemic platform (RTNova enveloped virotherapies) abstract being accepted for presentation at the American Association for Cancer Research (AACR) Annual Meeting in April 2025 and IND clearance by FDA for a Northwest,0.75,True,2026-07-12T22:09:38Z,AACR,unspecified,observed,2.0
CLDI,1855485,"Calidi Biotherapeutics, Inc.  (CLDI, CLDWW)  (CIK 0001855485)",ConferencePresentation,2025-06-02,day,,,sec_edgar,https://www.sec.gov/Archives/edgar/data/1855485/000164117225022791/ex99-1.htm,rapeutics Reports Second Quarter 2025 Financial Results and Recent Operational Highlights Presented preclinical data at the American Society of Clinical Oncology (ASCO) on CLD-401 demonstrating biological efficacy IL-15 superagonist deliver,0.75,True,2026-07-12T21:59:27Z,ASCO,unspecified,observed,2.0
CLDX,744218,"Celldex Therapeutics, Inc.  (CLDX)  (CIK 0000744218)",ConferencePresentation,2024-02-24,day,,,sec_edgar,https://www.sec.gov/Archives/edgar/data/744218/000117184324004603/exh_991.htm,"tients on study will continue to receive barzolvolimab for 20 weeks and the Company plans to present the full 12 week data from this study at an upcoming medical meeting in the second half of 2024. In February 2024, 12 week treatment result",0.75,True,2026-07-12T22:20:31Z,AAAAI,unspecified,observed,2.0
CLDX,744218,"Celldex Therapeutics, Inc.  (CLDX)  (CIK 0000744218)",ConferencePresentation,2024-10-24,day,,,sec_edgar,https://www.sec.gov/Archives/edgar/data/744218/000117184324006056/exh_991.htm,ough 52 weeks. 12 week primary endpoint data from the Phase 2 study in CIndU (n=196) were presented in a late breaking oral presentation at ACAAI 2024 in October. Barzolvolimab is the first drug to demonstrate clinical benefit in patients w,0.75,True,2026-07-12T22:25:16Z,ACAAI,late-breaking,observed,2.0
CLDX,744218,"Celldex Therapeutics, Inc.  (CLDX)  (CIK 0000744218)",ConferencePresentation,2025-02-10,day,,,sec_edgar,https://www.sec.gov/Archives/edgar/data/744218/000117184325002980/exh_991.htm,"study will be presented later this year. After completing treatment, patients on study are followed for 24 weeks and patients with returning symptoms can enter an o",0.75,True,2026-07-12T22:20:26Z,AAAAI,unspecified,observed,2.0
CLLS,1627281,Cellectis S.A.  (CLLS)  (CIK 0001627281),ConferencePresentation,2023-12-09,day,,,sec_edgar,https://www.sec.gov/Archives/edgar/data/1627281/000117184324003282/exh_991.htm,c CAR T products that would be readily available for all patients. The last clinical data presented by Cellectis at the American Society of Hematology in December 2023 were encouraging and suggested that UCART22-P2 (fully manufactured in-ho,0.75,True,2026-07-12T22:03:24Z,ASH,unspecified,observed,2.0
CLLS,1627281,Cellectis S.A.  (CLLS)  (CIK 0001627281),ConferencePresentation,2024-04-09,day,,,sec_edgar,https://www.sec.gov/Archives/edgar/data/1627281/000095017024065225/clls-ex99_1.htm,"patients with advanced or metastatic renal cell carcinoma (RCC). In April 2023, Allogene presented interim data from its TRAVERSE trial of ALLO-316 at the American Association for Cancer Research (AACR) Annual Meeting. 44 For a discussion",0.75,True,2026-07-12T22:11:21Z,AACR,unspecified,observed,2.0
CLLS,1627281,Cellectis S.A.  (CLLS)  (CIK 0001627281),ConferencePresentation,2024-05-08,day,,,sec_edgar,https://www.sec.gov/Archives/edgar/data/1627281/000117184324002128/exh_991.htm,"sing its pioneering gene-editing platform to develop life-saving cell and gene therapies, will present first data exploring novel TALEN editing processes in hematopoietic stem and progenitor cells (HSPCs) at the American Society of Gene and",0.75,True,2026-07-12T22:16:39Z,ASGCT,unspecified,observed,2.0
CLLS,1627281,Cellectis S.A.  (CLLS)  (CIK 0001627281),ConferencePresentation,2025-05-15,day,,,sec_edgar,https://www.sec.gov/Archives/edgar/data/1627281/000117184325003089/exh_991.htm,"eic CAR T for solid tumors, and one in vivo gene therapy for a genetic disorder Cellectis will present novel non-viral gene editing and base editing research at the 2025 ASGCT annual meeting Cash position of $246 million as of March 31, 202",0.75,True,2026-07-12T22:16:52Z,ASGCT,unspecified,observed,2.0
CLLS,1627281,Cellectis S.A.  (CLLS)  (CIK 0001627281),ConferencePresentation,2025-06-02,day,,,sec_edgar,https://www.sec.gov/Archives/edgar/data/1627281/000117184325004999/exh_991.htm,"is expected by Allogene to occur 1H 2026. Allogene Anti-CD70 CAR-T In June 2025, Allogene presented updated data from the Phase 1 TRAVERSE study of ALLO-316 in renal cell carcinoma during an oral presentation at the 2025 ASCO Annual Meeting",0.75,True,2026-07-12T22:26:21Z,ASCO,oral,observed,2.0
CLLS,1627281,Cellectis S.A.  (CLLS)  (CIK 0001627281),ConferencePresentation,2025-12-06,day,,,sec_edgar,https://www.sec.gov/Archives/edgar/data/1627281/000117184325007781/exh_991.htm,EX-99.1 2 exh_991.htm PRESS RELEASE EdgarFiling EXHIBIT 99.1 ASH 2025: Cellectis Presents Development Plan to Further Enhance High Response Rate Observed for Eti-cel in r/r NHL Eti-cel showed an 88% ORR and 63% CR (n=8) at current,0.75,True,2026-07-12T22:03:23Z,ASH,unspecified,observed,2.0
CLLS,1627281,Cellectis S.A.  (CLLS)  (CIK 0001627281),ConferencePresentation,2026-05-11,day,,,sec_edgar,https://www.sec.gov/Archives/edgar/data/1627281/000117184326003248/exh_991.htm,"tion Preclinical data on TALE-based epigenetic editing, a non-DNA cutting approach, to be presented at ASGCT Servier (through Allogene): Interim pivotal data reported from the ALPHA3 trial of cema-cel (n=24) 58.3% of patients in the cema-ce",0.75,True,2026-07-12T22:16:54Z,ASGCT,unspecified,observed,2.0
CLLS,1627281,Cellectis S.A.  (CLLS)  (CIK 0001627281),ConferencePresentation,2026-06,month,,,sec_edgar,https://www.sec.gov/Archives/edgar/data/1627281/000117184326004006/exh_991.htm,"anageable safety profile. Final Phase 1 data from the BALLI-01 trial of lasme-cel will be presented in an oral session at the 2026 Congress of the European Hematology Association (EHA) this Saturday, June 13 at 5:15 6:30pm CET by Nitin Jain",0.55,True,2026-07-12T22:11:54Z,EHA,oral,projected,2.0
CLNN,1822791,"Clene Inc.  (CLNN, CLNNW)  (CIK 0001822791)",ConferencePresentation,2024-04-16,day,,,sec_edgar,https://www.sec.gov/Archives/edgar/data/1822791/000143774924012182/ex_653935.htm,NCE FOR CLENE S CNM-Au8 AS A TREATMENT FOR REPAIR AND REMYELINATION IN MULTIPLE SCLEROSIS PRESENTED IN THE EMERGING SCIENCE SESSION AT THE 2024 AMERICAN ACADEMY OF NEUROLOGY ANNUAL MEETING Long term extension of the Phase 2 VISIONARY-MS cli,0.75,True,2026-07-12T22:15:09Z,AAN,unspecified,observed,2.0
CLNN,1822791,"Clene Inc.  (CLNN, CLNNW)  (CIK 0001822791)",ConferencePresentation,2025-04-09,day,,,sec_edgar,https://www.sec.gov/Archives/edgar/data/1822791/000143774925026690/ex_829965.htm,"anned to be submitted by the end of 2025. CNM-Au8 for the treatment of MS In April, Clene presented new evidence of remyelination and neuronal repair with CNM-Au8 treatment at the American Academy of Neurology (AAN) Late-Breaking Science Se",0.75,True,2026-07-12T22:15:42Z,AAN,late-breaking,observed,2.0
CLNN,1822791,"Clene Inc.  (CLNN, CLNNW)  (CIK 0001822791)",ConferencePresentation,2025-09-25,day,,,sec_edgar,https://www.sec.gov/Archives/edgar/data/1822791/000143774925029846/ex_863757.htm,EX-99.2 3 ex_863757.htm EXHIBIT 99.2 ex_863757.htm Exhibit 99.2 CLENE PRESENTS NEW CLINICAL DATA AT ECTRIMS 2025 MEETING DEMONSTRATING CNM-Au8 IMPROVES BRAIN ENERGY METABOLISM IN MULTIPLE SCLEROSIS PATIENTS Late-breaking,0.75,True,2026-07-12T22:16:11Z,ECTRIMS,late-breaking,observed,2.0
CLRB,1279704,"Cellectar Biosciences, Inc.  (CLRB)  (CIK 0001279704)",ConferencePresentation,2024-12-09,day,,,sec_edgar,https://www.sec.gov/Archives/edgar/data/1279704/000110465925096928/tm2528016d1_ex99-1.htm,"of 83.6% and a major response rate (MRR) of 58.2% (95% CI, 0.42 to 0.67). These data were presented as a podium presentation during the 66th Annual American Society of Hematology Conference in December 2024 by Sikander Ailawadhi, M.D., Prof",0.75,True,2026-07-12T22:04:06Z,ASH,oral,observed,2.0
CLRB,1279704,"Cellectar Biosciences, Inc.  (CLRB)  (CIK 0001279704)",ConferencePresentation,2025-12-06,day,,,sec_edgar,https://www.sec.gov/Archives/edgar/data/1279704/000110465925003208/tm253236d1_ex99-1.htm,it 99.1 Cellectar Biosciences to Highlight 2025 Strategic Initiatives at Upcoming Biotech Showcase during the JP Morgan Healthcare Conference Oral Presentation Presented at ASH 2024 Showed Iopofosine I 131 Achieved an 83.6% ORR and Exceeded,0.75,True,2026-07-12T22:03:37Z,ASH,oral,observed,2.0
CMMB,1534248,Chemomab Therapeutics Ltd.  (CMMB)  (CIK 0001534248),ConferencePresentation,2024-11-18,day,,,sec_edgar,https://www.sec.gov/Archives/edgar/data/1534248/000117891325000658/exhibit_99-1.htm,"2024, Chemomab reported that data from its Phase 2 SPRING trial in patients with PSC was presented at the American Association for the Study of Liver Disease (AASLD) The Liver Meeting 2024. In an oral, late-breaking presentation, Professor",0.75,True,2026-07-12T22:17:36Z,AASLD,late-breaking,observed,2.0
CMMB,1534248,Chemomab Therapeutics Ltd.  (CMMB)  (CIK 0001534248),ConferencePresentation,2025-05-08,day,,,sec_edgar,https://www.sec.gov/Archives/edgar/data/1534248/000117891326001550/exhibit_99-1.htm,"ished Abstract Plenary session at Digestive Disease Week (DDW 2025). The DDW 2025 session presented data from the double-blind, placebo-controlled 15-week treatment period and the 48-week open label extension portion of the study. On April",0.75,True,2026-07-12T22:17:37Z,EASL,plenary,observed,2.0
CMMB,1534248,Chemomab Therapeutics Ltd.  (CMMB)  (CIK 0001534248),ConferencePresentation,2025-11-10,day,,,sec_edgar,https://www.sec.gov/Archives/edgar/data/1534248/000117891325003932/exhibit_99-1.htm,Improvements in Key Biomarkers in PSC Patients Treated with Nebokitug for Up to 48 Weeks Presented at AASLD 2025 New Clinical Data Presented at AASLD 2025 Provides Insights on Nebokitug s Direct Macrophage-Mediated Mechanisms that Are Rele,0.75,True,2026-07-12T22:17:31Z,AASLD,unspecified,observed,2.0
CMPX,1738021,"Compass Therapeutics, Inc.  (CMPX)  (CIK 0001738021)",ConferencePresentation,2024-05-23,day,,,sec_edgar,https://www.sec.gov/Archives/edgar/data/1738021/000117184325001105/exh_991.htm,"unique epitope of the co-stimulatory molecule 4-1BB with an optimized affinity. In 2024, presented CTX-471 clinical data at multiple scientific meetings, including data demonstrating durable clinical responses in Phase 1 presented at the A",0.75,True,2026-07-12T21:59:57Z,ASCO,unspecified,observed,2.0
CMPX,1738021,"Compass Therapeutics, Inc.  (CMPX)  (CIK 0001738021)",ConferencePresentation,2025-11-07,day,,,sec_edgar,https://www.sec.gov/Archives/edgar/data/1738021/000117184325007004/exh_991.htm,"blockade, and more potent PD-1 blockade in in vitro studies. The preclinical data will be presented this week at the Society for Immunotherapy of Cancer (SITC) 2025 Annual Meeting in a poster presentation titled Preclinical Development of C",0.75,True,2026-07-12T22:13:05Z,SITC,poster,observed,2.0
CNTB,1835268,Connect Biopharma Holdings Ltd  (CNTB)  (CIK 0001835268),ConferencePresentation,2023-03-18,day,,,sec_edgar,https://www.sec.gov/Archives/edgar/data/1835268/000183526824000012/cntb-fy23financialresultsx.htm,severe AD at the American Academy of Dermatology (AAD) Annual Meeting in March 2023. Data presented showed that patients treated with rademikibart were observed to demonstrate rapid and sustained improvements at Week 16 in the primary popul,0.75,True,2026-07-12T22:19:52Z,AAD,late-breaking,observed,2.0
CNTB,1835268,Connect Biopharma Holdings Ltd  (CNTB)  (CIK 0001835268),ConferencePresentation,2024-05-20,day,,,sec_edgar,https://www.sec.gov/Archives/edgar/data/1835268/000183526824000023/cntbh12024earningsreleasef.htm,announced the initiation of Phase 3 trials in China in moderate-to-severe AD and asthma. Presented a late-breaking poster presentation on the positive results from the rademikibart global Phase 2b trial in patients with moderate-to-severe,0.75,True,2026-07-12T22:23:48Z,ATS,late-breaking,observed,2.0
CNTB,1835268,Connect Biopharma Holdings Ltd  (CNTB)  (CIK 0001835268),ConferencePresentation,2025-05-19,day,,,sec_edgar,https://www.sec.gov/Archives/edgar/data/1835268/000183526825000029/exhibit991-copdpressrelease.htm,"improvements being observed in patients with elevated baseline eosinophil counts. Connect will present these data at the upcoming American Thoracic Society (ATS) 2025 International Conference, taking place May 18-21, 2025, in San Francisco.",0.75,True,2026-07-12T22:23:49Z,ATS,unspecified,observed,2.0
CNTB,1835268,Connect Biopharma Holdings Ltd  (CNTB)  (CIK 0001835268),ConferencePresentation,2025-09-29,day,,,sec_edgar,https://www.sec.gov/Archives/edgar/data/1835268/000183526825000057/cntbq32025earningsrelease.htm,ations is ongoing with topline data from both studies expected in the first half of 2026. Presented additional analyses from the Company s previously completed global Phase 2 trial of rademikibart in patients with moderate-to-severe uncontr,0.75,True,2026-07-12T22:24:13Z,ERS,unspecified,observed,2.0
COGT,1622229,"Cogent Biosciences, Inc.  (COGT)  (CIK 0001622229)",ConferencePresentation,2023-10-12,day,,,sec_edgar,https://www.sec.gov/Archives/edgar/data/1622229/000095017024019754/cogt-ex99_1.htm,"ated with the combination have reached confirmed partial response status In October 2023, presented updated preclinical data from the Company s next-generation selective fibroblast growth factor receptor 2 (FGFR2) program in a poster presen",0.75,True,2026-07-12T22:01:12Z,ENA,poster,observed,2.0
COGT,1622229,"Cogent Biosciences, Inc.  (COGT)  (CIK 0001622229)",ConferencePresentation,2025-12-06,day,,,sec_edgar,https://www.sec.gov/Archives/edgar/data/1622229/000119312525273315/d54064d8k.htm,"er 2025. APEX is a registration-directed, global, open-label trial in patients with AdvSM Present multiple bezuclastinib presentations at the 67th Annual Meeting of the American Society of Hematology ( ASH ), including two oral presentation",0.75,True,2026-07-12T22:03:48Z,ASH,oral,observed,2.0
CORT,0001088856,CORCEPT THERAPEUTICS INC  (CORT)  (CIK 0001088856),ConferencePresentation,2025-06-02,day,,,sec_edgar,https://www.sec.gov/Archives/edgar/data/1088856/000119312526018704/d96058dex991.htm,the risk of disease progression (hazard ratio: 0.70; p-value: 0.008). Findings were first presented at ASCO 2025 (American Society of Clinical Oncology) with simultaneous publication in The Lancet . Complete results from ROSELLA will be pre,0.75,True,2026-07-24T12:04:59Z,ASCO,unspecified,observed,
CRBP,1595097,"Corbus Pharmaceuticals Holdings, Inc.  (CRBP)  (CIK 0001595097)",ConferencePresentation,2024-05-23,day,,,sec_edgar,https://www.sec.gov/Archives/edgar/data/1595097/000095017024067651/crbp-20240601.htm,"-701) conducted by the Company s development partner, CSPC Pharmaceutical Group, that was presented at the American Society of Clinical Oncology Annual Conference (the ASCO Annual Conference ) on June 1, 2024. A copy of the press release is",0.75,True,2026-07-12T21:59:04Z,ASCO,unspecified,observed,2.0
CRBP,1595097,"Corbus Pharmaceuticals Holdings, Inc.  (CRBP)  (CIK 0001595097)",ConferencePresentation,2024-11,month,,,sec_edgar,https://www.sec.gov/Archives/edgar/data/1595097/000095017024122839/crbp-ex99_1.htm,"Trial of its Next-Generation Nectin-4 Targeting ADC (CRB-701) - First data expected to be presented in Q1 2025 Presented New CRB-913 Pre-Clinical Data at Obesity Week 2024 - Phase 1 Trial Expected to Commence in Q1 2025 Norwood, MA, Novembe",0.55,True,2026-07-12T22:26:46Z,OBESITYWEEK,unspecified,projected,2.0
CRBP,1595097,"Corbus Pharmaceuticals Holdings, Inc.  (CRBP)  (CIK 0001595097)",ConferencePresentation,2025-02-14,day,,,sec_edgar,https://www.sec.gov/Archives/edgar/data/1595097/000095017025063990/crbp-ex99_1.htm,"March 31, 2025. During the first quarter of 2025, we continued to advance our pipeline by presenting encouraging CRB-701 Phase 1 solid tumor data from U.S. and U.K. sites at ASCO GU and initiating the CRB-913 Phase 1 study in obesity, said",0.75,True,2026-07-12T22:26:43Z,ASCO-GU,unspecified,observed,2.0
CRBP,1595097,"Corbus Pharmaceuticals Holdings, Inc.  (CRBP)  (CIK 0001595097)",ConferencePresentation,2025-10-17,day,,,sec_edgar,https://www.sec.gov/Archives/edgar/data/1595097/000119312525243046/crbp-20251018.htm,"s release announcing data from its Phase 1/2 clinical study of CRB-701 (SYS6002) that was presented at the 2025 European Society for Medical Oncology Congress ( ESMO25 ) on October 19, 2025. A copy of the press release is furnished as Exhib",0.75,True,2026-07-12T22:06:43Z,ESMO,unspecified,observed,2.0
CRBP,1595097,"Corbus Pharmaceuticals Holdings, Inc.  (CRBP)  (CIK 0001595097)",ConferencePresentation,2026-06-02,day,,,sec_edgar,https://www.sec.gov/Archives/edgar/data/1595097/000119312526144588/crbp-ex99_1.htm,"erated approval in second-line HNSCC and cervical cancer Updated CRB-701 monotherapy data accepted for presentation at ASCO 2026 Dr. Dominic Smethurst to step down as Corbus Chief Medical Officer on June 30, 2026 Norwood, MA, April 7, 2026",0.75,True,2026-07-12T21:58:53Z,ASCO,unspecified,observed,2.0
CRBU,1619856,"Caribou Biosciences, Inc.  (CRBU)  (CIK 0001619856)",ConferencePresentation,2024-04-09,day,,,sec_edgar,https://www.sec.gov/Archives/edgar/data/1619856/000161985624000012/crbu-20240311xexx991.htm,"data for CB-012 highlighting the investigational new drug (IND)-enabling studies will be presented as a poster presentation at the American Association for Cancer Research (AACR) Annual Meeting 2024, held April 5-10, 2024 in San Diego. CB-",0.75,True,2026-07-12T22:10:53Z,AACR,poster,observed,2.0
CRBU,1619856,"Caribou Biosciences, Inc.  (CRBU)  (CIK 0001619856)",ConferencePresentation,2024-05-23,day,,,sec_edgar,https://www.sec.gov/Archives/edgar/data/1619856/000161985624000046/crbu-20240603xexx991.htm,EX-99.1 2 crbu-20240603xexx991.htm EX-99.1 Document Exhibit 99.1 Caribou Biosciences Presents Encouraging Clinical Data from CB-010 ANTLER Phase 1 Trial in Second-line LBCL Patients at the 2024 American Society of Clinical Oncology (AS,0.75,True,2026-07-12T21:58:19Z,ASCO,unspecified,observed,2.0
CRBU,1619856,"Caribou Biosciences, Inc.  (CRBU)  (CIK 0001619856)",ConferencePresentation,2024-11-18,day,,,sec_edgar,https://www.sec.gov/Archives/edgar/data/1619856/000161985624000080/crbu-20241106xexx991.htm,for the Treatment of Patients with Refractory Systemic Lupus Erythematosus (SLE) is to be presented by Elizabeth Gar,0.75,True,2026-07-12T22:19:02Z,ACR,poster,observed,2.0
CRDF,1213037,"Cardiff Oncology, Inc.  (CRDF)  (CIK 0001213037)",ConferencePresentation,2025-12-06,day,,,sec_edgar,https://www.sec.gov/Archives/edgar/data/1213037/000119312526024375/crdf-ex99_2.htm,a (CMML). Promising monotherapy clinical results from an ongoing CMML trial were recently presented at the American Society of Hematology annual meeting in December 2025. CMML represents a rare disease with significant un met need. About Ca,0.75,True,2026-07-12T22:03:44Z,ASH,unspecified,observed,2.0
CRDF,1213037,"Cardiff Oncology, Inc.  (CRDF)  (CIK 0001213037)",ConferencePresentation,2026-04-21,day,,,sec_edgar,https://www.sec.gov/Archives/edgar/data/1213037/000121303726000013/crdf-ex99_1.htm,ant added toxicity observed. More details available here . Preclinical Highlights Company Presented New Preclinical Data at the 2026 American Association for Cancer Research (AACR) Annual Meeting Supporting Rationale for Onvansertib in Comb,0.75,True,2026-07-12T21:58:06Z,AACR,unspecified,observed,2.0
CRIS,1108205,CURIS INC  (CRIS)  (CIK 0001108205),ConferencePresentation,2024-05-23,day,,,sec_edgar,https://www.sec.gov/Archives/edgar/data/1108205/000110820524000035/cris-20240514.htm,udy (CA-4948-102) in relapsed/refractory ( R/R ) Acute Myelogenous Leukemia ( AML ) to be presented at the American Society of Clinical Oncology ( ASCO ) and the European Hematology Association ( EHA ) conferences. The updated data includes,0.75,True,2026-07-12T22:00:25Z,ASCO,unspecified,observed,2.0
CRIS,1108205,CURIS INC  (CRIS)  (CIK 0001108205),ConferencePresentation,2024-12-09,day,,,sec_edgar,https://www.sec.gov/Archives/edgar/data/1108205/000110820524000071/a3q24earningspressrelease.htm,"ear to be durable, said James Dentzer, Curis Chief Executive Officer. We are also excited to present additional clinical data in our TakeAim Leukemia study next month at ASH. We believe the positive momentum as we finish the year sets us up",0.75,True,2026-07-12T22:04:23Z,ASH,unspecified,observed,2.0
CRIS,1108205,CURIS INC  (CRIS)  (CIK 0001108205),ConferencePresentation,2026-01-08,day,,,sec_edgar,https://www.sec.gov/Archives/edgar/data/1108205/000110820526000059/a1q26earningspressrelease.htm,"id Tumors Dr. Patrick Grierson, Siteman Cancer Center, Washington University in St Louis, presented a poster with initial clinical data in gastric and esophageal cancer at the ASCO Gastrointestinal Cancers Symposium in January 2026. In this",0.75,True,2026-07-12T22:14:30Z,ASCO-GI,poster,observed,2.0
CRIS,1108205,CURIS INC  (CRIS)  (CIK 0001108205),ConferencePresentation,2026-06-02,day,,,sec_edgar,https://www.sec.gov/Archives/edgar/data/1108205/000110820525000105/a3q25earningspressrelease.htm,served in the 14-day cohort and both resolved Solid Tumors Curis will be presenting initial clinical data from a Phase 1 Investigator Sponsored Study (IST) evaluating emavusertib in combination with gemcitabine and nab-pacl,0.75,True,2026-07-12T22:01:56Z,ASCO,poster,observed,2.0
CRNX,1658247,"Crinetics Pharmaceuticals, Inc.  (CRNX)  (CIK 0001658247)",ConferencePresentation,2024-06-03,day,,,sec_edgar,https://www.sec.gov/Archives/edgar/data/1658247/000095017024055872/crnx-ex99_1.htm,EX-99.1 2 crnx-ex99_1.htm EX-99.1 EX-99.1 EXHIBIT 99.1 Crinetics Pharmaceuticals to Present Advancements from Atumelnant (CRN04894) and Paltusotine Development Programs at ENDO 2024 Initial Data from Phase 2 Trial of Atumelnant in,0.75,True,2026-07-12T22:21:43Z,ENDO,unspecified,observed,2.0
CRNX,1658247,"Crinetics Pharmaceuticals, Inc.  (CRNX)  (CIK 0001658247)",ConferencePresentation,2025-07-12,day,,,sec_edgar,https://www.sec.gov/Archives/edgar/data/1658247/000095017025091613/crnx-20250630.htm,"ess release announcing eight abstracts from its novel clinical development programs to be presented at the Endocrine Society s Annual Meeting, ENDO 2025, which is taking place from July 12-15, 2025 in San Francisco, California. The full tex",0.75,True,2026-07-12T22:21:44Z,ENDO,unspecified,observed,2.0
CRSP,1674416,CRISPR Therapeutics AG  (CRSP)  (CIK 0001674416),ConferencePresentation,2024-06-14,day,,,sec_edgar,https://www.sec.gov/Archives/edgar/data/1674416/000095017024090727/crsp-ex99_1.htm,"ong-term data from CLIMB-111, CLIMB-121 and the long-term follow-up study of CASGEVY were presented at the 2024 Annual European Hematology Association Congress. These long-term data from more than 100 patients dosed with CASGEVY, with the l",0.75,True,2026-07-12T22:12:25Z,EHA,unspecified,observed,2.0
CRSP,1674416,CRISPR Therapeutics AG  (CRSP)  (CIK 0001674416),ConferencePresentation,2025-12-06,day,,,sec_edgar,https://www.sec.gov/Archives/edgar/data/1674416/000119312526048873/crsp-ex99_1.htm,pediatric data from the pivotal studies in children ages 5-11 years with SCD or TDT were presented and featured in the Best of ASH program. Global regulatory submissions in this age group are expected to begin in the firs,0.75,True,2026-07-12T22:04:53Z,ASH,unspecified,observed,2.0
CRSP,1674416,CRISPR Therapeutics AG  (CRSP)  (CIK 0001674416),ConferencePresentation,2026-12-12,day,,,sec_edgar,https://www.sec.gov/Archives/edgar/data/1674416/000119312525273329/crsp-ex99_1.htm,"CD and TDT, with enrollment in two global Phase 3 studies completed; initial data will be presented at the upcoming American Society of Hematology (ASH) annual meeting- -Clinical trials ongoing for CTX112 , targeting CD19, across multiple i",0.75,True,2026-07-12T22:03:19Z,ASH,unspecified,observed,2.0
CRVO,1053691,CervoMed Inc.  (CRVO)  (CIK 0001053691),ConferencePresentation,2024-07-29,day,,,sec_edgar,https://www.sec.gov/Archives/edgar/data/1053691/000143774924024329/crvo20240801_8k.htm,"e AscenD-LB Phase 2a trial of neflamapimod in patients with dementia with Lewy bodies was featured in a poster presentation at the Alzheimer's Association International Conference held in Philadelphia, Pennsylvania from July 28-August 1, 20",0.75,True,2026-07-12T22:16:05Z,AAIC,poster,observed,2.0
CRVO,1053691,CervoMed Inc.  (CRVO)  (CIK 0001053691),ConferencePresentation,2024-10-29,day,,,sec_edgar,https://www.sec.gov/Archives/edgar/data/1053691/000143774924032540/ex_739959.htm,pline results for RewinD-LB are expected to be disclosed in December 2024 and we are also presenting data on RewinD-LB baseline patient characteristics at the upcoming Clinical Trials on Alzheimer's Disease Conference (CTAD). Based on our p,0.75,True,2026-07-12T22:16:01Z,CTAD,unspecified,observed,2.0
CRVO,1053691,CervoMed Inc.  (CRVO)  (CIK 0001053691),ConferencePresentation,2025-04-01,day,,,sec_edgar,https://www.sec.gov/Archives/edgar/data/1053691/000143774925011178/ex_799129.htm,EX-99.1 2 ex_799129.htm EXHIBIT 99.1 ex_799129.htm Exhibit 99.1 Investigators to Present Clinical Trial Results Showing Neflamapimod Slows Clinical Progression in Dementia with Lewy Bodies in Oral Presentation at AD/PD 2025 Duri,0.75,True,2026-07-12T22:25:59Z,ADPD,oral,observed,2.0
CRVO,1053691,CervoMed Inc.  (CRVO)  (CIK 0001053691),ConferencePresentation,2026-04-21,day,,,sec_edgar,https://www.sec.gov/Archives/edgar/data/1053691/000143774926013037/crvo20260422_8k.htm,r us ) issued a press release announcing data from the Company s Phase 2b RewinD-LB trial presented at the 2026 American Academy of Neurology ( AAN ) Annual Meeting that demonstrated neflamapimod increased basal forebrain volume and functio,0.75,True,2026-07-12T22:15:19Z,AAN,unspecified,observed,2.0
CRVO,1053691,CervoMed Inc.  (CRVO)  (CIK 0001053691),ConferencePresentation,2026-11-16,day,,,sec_edgar,https://www.sec.gov/Archives/edgar/data/1053691/000143774926023200/ex_986455.htm,"ant Primary Progressive Aphasia, a Type of Frontotemporal Dementia Interim biomarker data accepted for presentation at the 19 th Clinical Trials on Alzheimer's Disease (CTAD) conference Recent peer-reviewed data published in Nature Neurosci",0.75,True,2026-07-12T22:16:03Z,CTAD,unspecified,observed,2.0
CRVS,1626971,"Corvus Pharmaceuticals, Inc.  (CRVS)  (CIK 0001626971)",ConferencePresentation,2024-11-08,day,,,sec_edgar,https://www.sec.gov/Archives/edgar/data/1626971/000117184324006284/exh_991.htm,"presenting the data. Therefore, we will not be presenting this data at the GU Malignancy conference taking place in late November and will instead tar",0.75,True,2026-07-12T22:13:16Z,SITC,unspecified,observed,2.0
CRVS,1626971,"Corvus Pharmaceuticals, Inc.  (CRVS)  (CIK 0001626971)",ConferencePresentation,2025-06-11,day,,,sec_edgar,https://www.sec.gov/Archives/edgar/data/1626971/000117184325005180/exh_991.htm,"eclinical data highlighting the potential of soquelitinib to treat systemic sclerosis was presented in a poster session at the European Alliance of Associations for Rheumatology (EULAR) 2025 Congress, where it was selected as a top 10 abstr",0.75,True,2026-07-12T22:19:34Z,EULAR,poster,observed,2.0
CRVS,1626971,"Corvus Pharmaceuticals, Inc.  (CRVS)  (CIK 0001626971)",ConferencePresentation,2025-12-06,day,,,sec_edgar,https://www.sec.gov/Archives/edgar/data/1626971/000117184325006973/exh_991.htm,ell lymphoma (PTCL) enrolling with multiple clinical sites open; final Phase 1/1b results accepted for oral presentation at the American Society of Hematology Annual Meeting Conference call and webcast today at 4:30 p.m. ET / 1:30 p.m. PT S,0.75,True,2026-07-12T22:03:07Z,ASH,oral,observed,2.0
CUE,1645460,"Cue Biopharma, Inc.  (CUE)  (CIK 0001645460)",ConferencePresentation,2024-05-23,day,,,sec_edgar,https://www.sec.gov/Archives/edgar/data/1645460/000095017024056848/cue-ex99_1.htm,iness and financial update for the first quarter 2024. Recent Business Highlights CUE-101 abstract accepted for an oral presentation and poster presentation at the upcoming 2024 American Society of Clinical Oncology (ASCO) Annual Meeting sc,0.75,True,2026-07-12T21:57:59Z,ASCO,oral,observed,2.0
CUE,1645460,"Cue Biopharma, Inc.  (CUE)  (CIK 0001645460)",ConferencePresentation,2024-11-08,day,,,sec_edgar,https://www.sec.gov/Archives/edgar/data/1645460/000095017024127004/cue-ex99_1.htm,a business and financial update for the third quarter of 2024. Recent Business Highlights Presented positive updated data from the Phase 1 trials of CUE-101 and CUE-102 at the Society for Immunotherapy of Cancer s 39th Annual Meeting (SITC,0.75,True,2026-07-12T22:13:00Z,SITC,unspecified,observed,2.0
CVM,725363,CEL SCI CORP  (CVM)  (CIK 0000725363),ConferencePresentation,2024-09-16,day,,,sec_edgar,https://www.sec.gov/Archives/edgar/data/725363/000165495424011975/cvm_8k.htm,"ata from its concluded Phase 3 study of Multikine (Leukocyte Interleukin, Injection) were presented at the European Society for Medical Oncology (ESMO) 2024 Congress on Saturday, September 14, 2024 in a poster titled Prognostic significance",0.75,True,2026-07-12T22:06:26Z,ESMO,poster,observed,2.0
DCOY,1615219,"Salarius Pharmaceuticals, Inc.  (SLRX)  (CIK 0001615219)",ConferencePresentation,2024-06-14,day,,,sec_edgar,https://www.sec.gov/Archives/edgar/data/1615219/000161521924000049/a061724slrxmdandersonehase.htm,ment Clinical Data on Salarius Pharmaceuticals Seclidemstat in Patients with MDS and CMML Presented at the 2024 European Hematology Association Annual Meeting Patients were treated in the dose-escalation portion of the Phase 1 2 study evalu,0.75,True,2026-07-12T22:11:43Z,EHA,unspecified,observed,2.0
DRTS,0001871321,"Alpha Tau Medical Ltd.  (DRTS, DRTSW)  (CIK 0001871321)",ConferencePresentation,2026-06-02,day,,,sec_edgar,https://www.sec.gov/Archives/edgar/data/1871321/000121390026047783/ea028769001ex99-1.htm,"al Meeting, Showcasing Combined Results from Three Alpha DaRT Pancreatic Cancer Studies - Abstract accepted at the American Society of Clinical Oncology (ASCO) Annual Meeting - the world s largest and most prestigious medical oncology confe",0.75,True,2026-07-24T12:04:18Z,ASCO,unspecified,observed,
DTIL,1357874,PRECISION BIOSCIENCES INC  (DTIL)  (CIK 0001357874),ConferencePresentation,2024-06-05,day,,,sec_edgar,https://www.sec.gov/Archives/edgar/data/1357874/000095017024088950/dtil-ex99_1.htm,lication of gene editing to the treatment of chronic Hepatitis B during the HBV Forum and presented new preclinical safety data for PBGENE-HBV at the European Association for the Study of the Liver. This data further supported the ability o,0.75,True,2026-07-12T22:18:31Z,EASL,unspecified,observed,2.0
DTIL,1357874,PRECISION BIOSCIENCES INC  (DTIL)  (CIK 0001357874),ConferencePresentation,2025-05-08,day,,,sec_edgar,https://www.sec.gov/Archives/edgar/data/1357874/000095017025072016/dtil-ex99_1.htm,ohort in the ongoing Phase 1 ELIMINATE-B trial evaluating PBGENE-HBV; initial safety data presented at EASL; ongoing clinical updates anticipated throughout 2025 - Received regulatory clearance of IND from the U.S. FDA to expand ELIMINATE-B,0.75,True,2026-07-12T22:16:55Z,EASL,unspecified,observed,2.0
DYN,1818794,"Dyne Therapeutics, Inc.  (DYN)  (CIK 0001818794)",ConferencePresentation,2024-04-16,day,,,sec_edgar,https://www.sec.gov/Archives/edgar/data/1818794/000095017024052142/dyn-ex99_1.htm,g Q8W cohort. o Positive initial clinical data from DELIVER reported in January 2024 were featured in oral presentations at the MDA Clinical Scientific Conference in March 2024 and the American Academy of Neurology 2024 Annual Meeting in Ap,0.75,True,2026-07-12T22:15:24Z,AAN,oral,observed,2.0
EDIT,1650664,"Editas Medicine, Inc.  (EDIT)  (CIK 0001650664)",ConferencePresentation,2024-05-08,day,,,sec_edgar,https://www.sec.gov/Archives/edgar/data/1650664/000165066424000034/editasmedicinepressrelease.htm,hase 1 2 3 RUBY clinical trial of reni-cel for severe sickle cell disease On track to present additional clinical data from the RUBY trial and the EdiTHAL trial of reni-cel for transfusion-dependent beta-thalassemia in mid-2024 and a,0.75,True,2026-07-12T22:16:33Z,ASGCT,unspecified,observed,2.0
EDIT,1650664,"Editas Medicine, Inc.  (EDIT)  (CIK 0001650664)",ConferencePresentation,2024-06-14,day,,,sec_edgar,https://www.sec.gov/Archives/edgar/data/1650664/000165066424000078/edit-20240614.htm,"nd Efficacy Data from the RUBY Trial of Reni-cel in 18 Patients with Sickle Cell Disease, Presented at the European Hematology Association (EHA) Annual Congress, a copy of which is furnished as Exhibit 99.1 hereto, and the other titled Edit",0.75,True,2026-07-12T22:11:42Z,EHA,unspecified,observed,2.0
EDIT,1650664,"Editas Medicine, Inc.  (EDIT)  (CIK 0001650664)",ConferencePresentation,2024-12-09,day,,,sec_edgar,https://www.sec.gov/Archives/edgar/data/1650664/000165066424000114/editasmedicinestrategicupd.htm,"glogene autogedtemcel, previously EDIT-301) for Severe Sickle Cell Disease (SCD) On-track to present a substantive clinical data set of sickle cell patients with considerable clinical follow-up in the RUBY trial at the American Society of H",0.75,True,2026-07-12T22:03:45Z,ASH,unspecified,observed,2.0
EDIT,1650664,"Editas Medicine, Inc.  (EDIT)  (CIK 0001650664)",ConferencePresentation,2025-05-15,day,,,sec_edgar,https://www.sec.gov/Archives/edgar/data/1650664/000165066425000123/editasmedicinepressrelease.htm,"s part of collaboration with Bristol Myers Squibb, triggering milestone payment to Editas Presented data at ASGCT, TIDES, and EHA that validate differentiated potential of Editas gene upregulation strategy and in vivo delivery platform tech",0.75,True,2026-07-12T22:12:06Z,ASGCT,unspecified,observed,2.0
ELDN,1404281,"Eledon Pharmaceuticals, Inc.  (ELDN)  (CIK 0001404281)",ConferencePresentation,2023-11-02,day,,,sec_edgar,https://www.sec.gov/Archives/edgar/data/1404281/000095017024038008/eldn-ex99_1.htm,"70 mL/min/1.73m 2 at all reported time points after 90 days post-transplant. Results were presented at the American Society of Nephrology Kidney Week 2023 Annual Meeting held in Philadelphia, PA in November 2023. Amended Phase 1b trial prot",0.75,True,2026-07-12T22:23:37Z,ASN,unspecified,observed,2.0
ELDN,1404281,"Eledon Pharmaceuticals, Inc.  (ELDN)  (CIK 0001404281)",ConferencePresentation,2025-11-06,day,,,sec_edgar,https://www.sec.gov/Archives/edgar/data/1404281/000119312525270286/eldn-ex99_1.htm,EX-99.1 2 eldn-ex99_1.htm EX-99.1 EX-99.1 Exhibit 99.1 Eledon Presents Phase 2 BESTOW Trial Results for Tegoprubart for the Prevention of Rejection in Kidney Transplantation at the American Society of Nephrology,0.75,True,2026-07-12T22:23:24Z,ASN,unspecified,observed,2.0
ELTX,1601485,"Elicio Therapeutics, Inc.  (ELTX)  (CIK 0001601485)",ConferencePresentation,2023-06-05,day,,,sec_edgar,https://www.sec.gov/Archives/edgar/data/1601485/000114036124001416/ef20018418_ex99-1.htm,"l Cancer: The phase 1 AMPLIFY-201 Trial , details expanded and updated results originally presented at the 2023 American Society of Clinical Oncology ( ASCO ) Annual Meeting and the 2023 AACR Special Conference on Pancreatic Cancer. When tu",0.75,True,2026-07-12T21:59:31Z,ASCO,unspecified,observed,2.0
ELTX,1601485,"Elicio Therapeutics, Inc.  (ELTX)  (CIK 0001601485)",ConferencePresentation,2024-04-09,day,,,sec_edgar,https://www.sec.gov/Archives/edgar/data/1601485/000160148524000074/q3earnings_prx11-12x24xf.htm,"ll and humoral immune responses in mice and non-human primates. In September 2024, Elicio presented clinical data from the AMPLIFY-7P Phase 1a study at the American Association for Cancer Research ( AACR ) Special Conference in Cancer Resea",0.75,True,2026-07-12T22:07:25Z,AACR,plenary,observed,2.0
ELTX,1601485,"Elicio Therapeutics, Inc.  (ELTX)  (CIK 0001601485)",ConferencePresentation,2024-11-08,day,,,sec_edgar,https://www.sec.gov/Archives/edgar/data/1601485/000119312524269400/d858884dex991.htm,"data highlighting the relationship between vaccine immunogenicity and DFS, were recently presented at the Society for Immunotherapy of Cancer ( SITC ) 2024 Annual Meeting. About Elicio Therapeutics Elicio Therapeutics, Inc. (Nasdaq: ELTX)",0.75,True,2026-07-12T22:12:57Z,SITC,unspecified,observed,2.0
ELTX,1601485,"Elicio Therapeutics, Inc.  (ELTX)  (CIK 0001601485)",ConferencePresentation,2025-11-07,day,,,sec_edgar,https://www.sec.gov/Archives/edgar/data/1601485/000160148525000123/elicioq325prdraft_111320.htm,"rt Connelly, Chief Executive O icer of Elicio. Recent Highlights In November 2025, Elicio presented updated Phase 2 AMPLIFY-7P data at the Society for Immunotherapy of Cancer s Annual Meeting, showing that ELI-002 7P induced mutant KRAS ( m",0.75,True,2026-07-12T22:13:09Z,SITC,unspecified,observed,2.0
ELVN,1672619,"Enliven Therapeutics, Inc.  (ELVN, IMRA)  (CIK 0001672619)",ConferencePresentation,2025-06-12,day,,,sec_edgar,https://www.sec.gov/Archives/edgar/data/1672619/000095017025071387/elvn-ex99_1.htm,iness Update Updated data from the Phase 1 ENABLE clinical trial of ELVN-001 in CML to be presented at the EHA 2025 Congress in June EHA abstract reported cumulative MMR rate of 44% (16 of 36) by 24 weeks with 26% (7 of 27) of patients achi,0.75,True,2026-07-12T22:12:14Z,EHA,oral,observed,2.0
ENGNW,1980845,"enGene Holdings Inc.  (ENGN, ENGNW)  (CIK 0001980845)",ConferencePresentation,2025-02-14,day,,,sec_edgar,https://www.sec.gov/Archives/edgar/data/1980845/000119312525275722/d28722dex994.htm,"ion, NK, natural killer; RIG-I, retinoic acid inducible gene I. Narayan VM, et al. Poster presented at: ASCO Genitourinary Cancers Symposium; February 13-15, 2025; San Francisco, CA. DDX Platform Designed to Support Industrial-Scale Manufac",0.75,True,2026-07-12T22:14:43Z,ASCO-GU,poster,observed,2.0
ENTX,1638097,Entera Bio Ltd.  (ENTX)  (CIK 0001638097),ConferencePresentation,2024-06-03,day,,,sec_edgar,https://www.sec.gov/Archives/edgar/data/1638097/000117891324002520/exhibit_99-1.htm,"PTH(1-34) Peptide Replacement Therapy Tablets for Hypoparathyroidism In June 2024, Entera presented Phase 1 clinical data for its hypoparathyroidism focused investigational program, EB612, at the Endocrine Society ENDO 2024 Annual Meeting.",0.75,True,2026-07-12T22:21:45Z,ENDO,unspecified,observed,2.0
ENTX,1638097,"Entera Bio Ltd.  (ENTX, ENTXW)  (CIK 0001638097)",ConferencePresentation,2025-07-12,day,,,sec_edgar,https://www.sec.gov/Archives/edgar/data/1638097/000117891325003851/exhibit_99-1.htm,P-1/Glucagon OXM Tablet Program (in collaboration with OPKO) Encouraging preclinical data presented at the Endocrine Society (ENDO) 2025 annual meeting: In the abstract titled First-in-Class Oral Dual GLP-1/Glucagon Agonist for Patients wit,0.75,True,2026-07-12T22:21:49Z,ENDO,unspecified,observed,2.0
ERAS,1761918,"Erasca, Inc.  (ERAS)  (CIK 0001761918)",ConferencePresentation,2025-04-25,day,,,sec_edgar,https://www.sec.gov/Archives/edgar/data/1761918/000119312525178950/eras-ex99_1.htm,"ant (RASm) solid tumors, which is being evaluated in the AURORAS-1 Phase 1 trial. Presented Encouraging Preclinical Data for RAS-Targeting Franchise: In April 2025, Erasca presented new preclinical data reinforcing the potential bes",0.75,True,2026-07-12T22:09:57Z,AACR,unspecified,observed,2.0
ESPR,1434868,"Esperion Therapeutics, Inc.  (ESPR)  (CIK 0001434868)",ConferencePresentation,2024-11-16,day,,,sec_edgar,https://www.sec.gov/Archives/edgar/data/1434868/000162828024045984/q32024earningsrelease.htm,"support of the benefits of bempedoic acid to reduce LDL-C and cardiovascular risk will be presented at the upcoming American Heart Association Scientific Sessions taking place from November 16-18, 2024, in Chicago. The following data will b",0.75,True,2026-07-12T22:22:39Z,AHA,late-breaking,observed,2.0
ESPR,1434868,"Esperion Therapeutics, Inc.  (ESPR)  (CIK 0001434868)",ConferencePresentation,2025-11-11,day,,,sec_edgar,https://www.sec.gov/Archives/edgar/data/1434868/000162828026016230/a991q42025earningsrelease.htm,ism Risk Among Statin-Intolerant Patients A post-hoc analysis of the CLEAR Outcomes trial presented at the 2025 American Heart Association (AHA) Annual Scientific Sessions This post-hoc analysis demonstrated bempedoic acid reduced risk of v,0.75,True,2026-07-12T22:22:45Z,AHA,unspecified,observed,2.0
EVAX,1828253,Evaxion Biotech A/S  (EVAX)  (CIK 0001828253),ConferencePresentation,2024-05-23,day,,,sec_edgar,https://www.sec.gov/Archives/edgar/data/1828253/000117184324003087/exh_991.htm,EX-99.1 2 exh_991.htm PRESS RELEASE EdgarFiling EXHIBIT 99.1 Evaxion to Present New Positive Data from Ongoing Phase 2 Study on Lead Vaccine Candidate EVX-01 at the American Society of Clinical Oncology Annual Meeting 2,0.75,True,2026-07-12T21:57:54Z,ASCO,unspecified,observed,2.0
EVAX,1828253,Evaxion Biotech A/S  (EVAX)  (CIK 0001828253),ConferencePresentation,2024-09-16,day,,,sec_edgar,https://www.sec.gov/Archives/edgar/data/1828253/000117184324004563/exh_991.htm,"EX-99.1 2 exh_991.htm PRESS RELEASE EdgarFiling EXHIBIT 99.1 Evaxion to Present One-Year Clinical Efficacy Data from its Phase 2 Study on Lead Cancer Vaccine Candidate, EVX-01, at the ESMO Congress 2024 in September COP",0.75,True,2026-07-12T22:06:33Z,ESMO,unspecified,observed,2.0
EVAX,1828253,Evaxion A/S  (EVAX)  (CIK 0001828253),ConferencePresentation,2025-04-25,day,,,sec_edgar,https://www.sec.gov/Archives/edgar/data/1828253/000117184325003392/exh_991.htm,"00013). Further, 80% of EVX-01 s vaccine targets triggered a targeted immune response, as presented at American Association for Cancer Research (AACR) Annual Meeting in April 2025. This number compares very favorably to what is seen with ot",0.75,True,2026-07-12T22:06:44Z,AACR,unspecified,observed,2.0
EVAX,1828253,Evaxion A/S  (EVAX)  (CIK 0001828253),ConferencePresentation,2025-10-17,day,,,sec_edgar,https://www.sec.gov/Archives/edgar/data/1828253/000117184325007140/exh_991.htm,EVX-01-specific T-cells. We are pleased with the opportunity to present these exploratory translational data at a conference as important as SITC as we continue to add to EVX-01 s strong data package. Having pre,0.75,True,2026-07-12T22:06:29Z,ESMO,unspecified,observed,2.0
EVAX,1828253,Evaxion A/S  (EVAX)  (CIK 0001828253),ConferencePresentation,2025-12-06,day,,,sec_edgar,https://www.sec.gov/Archives/edgar/data/1828253/000117184325006886/exh_991.htm,"a New data showing EVX-04 induces strong T-cell responses and cancer cell killing will be presented at an oral session at the American Society of Hematology (ASH) Annual Meeting and Exposition in Florida on December 6, 2025 The concept behi",0.75,True,2026-07-12T22:02:42Z,ASH,oral,observed,2.0
EVAX,1828253,Evaxion A/S  (EVAX)  (CIK 0001828253),ConferencePresentation,2026-04-21,day,,,sec_edgar,https://www.sec.gov/Archives/edgar/data/1828253/000117184326001636/exh_991.htm,EX-99.1 2 exh_991.htm PRESS RELEASE EdgarFiling EXHIBIT 99.1 Evaxion to present new data at AACR Annual Meeting Two abstracts accepted for presentation One abstract on new additional biomarker and immunogenicity data fo,0.75,True,2026-07-12T22:09:23Z,AACR,unspecified,observed,2.0
EVAX,1828253,Evaxion A/S  (EVAX)  (CIK 0001828253),ConferencePresentation,2026-06,month,,,sec_edgar,https://www.sec.gov/Archives/edgar/data/1828253/000117184326003279/exh_991.htm,"EX-99.1 2 exh_991.htm PRESS RELEASE EdgarFiling EXHIBIT 99.1 Evaxion to present new data for EVX-04, an off-the-shelf therapeutic vaccine for acute myeloid leukemia, at the EHA 2026 Congress Data will reflect the functi",0.55,True,2026-07-12T22:11:55Z,EHA,poster,projected,2.0
EVAX,0001828253,Evaxion A/S  (EVAX)  (CIK 0001828253),ConferencePresentation,2026-10-23,day,,,sec_edgar,https://www.sec.gov/Archives/edgar/data/1828253/000117184326004747/exh_991.htm,EX-99.1 2 exh_991.htm PRESS RELEASE EdgarFiling EXHIBIT 99.1 Evaxion to present three-year clinical efficacy data for personalized cancer vaccine EVX-01 at the ESMO Congress 2026 Three-year data from phase 2 trial will,0.75,True,2026-07-24T12:10:23Z,ESMO,unspecified,observed,
EVGN,1574565,Evogene Ltd.  (EVGN)  (CIK 0001574565),ConferencePresentation,2024-05,month,,,sec_edgar,https://www.sec.gov/Archives/edgar/data/1574565/000117891324001817/exhibit_99-2.htm,"obiome-based immuno-oncology drug, BMC128. Preliminary Phase 1 study data of BMC128 to be presented at ASCO 2024 Annual Conference in June. Pre-clinical study results in IBS program, with NYU, presented at Digestive Disease Week 2024 Annual",0.55,True,2026-07-12T22:18:36Z,DDW,unspecified,projected,2.0
EVGN,1574565,Evogene Ltd.  (EVGN)  (CIK 0001574565),ConferencePresentation,2024-05-23,day,,,sec_edgar,https://www.sec.gov/Archives/edgar/data/1574565/000117891324001819/exhibit_99-1.htm,"Presents Positive Clinical Data Update from Ongoing Phase 1 Trial of Microbiome-Based Therapeutic, BMC128, for Refractory RCC, NSCLC Melanoma Prelimin",0.75,True,2026-07-12T21:58:00Z,ASCO,unspecified,observed,2.0
EXEL,939767,"EXELIXIS, INC.  (EXEL)  (CIK 0000939767)",ConferencePresentation,2024-09-16,day,,,sec_edgar,https://www.sec.gov/Archives/edgar/data/939767/000093976724000149/exel20240930exhibit991.htm,Final Results from Phase 3 CABINET Pivotal Trial Evaluating Cabozantinib in Advanced NET Presented at the 2024 European Society for Medical Oncology (ESMO) Congress and Published in The New England Journal of Medicine ( NEJM ). In Septembe,0.75,True,2026-07-12T22:08:07Z,ESMO,unspecified,observed,2.0
EXEL,939767,"EXELIXIS, INC.  (EXEL)  (CIK 0000939767)",ConferencePresentation,2025-04-25,day,,,sec_edgar,https://www.sec.gov/Archives/edgar/data/939767/000093976725000074/exel20250331exhibit991.htm,"ore, we continue to provide insights on our earlier-stage pipeline, with preclinical data presented on multiple programs at the AACR Annual Meeting in April. I m proud of the entire Exelixis team for our progress so far in 2025 and look for",0.75,True,2026-07-12T21:58:04Z,AACR,unspecified,observed,2.0
EXEL,939767,"EXELIXIS, INC.  (EXEL)  (CIK 0000939767)",ConferencePresentation,2025-10-17,day,,,sec_edgar,https://www.sec.gov/Archives/edgar/data/939767/000093976725000127/exel20250930exhibit991.htm,"al therapy for new patient market share in second-line and later settings. In October, we presented the detailed positive results from the STELLAR-303 pivotal trial evaluating zanzalintinib in combination with atezolizumab in advanced color",0.75,True,2026-07-12T22:06:34Z,ESMO,unspecified,observed,2.0
FATE,1434316,FATE THERAPEUTICS INC  (FATE)  (CIK 0001434316),ConferencePresentation,2023-11-03,day,,,sec_edgar,https://www.sec.gov/Archives/edgar/data/1434316/000095017024020123/fate-ex99_1.htm,ing human epidermal growth factor receptor 2 (HER2). Preclinical data of FT825 / ONO-8250 presented at the 2023 Society for Immunotherapy of Cancer Annual Meeting demonstrated that the profile of its novel HER2-targeted antigen binding doma,0.75,True,2026-07-12T22:13:13Z,SITC,unspecified,observed,2.0
FATE,1434316,FATE THERAPEUTICS INC  (FATE)  (CIK 0001434316),ConferencePresentation,2024-11-18,day,,,sec_edgar,https://www.sec.gov/Archives/edgar/data/1434316/000095017024125307/fate-ex99_1.htm,utoimmune Diseases Allowed by FDA; Initial Phase 1 Clinical Data in B-cell Lymphoma to be Presented at ACR Convergence Initial Low-Dose Cohort of FT825 / ONO-8250 Shows Favorable Safety Profile in Phase 1 Solid Tumor Study; Peripheral Blood,0.75,True,2026-07-12T22:04:55Z,ACR,unspecified,observed,2.0
FATE,1434316,FATE THERAPEUTICS INC  (FATE)  (CIK 0001434316),ConferencePresentation,2025-11-07,day,,,sec_edgar,https://www.sec.gov/Archives/edgar/data/1434316/000119312526073689/fate-ex99_1.htm,"for Immunotherapy of Cancer (SITC) 40th Annual meeting held in November 2025, the Company presented preclinical data showing FT836 exhibited potent and durable CAR-dependent antigen-driven proliferation with robust activity across diverse s",0.75,True,2026-07-12T22:05:09Z,SITC,unspecified,observed,2.0
FBIOP,1429260,"Fortress Biotech, Inc.  (FBIO, FBIOP)  (CIK 0001429260)",ConferencePresentation,2024-09-16,day,,,sec_edgar,https://www.sec.gov/Archives/edgar/data/1429260/000155837024015726/fbio-20241114xex99.htm,"h rosacea, and as demonstrated in Emrosi s Phase 3 clinical trials. In September 2024, we presented longer-term data from our pivotal trial of cosibelimab in locally advanced and metastatic cSCC during the European Society for Medical Oncol",0.75,True,2026-07-12T22:07:42Z,ESMO,unspecified,observed,2.0
FENC,0001211583,FENNEC PHARMACEUTICALS INC.  (FENC)  (CIK 0001211583),ConferencePresentation,2026-06-02,day,,,sec_edgar,https://www.sec.gov/Archives/edgar/data/1211583/000110465926046804/fencf-20260422x8k.htm,"ase announcing that four abstracts evaluating PEDMARK (sodium thiosulfate injection) were accepted for presentation or publication at the 2026 American Society of Clinical Oncology Annual Meeting in Chicago, Illinois. A copy of the press re",0.75,True,2026-07-24T12:04:34Z,ASCO,unspecified,observed,
FHTX,1822462,Foghorn Therapeutics Inc.  (FHTX)  (CIK 0001822462),ConferencePresentation,2024-04-09,day,,,sec_edgar,https://www.sec.gov/Archives/edgar/data/1822462/000162828024015470/fhtx-20240409.htm,s Inc. (the Company ) is hosting a conference call and webcast to review pipeline updates presented at the 2024 American Association for Cancer Research ( AACR ) Annual Meeting. A copy of the presentation from the conference call and webcas,0.75,True,2026-07-12T22:09:26Z,AACR,unspecified,observed,2.0
FHTX,1822462,Foghorn Therapeutics Inc.  (FHTX)  (CIK 0001822462),ConferencePresentation,2025-04-25,day,,,sec_edgar,https://www.sec.gov/Archives/edgar/data/1822462/000162828025020257/ex993foghornaacrrecap2025.htm,"Research (AACR) Annual Meeting. A poster on the Selective EP300 degrader program will be presented on Wednesday, April 30, 2025. Foghorn management will hold a virtual investor event on Tuesday April 29, 2025, at 8 a.m. ET to review import",0.75,True,2026-07-12T22:09:06Z,AACR,poster,observed,2.0
FLGT,1674930,"Fulgent Genetics, Inc.  (FLGT)  (CIK 0001674930)",ConferencePresentation,2026-06-02,day,,,sec_edgar,https://www.sec.gov/Archives/edgar/data/1674930/000167493026000028/flgt-20260601.htm,"Fulgent Genetics, Inc. (the Company ) issued a press release announcing that the Company will present updated data in the Head and Neck Cancer Track during the American Society of Clinical Oncology (ASCO) 2026 Annual Meeting Rapid Oral Abs",0.75,True,2026-07-12T21:58:24Z,ASCO,oral,observed,2.0
FULC,0001680581,"Fulcrum Therapeutics, Inc.  (FULC)  (CIK 0001680581)",ConferencePresentation,2025-10-17,day,,,sec_edgar,https://www.sec.gov/Archives/edgar/data/1680581/000119312525254619/fulc-ex99_1.htm,"o submit an investigational new drug application (IND) during the fourth quarter of 2025. Presented preclinical data for FTX-6274, an oral embryonic ectoderm development (EED) inhibitor candidate, at the European Society for Medical Oncolog",0.75,True,2026-07-24T12:08:49Z,ESMO,unspecified,observed,
GALT,1133416,GALECTIN THERAPEUTICS INC  (GALT)  (CIK 0001133416),ConferencePresentation,2024-11-18,day,,,sec_edgar,https://www.sec.gov/Archives/edgar/data/1133416/000114036124016454/ef20025022_ex99-1.htm,one remains on track for top-line data readout from NAVIGATE interim analysis in Q4 2024. Presented five posters at the Liver Meeting 2023 of the American Association for the Study of Liver Diseases (AASLD) including the safety profile of b,0.75,True,2026-07-12T22:17:17Z,AASLD,unspecified,observed,2.0
GALT,1133416,GALECTIN THERAPEUTICS INC  (GALT)  (CIK 0001133416),ConferencePresentation,2025-05-08,day,,,sec_edgar,https://www.sec.gov/Archives/edgar/data/1133416/000114036125031041/ef20053791_ex99-1.htm,"MASH cirrhosis. At the European Association for the Study of the Liver (EASL) in May, we presented a clinically significant response in Fibroscan (a key biomarker in MASH) and additional Fibroscan data outcomes supporting the NAVIGATE tria",0.75,True,2026-07-12T22:17:46Z,EASL,unspecified,observed,2.0
GALT,1133416,GALECTIN THERAPEUTICS INC  (GALT)  (CIK 0001133416),ConferencePresentation,2025-11-10,day,,,sec_edgar,https://www.sec.gov/Archives/edgar/data/1133416/000114036125041275/ny20058530x1_ex99-1.htm,EX-99.1 2 ny20058530x1_ex99-1.htm EXHIBIT 99.1 Exhibit 99.1 Galectin Therapeutics Presented NAVIGATE Trial Results at the American Association for the Study of Liver Diseases (AASLD) 2025 Annual Meeting New biomarker analyses from t,0.75,True,2026-07-12T22:26:48Z,AASLD,unspecified,observed,2.0
GERN,886744,"GERON CORP  (GERN, GERNW)  (CIK 0000886744)",ConferencePresentation,2025-06-02,day,,,sec_edgar,https://www.sec.gov/Archives/edgar/data/886744/000088674425000048/gern-20250630xexx991.htm,imately 50% of patient events have occurred). Recent Medical and Scientific Presentations Presented multiple presentations at the 2025 American Society of Clinical Oncology (ASCO) Annual Meeting and the European Hematology Association (EHA),0.75,True,2026-07-12T22:01:25Z,ASCO,unspecified,observed,2.0
GH,1576280,"Guardant Health, Inc.  (GH)  (CIK 0001576280)",ConferencePresentation,2026-04-21,day,,,sec_edgar,https://www.sec.gov/Archives/edgar/data/1576280/000157628026000024/gh-03312026xexhibit991.htm,"margin of 66%, compared to 65% for the first quarter of 2025 Recent Operating Highlights Presented 38 abstracts at the 2026 American Association for Cancer Research Annual Meeting, highlighting the breadth and strength of the Guardant port",0.75,True,2026-07-12T22:10:54Z,AACR,unspecified,observed,2.0
GILD,882095,"GILEAD SCIENCES, INC.  (GILD)  (CIK 0000882095)",ConferencePresentation,2025-10-17,day,,,sec_edgar,https://www.sec.gov/Archives/edgar/data/882095/000088209525000044/exhibit991earningspressrel.htm,acquired HIV-1 in adults and adolescents with increased HIV-1 acquisition risk. Oncology Presented Phase 3 ASCENT-03 data for Trodelvy in 1L metastatic triple-negative breast cancer ( mTNBC ) patients who are not candidates for PD-1 PD-L1,0.75,True,2026-07-12T22:08:24Z,ESMO,unspecified,observed,2.0
GMAB,1434265,"GENMAB A/S  (GMAB, GNMSF)  (CIK 0001434265)",ConferencePresentation,2023-04-17,day,,,sec_edgar,https://www.sec.gov/Archives/edgar/data/1434265/000155837024001134/gmab-20231231xex99d1a.htm,"predetermined, independent interim analysis. April: Data from the innovaTV 207 trial was presented as a poster at the American Association for Cancer Research (AACR) Annual Meeting, Tisotumab vedotin in squamous cell carcinoma of head and",0.75,True,2026-07-12T22:06:08Z,AACR,poster,observed,2.0
GMAB,1434265,"GENMAB A/S  (GMAB, GNMSF)  (CIK 0001434265)",ConferencePresentation,2024-05-23,day,,,sec_edgar,https://www.sec.gov/Archives/edgar/data/1434265/000155837024010766/tmb-20240805xex99d1.htm,"with metastatic non-small cell lung cancer, as evidenced by the promising initial results presented at the 2024 American Society of Clinical Oncology Meeting, said Jan van de Winkel, Ph.D., Chief Executive Officer of Genmab. Genmab is excep",0.75,True,2026-07-12T21:58:54Z,ASCO,unspecified,observed,2.0
GMAB,1434265,"GENMAB A/S  (GMAB, GNMSF)  (CIK 0001434265)",ConferencePresentation,2024-09-09,day,,,sec_edgar,https://www.sec.gov/Archives/edgar/data/1434265/000155837024014552/gmab-20241106xex99d1.htm,"combination with pembrolizumab in patients with relapsed/refractory metastatic NSCLC was presented as a poster at the 2024 World Conference on Lung Cancer (WCLC). Rinatabart Sesutecan (Rina-S, GEN1184) Potential best-in-class folate recept",0.75,True,2026-07-12T22:14:26Z,WCLC,poster,observed,2.0
GNPX,1595248,"Genprex, Inc.  (GNPX)  (CIK 0001595248)",ConferencePresentation,2024-04-09,day,,,sec_edgar,https://www.sec.gov/Archives/edgar/data/1595248/000143774924035812/gnpx20241119_8k.htm,"iversity of Michigan Rogel Cancer Center s Judith Tam ALK Lung Cancer Research Initiative presented positive preclinical data at the April 2024 American Association for Cancer Research Annual Meeting, reporting that REQORSA induced apoptosi",0.75,True,2026-07-12T22:09:38Z,AACR,unspecified,observed,2.0
GNPX,1595248,"Genprex, Inc.  (GNPX)  (CIK 0001595248)",ConferencePresentation,2025-05-15,day,,,sec_edgar,https://www.sec.gov/Archives/edgar/data/1595248/000143774925024487/ex_832410.htm,"ell Therapy (ASGCT) 28 th Annual Meeting Our research collaborators at Pitt were selected to present positive preclinical data and research from studies of GPX-002 at the 2025 ASGCT Annual Meeting. In an oral presentation, entitled, Immune",0.75,True,2026-07-12T22:13:29Z,ASGCT,oral,observed,2.0
GNPX,1595248,"Genprex, Inc.  (GNPX)  (CIK 0001595248)",ConferencePresentation,2025-06-23,day,,,sec_edgar,https://www.sec.gov/Archives/edgar/data/1595248/000143774925020977/gnpx20250618_8k.htm,". ( Genprex or the Company ) issued a press release announcing its research collaborators presented positive preclinical data and research from studies of GPX-002, the Company s diabetes gene therapy drug candidate, at the 2025 American Dia",0.75,True,2026-07-12T22:21:14Z,ADA,unspecified,observed,2.0
GNPX,1595248,"Genprex, Inc.  (GNPX)  (CIK 0001595248)",ConferencePresentation,2025-10-24,day,,,sec_edgar,https://www.sec.gov/Archives/edgar/data/1595248/000143774925031856/gnpx20251024c_8k.htm,enprex or the Company ) issued a press release announcing that its research collaborators presented positive preclinical data at the 2025 AACR-NCI-EROTC International Conference on Molecular Targets and Cancer Therapeutics which took place,0.75,True,2026-07-12T22:27:21Z,ENA,unspecified,observed,2.0
GNPX,1595248,"Genprex, Inc.  (GNPX)  (CIK 0001595248)",ConferencePresentation,2026-04-21,day,,,sec_edgar,https://www.sec.gov/Archives/edgar/data/1595248/000143774926008733/gnpx20260316_8k.htm,"enprex or the Company ) issued a press release announcing that its research collaborators will present at the upcoming 2026 American Association for Cancer Research ( AACR ) Annual Meeting being held April 17-22, 2026 in San Diego, Californ",0.75,True,2026-07-12T22:10:26Z,AACR,unspecified,observed,2.0
GNPX,1595248,"Genprex, Inc.  (GNPX)  (CIK 0001595248)",ConferencePresentation,2026-05-11,day,,,sec_edgar,https://www.sec.gov/Archives/edgar/data/1595248/000143774926013534/gnpx20260424_8k.htm,enprex or the Company ) issued a press release announcing that its research collaborators will present positive preclinical data on the Company s diabetes gene therapy drug candidate at the upcoming 2026 American Society of Gene and Cell Th,0.75,True,2026-07-12T22:16:41Z,ASGCT,unspecified,observed,2.0
GRAL,0001699031,"GRAIL, Inc.  (GRAL)  (CIK 0001699031)",ConferencePresentation,2025-10-17,day,,,sec_edgar,https://www.sec.gov/Archives/edgar/data/1699031/000169903126000009/ex992finalnhs-gtoplinerele.htm,"lation Initial Results from the Registrational PATHFINDER 2 Study. Proffered Presentation Presented at European Society for Medical Oncology (ESMO) Annual Meeting October 17-21, 2025 Berlin, Germany. 2. Klein EA, Richards D, Cohn A, et al.",0.75,True,2026-07-24T12:11:05Z,ESMO,unspecified,observed,
GRAL,0001699031,"GRAIL, Inc.  (GRAL)  (CIK 0001699031)",ConferencePresentation,2026-06-02,day,,,sec_edgar,https://www.sec.gov/Archives/edgar/data/1699031/000162828026030495/ex9912026q1earningspressre.htm,"Expand Access Nationwide New Data From the NHS-Galleri Trial and PATHFINDER 2 Study to be Presented at 2026 American Society of Clinical Oncology (ASCO) Annual Meeting MENLO PARK, Calif. May 5, 2026 GRAIL, Inc. (Nasdaq GRAL), a healthcare c",0.75,True,2026-07-24T12:04:29Z,ASCO,unspecified,observed,
GSK,1131399,"GSK plc  (GSK, GLAXF)  (CIK 0001131399)",ConferencePresentation,2022-05-26,day,,,sec_edgar,https://www.sec.gov/Archives/edgar/data/1131399/000165495424000956/a1191bgskedgar.htm,"melotinib 30%, danazol 20%). 17 Results from the 24-week randomised treatment period were presented at the 2022 American Society of Clinical Oncology (ASCO) Annual Meeting and subsequently published in The Lancet , 22 , 23 with 48-week data",0.75,True,2026-07-12T21:58:12Z,ASCO,unspecified,observed,2.0
GSK,1131399,"GSK plc  (GSK, GLAXF)  (CIK 0001131399)",ConferencePresentation,2023-05-24,day,,,sec_edgar,https://www.sec.gov/Archives/edgar/data/1131399/000165495424000389/a1393z.htm,"osinophilic Asthma: A Randomized, Double-Blind, Parallel Group Phase 3 Study. Poster P620 presented at Presented at the American Thoracic Society Meeting, Washington, DC, May 19-24, 2023. Available at: https://presentations.gsk.com/wp-conte",0.75,True,2026-07-12T22:23:58Z,ATS,poster,observed,2.0
GSK,1131399,"GSK plc  (GSK, GLAXF)  (CIK 0001131399)",ConferencePresentation,2024-05-23,day,,,sec_edgar,https://www.sec.gov/Archives/edgar/data/1131399/000165495425000140/a3166s.htm,"nts were enrolled, including 42 patients with osteosarcoma. Results from ARTEMIS-002 were presented at the 2024 American Society of Clinical Oncology Annual Meeting. [4] Last year, GSK acquired exclusive worldwide rights (excluding China's",0.75,True,2026-07-12T21:59:20Z,ASCO,unspecified,observed,2.0
GSK,1131399,"GSK plc  (GSK, GLAXF)  (CIK 0001131399)",ConferencePresentation,2024-09-09,day,,,sec_edgar,https://www.sec.gov/Archives/edgar/data/1131399/000165495426002916/a5391y.htm,"of side effects as those receiving placebo. 1 The full results from the SWIFT trials were presented at the 2024 European Respiratory Society International Conference and published in the New England Journal of Medicine. 1,7 The NMPA is also",0.75,True,2026-07-12T22:24:11Z,ERS,unspecified,observed,2.0
GSK,1131399,"GSK plc  (GSK, GLAXF)  (CIK 0001131399)",ConferencePresentation,2024-09-09,day,,,sec_edgar,https://www.sec.gov/Archives/edgar/data/1131399/000165495424010924/a0178b.htm,"lapsed or refractory ES-SCLC, conducted by Hansoh Pharma. Results from this trial will be presented at the 2024 World Conference on Lung Cancer taking place from 7-10 September in San Diego, California, USA. GSK plans to begin global phase",0.75,True,2026-07-12T22:14:12Z,WCLC,unspecified,observed,2.0
GSK,1131399,"GSK plc  (GSK, GLAXF)  (CIK 0001131399)",ConferencePresentation,2024-11-18,day,,,sec_edgar,https://www.sec.gov/Archives/edgar/data/1131399/000165495425005561/a6114i.htm,"r a monthly dosing regimen and improved patient convenience. Full data from the trial was presented at the American Association for the Study of Liver Diseases (AASLD) Meeting in November 2024. 5 Tony Wood, Chief Scientific Officer, GSK sai",0.75,True,2026-07-12T22:24:55Z,AASLD,unspecified,observed,2.0
GSK,1131399,"GSK plc  (GSK, GLAXF)  (CIK 0001131399)",ConferencePresentation,2025-02-10,day,,,sec_edgar,https://www.sec.gov/Archives/edgar/data/1131399/000165495425013890/a4345l.htm,"ebo plus SOC arm. 1 About the ANCHOR phase III trials Results from the ANCHOR trials were presented at the 2025 American Academy of Allergy, Asthma and Immunology (AAAAI) and World Allergy Organization (WAO) Joint Congress and published in",0.75,True,2026-07-12T22:20:22Z,AAAAI,unspecified,observed,2.0
GSK,1131399,"GSK plc  (GSK, GLAXF)  (CIK 0001131399)",ConferencePresentation,2025-05-19,day,,,sec_edgar,https://www.sec.gov/Archives/edgar/data/1131399/000165495425006056/a8776j.htm,"ATINEE were recently published in the New England Journal of Medicine 1 with further data presented at the 2025 American Thoracic Society International Congress, including additional sub-analyses in patients with or without cardiovascular c",0.75,True,2026-07-12T22:23:54Z,ATS,unspecified,observed,2.0
HCM,1648257,"HUTCHMED (China) Ltd  (HCM, HMDCF)  (CIK 0001648257)",ConferencePresentation,2022-08-01,day,,,sec_edgar,https://www.sec.gov/Archives/edgar/data/1648257/000164825725000022/hcm-20250320xex99d1.htm,"nclude PFS and DoR. In August 2022, positive interim results from the SAVANNAH trial were presented at the International Association for the Study of Lung Cancer 2022 World Conference on Lung Cancer (WCLC). The global SAFFRON Phase III tria",0.75,True,2026-07-12T22:14:16Z,WCLC,unspecified,observed,2.0
HCM,1648257,"HUTCHMED (China) Ltd  (HCM, HMDCF)  (CIK 0001648257)",ConferencePresentation,2023-10-23,day,,,sec_edgar,https://www.sec.gov/Archives/edgar/data/1648257/000164825724000076/hcm-20240924xex99d1.htm,"b plus BSC versus 21% of those treated with placebo plus BSC. Results from the study were presented at the European Society for Medical Oncology Congress (ESMO) in September 2022 and subsequently published in The Lancet in June 2023. 10,11",0.75,True,2026-07-12T22:07:48Z,ESMO,unspecified,observed,2.0
HCM,1648257,"HUTCHMED (China) Ltd  (HCM, HMDCF)  (CIK 0001648257)",ConferencePresentation,2024-05-23,day,,,sec_edgar,https://www.sec.gov/Archives/edgar/data/1648257/000164825724000050/hcm-20240603xex99d1.htm,"A Results in Nature Medicine Updated subgroup efficacy and quality of life data were also presented on June 1 at ASCO 2024 Hong Kong, Shanghai Florham Park, NJ Monday, June 3, 2024: HUTCHMED (China) Limited ( HUTCHMED ) (Nasdaq/AIM: HCM; HK",0.75,True,2026-07-12T21:58:02Z,ASCO,unspecified,observed,2.0
HCM,1648257,"HUTCHMED (China) Ltd  (HCM, HMDCF)  (CIK 0001648257)",ConferencePresentation,2024-06-14,day,,,sec_edgar,https://www.sec.gov/Archives/edgar/data/1648257/000164825724000067/hcm-20240821xex99d1.htm,ial met all its endpoints and results were published in The Lancet Haematology and orally presented at the European Hematology Association (EHA) Hybrid Congress. HUTCHMED filed a New Drug Application in China in January 2024 for sovleplenib,0.75,True,2026-07-12T22:11:58Z,EHA,unspecified,observed,2.0
HCM,1648257,"HUTCHMED (China) Ltd  (HCM, HMDCF)  (CIK 0001648257)",ConferencePresentation,2024-09-16,day,,,sec_edgar,https://www.sec.gov/Archives/edgar/data/1648257/000164825724000084/hcm-20241106xex99d1.htm,"106xex99d1.htm EX-99.1 Exhibit 99.1 Press Release HUTCHMED Highlights Clinical Data to be Presented at the 2024 ASH Annual Meeting and the 2024 ESMO Asia Congress Hong Kong, Shanghai Florham Park, NJ Wedne sday, November 6 , 2024: HUTCHMED",0.75,True,2026-07-12T22:03:31Z,ESMO,unspecified,observed,2.0
HCM,1648257,"HUTCHMED (China) Ltd  (HCM, HMDCF)  (CIK 0001648257)",ConferencePresentation,2025-04-25,day,,,sec_edgar,https://www.sec.gov/Archives/edgar/data/1648257/000141057825001583/hcm-20250807xex99d1.htm,"EGFR Positive results of FRUSICA-2 China Phase III in 2L RCC in March 2025 (NCT05522231). Presented China Phase II IIT results at AACR, in combination with TUOYI (toripalimab) or TYVYT , in 2L and above MSS/pMMR CRC, showing mPFS of 13.2 mo",0.75,True,2026-07-12T22:05:57Z,AACR,unspecified,observed,2.0
HCM,1648257,"HUTCHMED (China) Ltd  (HCM, HMDCF)  (CIK 0001648257)",ConferencePresentation,2025-06-02,day,,,sec_edgar,https://www.sec.gov/Archives/edgar/data/1648257/000164825725000047/hcm-20250630xex99d3.htm,progression-free survival ( PFS ) in a pre-planned interim analysis. Primary results were presented at the American Society of Clinical Oncology ( ASCO ) Annual Meeting in June 2025. In 2024 the NMPA designated the combination as a Breakthr,0.75,True,2026-07-12T21:58:10Z,ASCO,unspecified,observed,2.0
HCM,1648257,"HUTCHMED (China) Ltd  (HCM, HMDCF)  (CIK 0001648257)",ConferencePresentation,2025-09,month,,,sec_edgar,https://www.sec.gov/Archives/edgar/data/1648257/000164825725000059/hcm-20250905xex99d1.htm,"hat new and updated data from several studies of compounds discovered by HUTCHMED will be presented at the 2025 World Conference on Lung Cancer ( WCLC ) taking place on September 6-9, 2025 in Barcelona, Spain, and the Chinese Society of Cli",0.55,True,2026-07-12T22:14:15Z,WCLC,unspecified,projected,2.0
HCM,1648257,"HUTCHMED (China) Ltd  (HCM, HMDCF)  (CIK 0001648257)",ConferencePresentation,2025-10-17,day,,,sec_edgar,https://www.sec.gov/Archives/edgar/data/1648257/000164825725000081/hcm-20251128xex99d1.htm,"128xex99d1.htm EX-99.1 Exhibit 99.1 Press Release HUTCHMED Highlights Clinical Data to be Presented at the 2025 ESMO Asia Congress and the 2025 ASH Annual Meeting Hong Kong, Shanghai Florham Park, NJ Thursday, November 27, 2025: HUTCHMED (C",0.75,True,2026-07-12T22:03:50Z,ESMO,unspecified,observed,2.0
HCM,1648257,"HUTCHMED (China) Ltd  (HCM, HMDCF)  (CIK 0001648257)",ConferencePresentation,2025-10-24,day,,,sec_edgar,https://www.sec.gov/Archives/edgar/data/1648257/000164825725000085/hcm-20251217xex99d1.htm,ion while improving the overall tolerability profile. Preclinical data for HMPL-A251 were presented at the 2025 AACR-NCI-EORTC International Conference on Molecular Targets and Cancer Therapeutics. This body of evidence supports the transla,0.75,True,2026-07-12T22:27:22Z,ENA,unspecified,observed,2.0
HCM,1648257,"HUTCHMED (China) Ltd  (HCM, HMDCF)  (CIK 0001648257)",ConferencePresentation,2026-06,month,,,sec_edgar,https://www.sec.gov/Archives/edgar/data/1648257/000164825726000026/hcm-20260429xex99d1.htm,lobin (Hb) response rate within weeks 5 to 24 of treatment. The Phase III results will be presented at the upcoming European Hematology Association (EHA) Congress 2026. Results from the Phase II part of the study published in The Lancet Hae,0.55,True,2026-07-12T22:12:04Z,EHA,unspecified,projected,2.0
HCM,1648257,"HUTCHMED (China) Ltd  (HCM, HMDCF)  (CIK 0001648257)",ConferencePresentation,2026-06-02,day,,,sec_edgar,https://www.sec.gov/Archives/edgar/data/1648257/000164825726000035/hcm-20260522xex99d1.htm,"522xex99d1.htm EX-99.1 Exhibit 99.1 Press Release HUTCHMED Highlights Clinical Data to be Presented at the 2026 ASCO Annual Meeting Hong Kong, Shanghai Florham Park, NJ Fri day , May 22, 2026: HUTCHMED (China) Limited ( HUTCHMED ) (Nasdaq/A",0.75,True,2026-07-12T21:59:57Z,ASCO,unspecified,observed,2.0
HIND,1427570,"Vyome Holdings, Inc  (HIND)  (CIK 0001427570)",ConferencePresentation,2026-04-21,day,,,sec_edgar,https://www.sec.gov/Archives/edgar/data/1427570/000121390026062458/ea029264301ex99-1.htm,d translational activities supporting VT-1908 and broader immuno-inflammatory initiatives Presented positive VT-1953 Phase 2 clinical study data at the prestigious American Association for Cancer Research (AACR) 2026 Entered into a strategi,0.75,True,2026-07-12T22:09:45Z,AACR,unspecified,observed,2.0
HOWL,1785530,"Werewolf Therapeutics, Inc.  (HOWL)  (CIK 0001785530)",ConferencePresentation,2024-04-09,day,,,sec_edgar,https://www.sec.gov/Archives/edgar/data/1785530/000178553024000026/a06302024ex991.htm,"uring the American Association for Cancer Research Annual Meeting in April 2024, Werewolf presented two posters detailing progress of WTX-518 and WTX-712 preclinical programs, which the Company is progressing through investigational new dru",0.75,True,2026-07-12T22:00:41Z,AACR,unspecified,observed,2.0
HOWL,1785530,"Werewolf Therapeutics, Inc.  (HOWL)  (CIK 0001785530)",ConferencePresentation,2024-05-23,day,,,sec_edgar,https://www.sec.gov/Archives/edgar/data/1785530/000119312524152380/d800910d8k.htm,"ally advanced or metastatic solid tumors after checkpoint inhibitor therapy. The data was presented on June 1, 2024, in a poster session at the 2024 American Society of Clinical Oncology ( ASCO ) Annual Meeting. The ongoing Phase 1/1b clini",0.75,True,2026-07-12T21:59:51Z,ASCO,poster,observed,2.0
HOWL,1785530,"Werewolf Therapeutics, Inc.  (HOWL)  (CIK 0001785530)",ConferencePresentation,2024-11-08,day,,,sec_edgar,https://www.sec.gov/Archives/edgar/data/1785530/000178553024000010/a12312023ex991.htm,"to present additional clinical data from our Phase 1 1b clinical trial of WTX-124, including updated monotherapy data and initial combination data, wh",0.75,True,2026-07-12T22:13:02Z,SITC,unspecified,observed,2.0
HOWL,1785530,"Werewolf Therapeutics, Inc.  (HOWL)  (CIK 0001785530)",ConferencePresentation,2025-11-07,day,,,sec_edgar,https://www.sec.gov/Archives/edgar/data/1785530/000178553025000030/a09302025ex991.htm,"At the 2025 Society for Immunotherapy of Cancer s (SITC) 40th Annual Meeting, the Company will present a poster entitled Pharmacokinetic insight into the IL-2 INDUKINE prodrug WTX-124 real-time assessment of tumor-specific activation and im",0.75,True,2026-07-12T22:12:40Z,SITC,poster,observed,2.0
HUMAW,1818382,"Humacyte, Inc.  (HUMA, HUMAW)  (CIK 0001818382)",ConferencePresentation,2024-06,month,,,sec_edgar,https://www.sec.gov/Archives/edgar/data/1818382/000181838224000054/huma-20240510xexx991.htm,"islets can arrest diabetes in rodent models. These and other preclinical results will be presented at several upcoming scientific conferences, including the American Diabetes Association Annual Meeting 2024 to be held June 21-24, 2024. CAB",0.55,True,2026-07-12T22:21:24Z,ADA,unspecified,projected,2.0
HUMAW,1818382,"Humacyte, Inc.  (HUMA, HUMAW)  (CIK 0001818382)",ConferencePresentation,2024-10-26,day,,,sec_edgar,https://www.sec.gov/Archives/edgar/data/1818382/000181838225000030/huma-20250328xexx991.htm,"l of the ATEV in arteriovenous (AV) access for patients with end-stage renal disease were presented in October 2024 at the American Society of Nephrology s (ASN) Kidney Week 2024. The Phase 3 study met the co-primary endpoints, and the ATEV",0.75,True,2026-07-12T22:22:45Z,ASN,unspecified,observed,2.0
HURA,1498382,"Kintara Therapeutics, Inc.  (KTRA)  (CIK 0001498382)",ConferencePresentation,2024-05-23,day,,,sec_edgar,https://www.sec.gov/Archives/edgar/data/1498382/000095017024047950/ktra-ex99_1.htm,EX-99.1 2 ktra-ex99_1.htm EX-99.1 EX-99.1 Exhibit 99.1 TuHURA Biosciences to Present Its IFx-2.0 Personalized Cancer Vaccine Clinical Trial Results at the 2024 American Society of Clinical Oncology (ASCO) Annual Meeting TAMP,0.75,True,2026-07-12T22:00:08Z,ASCO,unspecified,observed,2.0
HURA,1498382,"TuHURA Biosciences, Inc./NV  (HURA)  (CIK 0001498382)",ConferencePresentation,2025-12-06,day,,,sec_edgar,https://www.sec.gov/Archives/edgar/data/1498382/000119312526135766/hura-ex99_1.htm,sed gross proceeds of $21.2 million in registered direct offerings and private placements Presented data demonstrating the Delta Opioid Receptor (DOR) as a new target in overcoming acquired resistance to immune checkpoint inhibitors at ASH.,0.75,True,2026-07-12T22:03:35Z,ASH,oral,observed,2.0
IMCR,1671927,Immunocore Holdings plc  (IMCR)  (CIK 0001671927),ConferencePresentation,2023-10-23,day,,,sec_edgar,https://www.sec.gov/Archives/edgar/data/1671927/000114036124010098/ef20022689_ex99-1.htm,"Phase 1 clinical trial of IMC-F106C, the first PRAME x CD3 ImmTAC bispecific protein, was presented at the 2022 European Society for Medical Oncology (ESMO) Congress in September 2022. Durable Response Evaluation Criteria in Solid Tumors (R",0.75,True,2026-07-12T22:08:15Z,ESMO,unspecified,observed,2.0
IMCR,1671927,Immunocore Holdings plc  (IMCR)  (CIK 0001671927),ConferencePresentation,2024-03,month,,,sec_edgar,https://www.sec.gov/Archives/edgar/data/1671927/000114036124024789/ef20028669_ex99-1.htm,"ntiretroviral therapies and IMC-M113V), delay or prevent HIV rebound. The Company expects to present the MAD data in the second half of 2024. In February 2024, the Company presented two pre-clinical posters at the 2024 Conference on Retrovi",0.55,True,2026-07-12T22:25:29Z,CROI,unspecified,projected,2.0
IMCR,1671927,Immunocore Holdings plc  (IMCR)  (CIK 0001671927),ConferencePresentation,2024-09-16,day,,,sec_edgar,https://www.sec.gov/Archives/edgar/data/1671927/000114036124041100/ef20035872_8k.htm,"y reference herein. As disclosed in the press release, on September 14, 2024, the Company presented two posters at the 2024 European Society for Medical Oncology ( ESMO ) Congress: one with Phase 1 data of brenetafusp in patients with plati",0.75,True,2026-07-12T22:06:28Z,ESMO,unspecified,observed,2.0
IMMP,1506184,IMMUTEP Ltd  (IMMP)  (CIK 0001506184),ConferencePresentation,2023-10-23,day,,,sec_edgar,https://www.sec.gov/Archives/edgar/data/1506184/000119312524211469/d852554dex991.htm,YTRUDA in first line non-small cell lung cancer from the TACTI-002 (KEYNOTE-798) Phase II presented via an oral presentation at ESMO Congress 2023; Promising efficacy and safety data from the investigator-initiated INSIGHT-003 Phase I trial,0.75,True,2026-07-12T22:08:45Z,ESMO,oral,observed,2.0
IMMP,1506184,IMMUTEP Ltd  (IMMP)  (CIK 0001506184),ConferencePresentation,2023-11-03,day,,,sec_edgar,https://www.sec.gov/Archives/edgar/data/1506184/000119312524051615/d25102dex991.htm,"emotherapy options. Following the efficacy results, new biomarker data from the trial was presented at the Society for Immunotherapy of Cancer (SITC) Annual Meeting in November 2023. The data demonstrated an early increase in immune cells (",0.75,True,2026-07-12T22:13:29Z,SITC,unspecified,observed,2.0
IMMP,1506184,IMMUTEP Ltd  (IMMP)  (CIK 0001506184),ConferencePresentation,2024-09-16,day,,,sec_edgar,https://www.sec.gov/Archives/edgar/data/1506184/000119312524171192/d798849dex991.htm,preliminary 26.9% ORR reported in April and topline results with additional data has been accepted for oral presentation at an ESMO Virtual Plenary session on 11 th July Additional clinical data from TACTI-003 will be presented at a medical,0.75,True,2026-07-12T22:25:55Z,ESMO,oral,observed,2.0
IMMP,1506184,"IMMUTEP Ltd  (IMMP, PRRUF)  (CIK 0001506184)",ConferencePresentation,2025-10-17,day,,,sec_edgar,https://www.sec.gov/Archives/edgar/data/1506184/000119312525257286/d25202dex991.htm,"ast cancer patients Three abstracts for clinical trials evaluating efti were accepted and presented at the European Society for Medical Oncology (ESMO) Congress 2025 Strong cash, cash equivalent and term deposit position of A$109.85 million",0.75,True,2026-07-12T22:06:17Z,ESMO,unspecified,observed,2.0
IMMP,1506184,"IMMUTEP Ltd  (IMMP, PRRUF)  (CIK 0001506184)",ConferencePresentation,2025-12-10,day,,,sec_edgar,https://www.sec.gov/Archives/edgar/data/1506184/000119312525305551/d45983dex991.htm,EX-99.1 2 d45983dex991.htm EX-99.1 EX-99.1 Exhibit 99.1 Immutep to Present New Data from AIPAC-003 Phase II at the 2025 San Antonio Breast Cancer Symposium Immunotherapy-chemotherapy combination of eftilagimod alfa,0.75,True,2026-07-12T22:13:32Z,SABCS,unspecified,observed,2.0
IMMP,1506184,"IMMUTEP Ltd  (IMMP, PRRUF)  (CIK 0001506184)",ConferencePresentation,2026-06-04,day,,,sec_edgar,https://www.sec.gov/Archives/edgar/data/1506184/000119312526116366/d33530dex991.htm,"IMP761 was well tolerated across all dose levels IMP761 data and Phase I results will be presented at the EULAR conference on 4 June 2026 SYDNEY, AUSTRALIA March 19, 2026 Immutep Limited (ASX: IMM; NASDAQ: IMMP) ( Immutep or the Company ),",0.75,True,2026-07-12T22:19:26Z,EULAR,unspecified,observed,2.0
IMMX,1873835,"Immix Biopharma, Inc.  (IMMX)  (CIK 0001873835)",ConferencePresentation,2024-05-08,day,,,sec_edgar,https://www.sec.gov/Archives/edgar/data/1873835/000149315224029174/ex99-1.htm,"ed therapy. The study builds on positive data from the initial ex-U.S. study, NEXICART-1, presented at the 27 th Annual Meeting of The American Society of Gene and Cell Therapy (ASGCT 2024) which showed a 92% overall response rate in relaps",0.75,True,2026-07-12T22:16:44Z,ASGCT,unspecified,observed,2.0
IMNM,1472012,Immunome Inc.  (IMNM)  (CIK 0001472012),ConferencePresentation,2025-10-24,day,,,sec_edgar,https://www.sec.gov/Archives/edgar/data/1472012/000119312526088141/imnm-ex99_1.htm,"and lead optimization to support INDs in 2027 and beyond. HC74: In October 2025, Immunome presented a poster entitled HC74, a novel topoisomerase I inhibitor payload for antibody-drug conjugates that overcomes multi-drug resistance at the A",0.75,True,2026-07-12T22:27:31Z,ENA,poster,observed,2.0
IMNM,1472012,Immunome Inc.  (IMNM)  (CIK 0001472012),ConferencePresentation,2026-10,month,,,sec_edgar,https://www.sec.gov/Archives/edgar/data/1472012/000119312525269538/imnm-ex99_1.htm,"observed in B-cell lymphoma patients at multiple dose levels. Immunome expects to present initial data for IM-1021 in 2026. HC74: In October, Immunome presented a poster entitled HC74, a novel topoisomerase I inhibitor payload fo",0.55,True,2026-07-12T22:27:24Z,ENA,poster,projected,2.0
IMNN,749647,"Imunon, Inc.  (IMNN)  (CIK 0000749647)",ConferencePresentation,2024-11-08,day,,,sec_edgar,https://www.sec.gov/Archives/edgar/data/749647/000149315225008457/ex99-1.htm,nts. Initial results from the OVATION 2 Study were reported in July 2024 and results were presented in a late-breaking session at the Society for Immunotherapy of Cancer (SITC) 39th Annual Meeting. End-of-Phase 2 Meeting with the FDA for IM,0.75,True,2026-07-12T22:13:21Z,SITC,late-breaking,observed,2.0
IMNN,749647,"Imunon, Inc.  (IMNN)  (CIK 0000749647)",ConferencePresentation,2025-04-25,day,,,sec_edgar,https://www.sec.gov/Archives/edgar/data/749647/000149315225022118/ex99-1.htm,"s://investors.imunon.com/scientific-presentations Positive Translational Data of IMNN-001 Presented at AACR Special Conference in Cancer Research Demonstrating 13 Month OS Extension via Tumor Micro-Environment Shift On September 22, 2025, t",0.75,True,2026-07-12T22:08:04Z,AACR,poster,observed,2.0
IMNN,749647,"Imunon, Inc.  (IMNN)  (CIK 0000749647)",ConferencePresentation,2025-06-02,day,,,sec_edgar,https://www.sec.gov/Archives/edgar/data/749647/000149315225011597/ex99-1.htm,"Clinical Oncology (ASCO) Annual Meeting in Chicago, Illinois on June 3, 2025, the Company present",0.75,True,2026-07-12T21:58:33Z,ASCO,oral,observed,2.0
IMNN,749647,"Imunon, Inc.  (IMNN)  (CIK 0000749647)",ConferencePresentation,2025-10-17,day,,,sec_edgar,https://www.sec.gov/Archives/edgar/data/749647/000149315226013816/ex99-1.htm,"-progress abstract on the ongoing Phase 3 OVATION 3 clinical trial of IMNN-001 were being presented at the European Society for Medical Oncology (ESMO) Congress 2025, held on October 17-2",0.75,True,2026-07-12T22:07:54Z,ESMO,poster,observed,2.0
IMNN,749647,"Imunon, Inc.  (IMNN)  (CIK 0000749647)",ConferencePresentation,2025-11-07,day,,,sec_edgar,https://www.sec.gov/Archives/edgar/data/749647/000149315224043933/ex99-1.htm,ent pivotal Phase 3 study during the first quarter of 2025. Tomorrow afternoon we will be presenting new OVATION 2 data at the Society for Immunotherapy of Cancer 39 th Annual Meeting. Our abstract is being highlighted as a late-breaking ac,0.75,True,2026-07-12T22:12:46Z,SITC,late-breaking,observed,2.0
IMRX,1790340,Immuneering Corp  (IMRX)  (CIK 0001790340),ConferencePresentation,2023-04-17,day,,,sec_edgar,https://www.sec.gov/Archives/edgar/data/1790340/000179034024000022/imrx-20240229xexx991.htm,"se 2a dose expansion phase in approximately 180 patients in multiple dose expansion arms. Presented preclinical data demonstrating encouraging anti-tumor activity for IMM-1-104 and IMM-6-415 In October 2023, Immuneering presented preclinica",0.75,True,2026-07-12T22:10:51Z,AACR,unspecified,observed,2.0
IMRX,1790340,Immuneering Corp  (IMRX)  (CIK 0001790340),ConferencePresentation,2024-04-09,day,,,sec_edgar,https://www.sec.gov/Archives/edgar/data/1790340/000179034024000064/imrx-20240806xexx991.htm,Fast Track Designation for IMM-1-104 in First-line Pancreatic Cancer - - Preclinical Data Presented at AACR Demonstrates that Combining IMM-1-104 with Chemotherapies Used in the Treatment of First-line Pancreatic Cancer Yields Deeper and Mo,0.75,True,2026-07-12T22:10:08Z,AACR,unspecified,observed,2.0
IMRX,1790340,Immuneering Corp  (IMRX)  (CIK 0001790340),ConferencePresentation,2026-06-02,day,,,sec_edgar,https://www.sec.gov/Archives/edgar/data/1790340/000179034026000055/imrx-20260505xexx991.htm,cal trial evaluating atebimetinib + mGnP in first-line metastatic pancreatic cancer to be presented in an oral session at 2026 ASCO Annual Meeting - - Pivotal Phase 3 MAPKeeper 301 trial of atebimetinib + mGnP in first-line metastatic pancr,0.75,True,2026-07-12T22:00:14Z,ASCO,oral,observed,2.0
IMTX,0001809196,"Immatics N.V.  (IMTX, IMTXW)  (CIK 0001809196)",ConferencePresentation,2024-09-16,day,,,sec_edgar,https://www.sec.gov/Archives/edgar/data/1809196/000095010324013585/dp217895_ex9901.htm,EX-99.1 2 dp217895_ex9901.htm EXHIBIT 99.1 Exhibit 99.1 PRESS RELEASE Immatics Presents Clinical Proof-of-Concept Data from Ongoing Phase 1 Dose Escalation Trial with TCR Bispecific Molecule TCER IMA401 Targeting MAGEA4/8 at ESMO,0.75,True,2026-07-24T12:10:56Z,ESMO,unspecified,observed,
IMTX,0001809196,Immatics N.V.  (IMTX)  (CIK 0001809196),ConferencePresentation,2025-10-17,day,,,sec_edgar,https://www.sec.gov/Archives/edgar/data/1809196/000095010325015984/dp238568_ex9901.htm,EX-99.1 2 dp238568_ex9901.htm EXHIBIT 99.1 Exhibit 99.1 PRESS RELEASE Immatics Presents IMA203CD8 PRAME Cell Therapy Data from Ongoing Dose Escalation and Shows Promising Initial Anti-tumor Activity in PRAME-Positive Tumors at ES,0.75,True,2026-07-24T12:10:50Z,ESMO,unspecified,observed,
IMUX,1280776,"IMMUNIC, INC.  (IMUX)  (CIK 0001280776)",ConferencePresentation,2023-10-13,day,,,sec_edgar,https://www.sec.gov/Archives/edgar/data/1280776/000119380524000257/e619294_ex99-1.htm,"resentation, both at the United European Gastroenterology Week (UEGW) 2023. October 2023: Presented data from the phase 2 EMPhASIS trial of vidofludimus calcium in relapsing-remitting MS in an ePoster at MSMilan2023: The 9th Joint ECTRIMS-A",0.75,True,2026-07-12T22:27:01Z,ECTRIMS,oral,observed,2.0
IMUX,1280776,"IMMUNIC, INC.  (IMUX)  (CIK 0001280776)",ConferencePresentation,2024-09-18,day,,,sec_edgar,https://www.sec.gov/Archives/edgar/data/1280776/000119380524001316/e663991_ex99-1.htm,"n for non-relapsing secondary progressive MS (SPMS). In September, we had the opportunity to present four posters at the prestigious 40th Congress of the European Committee for Treatment and Research in Multiple Sclerosis (ECTRIMS), showcas",0.75,True,2026-07-12T22:16:17Z,ECTRIMS,unspecified,observed,2.0
IMUX,1280776,"IMMUNIC, INC.  (IMUX)  (CIK 0001280776)",ConferencePresentation,2025-09-25,day,,,sec_edgar,https://www.sec.gov/Archives/edgar/data/1280776/000119380525001570/e664954_ex99-1.htm,Key Data Highlighting Vidofludimus Calcium s Therapeutic Potential in Multiple Sclerosis Presented at 41 st Congress of ECTRIMS Phase 2 CALLIPER Data Demonstrated Statistically Significant 24-Week Confirmed Disability Improvement in Progre,0.75,True,2026-07-12T22:16:16Z,ECTRIMS,unspecified,observed,2.0
INAB,1740279,"IN8BIO, INC.  (INAB)  (CIK 0001740279)",ConferencePresentation,2024-04-09,day,,,sec_edgar,https://www.sec.gov/Archives/edgar/data/1740279/000095017024056866/inab-ex99_1.htm,"programs in the first quarter of 2024, said William Ho, CEO and co-founder of IN8bio. We presented new preclinical data on our nsCAR platform at the American Association for Cancer Research (AACR) 2024 Annual Meeting demonstrating its pote",0.75,True,2026-07-12T21:59:49Z,AACR,unspecified,observed,2.0
INAB,1740279,"IN8BIO, INC.  (INAB)  (CIK 0001740279)",ConferencePresentation,2024-05-23,day,,,sec_edgar,https://www.sec.gov/Archives/edgar/data/1740279/000119312524152493/d777605dex991.htm,EX-99.1 2 d777605dex991.htm EX-99.1 EX-99.1 Exhibit 99.1 IN8bio Presents Progression-Free Survival Update from Phase 1 Study of INB-200 at 2024 American Society of Clinical Oncology Annual Meeting 92% of evaluable,0.75,True,2026-07-12T21:58:04Z,ASCO,unspecified,observed,2.0
INAB,1740279,"IN8BIO, INC.  (INAB)  (CIK 0001740279)",ConferencePresentation,2024-11-22,day,,,sec_edgar,https://www.sec.gov/Archives/edgar/data/1740279/000095017025038728/inab-ex99_1.htm,"post-transplant relapse in high-risk AML patients relative to historical real-world data Presented Continued Durable Remissions in Phase 1 Trial of INB-200 (Autologous, Drug-Resistant Gamma-Delta T Cell Therapy for Glioblastoma) Presented",0.75,True,2026-07-12T22:14:48Z,SNO,oral,observed,2.0
INAB,1740279,"IN8BIO, INC.  (INAB)  (CIK 0001740279)",ConferencePresentation,2025-04-25,day,,,sec_edgar,https://www.sec.gov/Archives/edgar/data/1740279/000095017025065603/inab-ex99_1.htm,"e genetic abnormalities was treated with INB-100 and remains alive and in remission today Presented new data on INB-600, a next-generation gamma-delta T cell engager (TCE) platform at the American Association for Cancer Research (AACR) 2025",0.75,True,2026-07-12T21:58:14Z,AACR,oral,observed,2.0
INAB,1740279,"IN8BIO, INC.  (INAB)  (CIK 0001740279)",ConferencePresentation,2025-05-15,day,,,sec_edgar,https://www.sec.gov/Archives/edgar/data/1740279/000095017025104986/inab-ex99_1.htm,"t Region USA East Abstract Award at ISCT 2025 for IN8bio s DeltEx manufacturing platform. Presented preclinical data at ASGCT 2025 on INB-619, a novel gamma-delta T cell engager, and its ability to induce pan-gamma-delta T cell expansion an",0.75,True,2026-07-12T22:25:13Z,ASGCT,unspecified,observed,2.0
INAB,1740279,"IN8BIO, INC.  (INAB)  (CIK 0001740279)",ConferencePresentation,2025-10-28,day,,,sec_edgar,https://www.sec.gov/Archives/edgar/data/1740279/000119312525269442/inab-ex99_1.htm,"s and business highlights for the third quarter ended September 30, 2025. Key Highlights: Presented New Preclinical Data on INB-619 at ACR Convergence 2025 IN8bio presented compelling new preclinical data on INB-619, its CD19 targeting TCE,",0.75,True,2026-07-12T22:04:12Z,ACR,unspecified,observed,2.0
INAB,1740279,"IN8BIO, INC.  (INAB)  (CIK 0001740279)",ConferencePresentation,2026-06-02,day,,,sec_edgar,https://www.sec.gov/Archives/edgar/data/1740279/000119312526212128/inab-ex99_1.htm,"sion-free survival vs. standard-of-care; updated median overall survival (mOS) data to be presented at ASCO 2026 Hosting R D Day on May 21, 2026 in New York City NEW YORK, May 7, 2026 - IN8bio, Inc. (Nasdaq: INAB), a clinical-stage biopharm",0.75,True,2026-07-12T22:00:44Z,ASCO,unspecified,observed,2.0
INCY,879169,INCYTE CORP  (INCY)  (CIK 0000879169),ConferencePresentation,2024-04-09,day,,,sec_edgar,https://www.sec.gov/Archives/edgar/data/879169/000087916924000074/incy-q12024xexx991.htm,"file of INCB123667 aligns with the mechanism of action. Additional data is expected to be presented in 2024. In April 2024, Incyte presented new preclinical data at the American Association for Cancer Research (AACR) Annual Meeting 2024 hig",0.75,True,2026-07-12T22:11:12Z,AACR,unspecified,observed,2.0
INCY,879169,INCYTE CORP  (INCY)  (CIK 0000879169),ConferencePresentation,2024-09-16,day,,,sec_edgar,https://www.sec.gov/Archives/edgar/data/879169/000087916924000169/incy-q32024xexx991.htm,"tis and nonsegmental vitiligo in patients 12 years of age and older. In September, Incyte presented late-breaking Phase 3 results for retifanlimab (Zynyz ) and initial data from the Phase 1 CDK2 inhibitor program at the 2024 European Societ",0.75,True,2026-07-12T22:08:27Z,ESMO,late-breaking,observed,2.0
INCY,879169,INCYTE CORP  (INCY)  (CIK 0000879169),ConferencePresentation,2024-12-09,day,,,sec_edgar,https://www.sec.gov/Archives/edgar/data/879169/000162828025004514/incy-q42024xexx991.htm,nalidomide and rituximab in patients with relapsed or refractory follicular lymphoma were featured in the late-breaking session at the 2024 American Society of Hematology (ASH) Annual Meeting. The study met its primary endpoint by demonstra,0.75,True,2026-07-12T22:05:39Z,ASH,late-breaking,observed,2.0
INCY,879169,INCYTE CORP  (INCY)  (CIK 0000879169),ConferencePresentation,2025-03-05,day,,,sec_edgar,https://www.sec.gov/Archives/edgar/data/879169/000087916925000053/incy-q12025xexx991.htm,1 and TRuE-PN2) evaluating ruxolitinib cream in patients with prurigo nodularis (PN) were presented in a late-breaking oral session at the American Academy of Dermatology annual meeting. The TRuE-PN1 study met the primary endpoint of a 4-po,0.75,True,2026-07-12T22:20:05Z,AAD,late-breaking,observed,2.0
INCY,879169,INCYTE CORP  (INCY)  (CIK 0000879169),ConferencePresentation,2025-06-12,day,,,sec_edgar,https://www.sec.gov/Archives/edgar/data/879169/000087916925000100/incy-q22025xexx991.htm,"aluating INCA033989 in mutCALR positive patients with essential thrombocythemia (ET) were presented during a late-breaking session at the 2025 European Hematology Association (EHA) Congress in Milan, Italy. The data showed rapid and durable",0.75,True,2026-07-12T22:12:34Z,EHA,late-breaking,observed,2.0
INCY,879169,INCYTE CORP  (INCY)  (CIK 0000879169),ConferencePresentation,2026-06-02,day,,,sec_edgar,https://www.sec.gov/Archives/edgar/data/879169/000087916926000023/incy-q12026xexx991.htm,treatment of patients with newly diagnosed diffuse large B-cell lymphoma (DLBCL) will be presented at the 2026 American Society of Clinical Oncology (ASCO) Annual Meeting. Abstract Title frontMIND Phase 3 study of tafasitamab (Tafa) plus l,0.75,True,2026-07-12T22:20:07Z,ASCO,oral,observed,2.0
INDP,1857044,"Indaptus Therapeutics, Inc.  (INDP)  (CIK 0001857044)",ConferencePresentation,2024-04-09,day,,,sec_edgar,https://www.sec.gov/Archives/edgar/data/1857044/000149315224018161/ex99-1.htm,"ation for Cancer Research (AACR) annual meeting, and the acceptance of further data to be presented in a poster at the American Society of Clinical Oncology (ASCO) annual meeting, which is considered among the top annual oncology conference",0.75,True,2026-07-12T21:57:53Z,AACR,poster,observed,2.0
INDP,1857044,"Indaptus Therapeutics, Inc.  (INDP)  (CIK 0001857044)",ConferencePresentation,2024-05-23,day,,,sec_edgar,https://www.sec.gov/Archives/edgar/data/1857044/000149315224020966/form8-k.htm,"review by a Safety Review Committee of the Company s initial clinical data, which will be presented at the annual meeting of the American Society of Clinical Oncology ( ASCO ), the Company has successfully dosed the first patient in the mul",0.75,True,2026-07-12T21:58:57Z,ASCO,unspecified,observed,2.0
INKT,1840229,"MiNK Therapeutics, Inc.  (INKT)  (CIK 0001840229)",ConferencePresentation,2023-05-19,day,,,sec_edgar,https://www.sec.gov/Archives/edgar/data/1840229/000117184324001514/exh_991.htm,"KT cells, and other modalities for solid tumor cancers. MiNK-215 preclinical efficacy was presented at the American Society of Gene and Cell Therapy (ASGCT) 2023 annual meeting that showed MiNK-215 s activity in non-small cell lung cancer (",0.75,True,2026-07-12T22:16:38Z,ASGCT,unspecified,observed,2.0
INKT,1840229,"MiNK Therapeutics, Inc.  (INKT)  (CIK 0001840229)",ConferencePresentation,2024-05-20,day,,,sec_edgar,https://www.sec.gov/Archives/edgar/data/1840229/000117184324004721/exh_991.htm,"024 Annual Meeting Phase 2 Study in 2L Gastric Cancer Advances; Early Clinical Data to be Presented at Upcoming Medical Conference Phase 1 Study in GvHD on Track for Activation in 2Q 2024 NEW YORK, Aug. 13, 2024 (GLOBE NEWSWIRE) -- MiNK The",0.75,True,2026-07-12T22:23:47Z,ATS,unspecified,observed,2.0
INKT,1840229,"MiNK Therapeutics, Inc.  (INKT)  (CIK 0001840229)",ConferencePresentation,2025-05-19,day,,,sec_edgar,https://www.sec.gov/Archives/edgar/data/1840229/000117184325001513/exh_991.htm,"in Inflammatory Lung Conditions ( ARDS ) : Published results in Nature Communications and presented at the American Thoracic Society (ATS) showed AgenT-797 s potential in acute respiratory distress, with an approximately 80% survival rate a",0.75,True,2026-07-12T22:23:45Z,ATS,unspecified,observed,2.0
INKT,1840229,"MiNK Therapeutics, Inc.  (INKT)  (CIK 0001840229)",ConferencePresentation,2026-05-11,day,,,sec_edgar,https://www.sec.gov/Archives/edgar/data/1840229/000119312526225369/inkt-ex99_1.htm,"s, with preliminary data expected in the second half of 2026 AACR and ASGCT presentations showcase durable survival and context-dependent iNKT activity in cancer and inflammatory lung disease Non-dilutive collaborations expand MiNK s platfo",0.75,True,2026-07-12T22:16:42Z,ASGCT,unspecified,observed,2.0
INO,1055726,"INOVIO PHARMACEUTICALS, INC.  (INO)  (CIK 0001055726)",ConferencePresentation,2025-10-17,day,,,sec_edgar,https://www.sec.gov/Archives/edgar/data/1055726/000105572625000056/ino-63025x8kex991.htm,of conventional therapeutic protein replacement treatments. Upcoming Presentations INOVIO will present data on INO-3107 and other promising DNA medicine candidates at the following upcoming events American Academy of Otolaryngology October,0.75,True,2026-07-12T22:07:23Z,ESMO,unspecified,observed,2.0
INO,1055726,"INOVIO PHARMACEUTICALS, INC.  (INO)  (CIK 0001055726)",ConferencePresentation,2026-06-02,day,,,sec_edgar,https://www.sec.gov/Archives/edgar/data/1055726/000105572626000019/ino-33126x8kex991.htm,"ram. INOVIO continues to engage with the RRP community, including presenting data from our Phase 1 2 trial of INO-3107 at the Combined Otolaryngology Spring Meeting (COSM), the premier educational and technology foru",0.75,True,2026-07-12T22:00:52Z,ASCO,unspecified,observed,2.0
IOVA,1425205,"IOVANCE BIOTHERAPEUTICS, INC.  (IOVA)  (CIK 0001425205)",ConferencePresentation,2024-05-23,day,,,sec_edgar,https://www.sec.gov/Archives/edgar/data/1425205/000110465924059322/tm2413980d1_ex99-1.htm,"y supports the rationale for TILVANCE-301 and the frontline melanoma opportunity, will be presented at the American Society of Clinical Oncology (ASCO) Annual Meeting on May 31, 2024. Lifileucel in Non-Small Cell Lung Cancer (NSCLC) o Enrol",0.75,True,2026-07-12T22:02:26Z,ASCO,oral,observed,2.0
IOVA,1425205,"IOVANCE BIOTHERAPEUTICS, INC.  (IOVA)  (CIK 0001425205)",ConferencePresentation,2024-11-08,day,,,sec_edgar,https://www.sec.gov/Archives/edgar/data/1425205/000110465924115300/tm2427769d1_ex99-1.htm,"etting. Additional Cohort 3A results are available in a late-breaking poster that will be presented at the upcoming Society for Immunotherapy of Cancer Annual Meeting (SITC) on November 9, 2024 Lifileucel in Endometrial Cancer o Patient enr",0.75,True,2026-07-12T22:13:25Z,SITC,late-breaking,observed,2.0
IPHA,0001598599,"Innate Pharma SA  (IPHA, IPHYF)  (CIK 0001598599)",ConferencePresentation,2023-06-05,day,,,sec_edgar,https://www.sec.gov/Archives/edgar/data/1598599/000159859924000086/exhibit991-241113.htm,atory Phase 3 trial. Results from the study in S zary syndrome and mycosis fungoides were presented at the American Society of Hematology (ASH) 2023 Annual Meeting and the American Society of Clinical Oncology (ASCO) 2024 Annual Meeting res,0.75,True,2026-07-24T12:05:50Z,ASCO,unspecified,observed,
IPHA,1598599,"Innate Pharma SA  (IPHA, IPHYF)  (CIK 0001598599)",ConferencePresentation,2024-04-09,day,,,sec_edgar,https://www.sec.gov/Archives/edgar/data/1598599/000159859924000006/exhibit991-240306aacr.htm,EX-99.01 2 exhibit991-240306aacr.htm EX-99.01 Document EXHIBIT 99.1 Innate Pharma To Present Nectin-4 Antibody Drug Conjugate IPH45 Preclinical Data At Aacr 2024 IPH45 abstract selected for oral presentation at AACR Annual Meeting 2,0.75,True,2026-07-12T22:09:24Z,AACR,oral,observed,2.0
IPHA,1598599,"Innate Pharma SA  (IPHA, IPHYF)  (CIK 0001598599)",ConferencePresentation,2024-05-23,day,,,sec_edgar,https://www.sec.gov/Archives/edgar/data/1598599/000159859924000086/exhibit991-241113.htm,atory Phase 3 trial. Results from the study in S zary syndrome and mycosis fungoides were presented at the American Society of Hematology (ASH) 2023 Annual Meeting and the American Society of Clinical Oncology (ASCO) 2024 Annual Meeting res,0.75,True,2026-07-12T22:00:46Z,ASCO,unspecified,observed,2.0
IPHA,1598599,"Innate Pharma SA  (IPHA, IPHYF)  (CIK 0001598599)",ConferencePresentation,2024-09-09,day,,,sec_edgar,https://www.sec.gov/Archives/edgar/data/1598599/000159859924000059/exhibit991-240909.htm,"Document EXHIBIT 99.1 Monalizumab data from NeoCOAST-2 Phase 2 study in early-stage NSCLC presented at the WCLC 2024 Marseille, France, September 9, 2024, 7 00 A.M. CEST Innate Pharma SA (Euronext Paris IPH Nasdaq IPHA) ( Innate or the Comp",0.75,True,2026-07-12T22:14:14Z,WCLC,unspecified,observed,2.0
IPHA,1598599,"Innate Pharma SA  (IPHA, IPHYF)  (CIK 0001598599)",ConferencePresentation,2024-12-09,day,,,sec_edgar,https://www.sec.gov/Archives/edgar/data/1598599/000159859924000098/exhibit991-241209.htm,EX-99.1 2 exhibit991-241209.htm EX-99.1 Document EXHIBIT 99.1 Innate Pharma Presents Lacutamab Improved Health-Related Quality Of Life Data At Ash 2024 From TELLOMAK Phase 2 Study In Patients With Cutaneous T Cell Lymphoma Mar,0.75,True,2026-07-12T22:04:05Z,ASH,unspecified,observed,2.0
IPHA,1598599,"Innate Pharma SA  (IPHA, IPHYF)  (CIK 0001598599)",ConferencePresentation,2025-04-25,day,,,sec_edgar,https://www.sec.gov/Archives/edgar/data/1598599/000159859925000049/exhibit991-250513.htm,"lapsed or refractory S zary syndrome long term follow up data from TELLOMAK Phase 2 to be presented at ASCO Annual Meeting 2025 Cash position of 72.5 million 1 as of March 31, 2025,",0.75,True,2026-07-12T22:00:33Z,AACR,unspecified,observed,2.0
IPHA,1598599,"Innate Pharma SA  (IPHA, IPHYF)  (CIK 0001598599)",ConferencePresentation,2025-06-02,day,,,sec_edgar,https://www.sec.gov/Archives/edgar/data/1598599/000159859925000054/exhibit991-250523.htm,rom the TELLOMAK Phase 2 trial in S zary syndrome (SS) and mycosis fungoides (MF) will be presented at the ASCO Annual Meeting 2025. Long-term follow-up data from TELLOMAK study confirms the meaningful clinical activity in heavily pretreate,0.75,True,2026-07-12T22:00:26Z,ASCO,unspecified,observed,2.0
IPHA,1598599,"Innate Pharma SA  (IPHA, IPHYF)  (CIK 0001598599)",ConferencePresentation,2026-04-21,day,,,sec_edgar,https://www.sec.gov/Archives/edgar/data/1598599/000162828026025688/a260417exhibit991.htm,EX-99.1 2 a260417exhibit991.htm EX-99.1 Document EXHIBIT 99.1 INNATE PHARMA TO PRESENT MATISSE PHASE 2 INTERIM RESULTS OF IPH5201 IN CLINICAL TRIALS PLENARY SESSION AT AACR 2026 Encouraging early results catalyze continued inv,0.75,True,2026-07-12T22:09:44Z,AACR,plenary,observed,2.0
IPSC,1850119,"Century Therapeutics, Inc.  (IPSC)  (CIK 0001850119)",ConferencePresentation,2024-04-09,day,,,sec_edgar,https://www.sec.gov/Archives/edgar/data/1850119/000110465924034239/tm248573d2_ex99-1.htm,initiate Phase 1 CALiPSO-1 clinical trial in the first half of 2024 - - Six posters to be presented at upcoming AACR Annual Meeting 2024 highlighting Century s end-to-end cell therapy capabilities including expertise across iPSC repro gramm,0.75,True,2026-07-12T22:04:42Z,AACR,unspecified,observed,2.0
IPSC,1850119,"Century Therapeutics, Inc.  (IPSC)  (CIK 0001850119)",ConferencePresentation,2024-05-08,day,,,sec_edgar,https://www.sec.gov/Archives/edgar/data/1850119/000110465924087013/tm2421030d1_ex99-1.htm,"nt treatment options and high unmet need in the second half of 2024. In May 2024, Century presented two posters at the American Society of Gene and Cell Therapy (ASGCT) Annual Meeting showcasing the potential ability of its lead program, CN",0.75,True,2026-07-12T22:01:13Z,ASGCT,unspecified,observed,2.0
IPSC,1850119,"Century Therapeutics, Inc.  (IPSC)  (CIK 0001850119)",ConferencePresentation,2024-05-23,day,,,sec_edgar,https://www.sec.gov/Archives/edgar/data/1850119/000110465924114136/tm2427432d1_ex99-1.htm,"les alongside a favorable safety profile, building on encouraging interim data previously presented at the 2024 American Society of Clinical Oncology Annual Meeting. As of the data snapshot October 15, 2024, eight additional participants ha",0.75,True,2026-07-12T22:02:16Z,ASCO,unspecified,observed,2.0
IPSC,1850119,"Century Therapeutics, Inc.  (IPSC)  (CIK 0001850119)",ConferencePresentation,2025-06-11,day,,,sec_edgar,https://www.sec.gov/Archives/edgar/data/1850119/000110465925078617/tm2523439d1_ex99-1.htm,"enrollment and dosing is expected to occur in the third quarter of 2025. Preclinical data presented at EULAR 2025 Congress: In June 2025, Century presented a poster presentation at the EULAR 2025 Congress demonstrating the ability of CNTY-1",0.75,True,2026-07-12T22:26:29Z,EULAR,poster,observed,2.0
IRD,1228627,"Opus Genetics, Inc.  (IRD)  (CIK 0001228627)",ConferencePresentation,2025-05-09,day,,,sec_edgar,https://www.sec.gov/Archives/edgar/data/1228627/000114036125030822/ef20053851_ex99-1.htm,"nction, including visual acuity gains and improved mobility testing scores. This data was presented at the Association for Research in Vision and Ophthalmology (ARVO) Annual Meeting in May. Initial pediatric data at one-month post-treatment",0.75,True,2026-07-12T22:24:37Z,ARVO,unspecified,observed,2.0
IRON,1816736,"Disc Medicine, Inc.  (IRON)  (CIK 0001816736)",ConferencePresentation,2024-06-14,day,,,sec_edgar,https://www.sec.gov/Archives/edgar/data/1816736/000119312524161170/d826950dex991.htm,EX-99.1 2 d826950dex991.htm EX-99.1 EX-99.1 Exhibit 99.1 Disc Medicine Presents Positive Clinical Data Across Portfolio at the European Hematology Association (EHA) 2024 Congress Updated analyses of data from AURORA and B,0.75,True,2026-07-12T22:11:46Z,EHA,unspecified,observed,2.0
IRON,1816736,"Disc Medicine, Inc.  (IRON)  (CIK 0001816736)",ConferencePresentation,2024-12-09,day,,,sec_edgar,https://www.sec.gov/Archives/edgar/data/1816736/000095017024134349/iron-20241208.htm,ny ) held a previously-announced conference call and webcast to review the Company's data presented at the 66th American Society of Hematology ( ASH ) Annual Meeting and Exposition and the Company's operational plans. A copy of the slide pr,0.75,True,2026-07-12T22:03:12Z,ASH,unspecified,observed,2.0
IRON,1816736,"Disc Medicine, Inc.  (IRON)  (CIK 0001816736)",ConferencePresentation,2025-06-12,day,,,sec_edgar,https://www.sec.gov/Archives/edgar/data/1816736/000181673625000006/iron-ex99_1.htm,"d Phase 2 study of DISC-3405 in polycythemia vera (PV) with initial data expected in 2026 Presented positive clinical data updates across the portfolio at the European Hematology Association (EHA) Annual Congress, including longer term effi",0.75,True,2026-07-12T22:12:13Z,EHA,unspecified,observed,2.0
IRON,1816736,"Disc Medicine, Inc.  (IRON)  (CIK 0001816736)",ConferencePresentation,2025-12-06,day,,,sec_edgar,https://www.sec.gov/Archives/edgar/data/1816736/000119312525310664/iron-20251207.htm,ny ) held a previously-announced conference call and webcast to review the Company's data presented at the 67th American Society of Hematology ( ASH ) Annual Meeting and Exposition and the Company's operational plans. A copy of the slide pr,0.75,True,2026-07-12T22:03:10Z,ASH,unspecified,observed,2.0
IVA,1756594,"Inventiva S.A.  (IVA, IVEVF)  (CIK 0001756594)",ConferencePresentation,2024-11-18,day,,,sec_edgar,https://www.sec.gov/Archives/edgar/data/1756594/000117184324006404/exh_991.htm,EX-99.1 2 exh_991.htm PRESS RELEASE EdgarFiling EXHIBIT 99.1 Inventiva will present data from the final analysis of the Phase 2 study evaluating the combination of lanifibranor with empagliflozin in patients with MASH and,0.75,True,2026-07-12T22:16:57Z,AASLD,late-breaking,observed,2.0
JAZZ,1232524,Jazz Pharmaceuticals plc  (JAZZ)  (CIK 0001232524),ConferencePresentation,2023-06-05,day,,,sec_edgar,https://www.sec.gov/Archives/edgar/data/1232524/000119312524003910/d636118dex991.htm,ingful data generation and rapid progression 15 months post-transaction Dec 2023 BTC Data Presented at ASCO Nov 2023 Monotherapy Activity Oct 2023 Transaction Activity Post Prior Jun 2023 Announced HER2 Treatment Activity in Combination Jan,0.75,True,2026-07-12T22:01:00Z,ASCO,unspecified,observed,2.0
JAZZ,1232524,Jazz Pharmaceuticals plc  (JAZZ)  (CIK 0001232524),ConferencePresentation,2024-01-19,day,,,sec_edgar,https://www.sec.gov/Archives/edgar/data/1232524/000123252424000014/a4q23financialpr.htm,"ival analysis, while maintaining PFS top-line readout. Data presented at SABCS in heavily pretreated patients with HER2+ HR+ metastatic breast cancer demonstrated 67% PFS at six months with a median PFS of 12 m",0.75,True,2026-07-12T22:14:36Z,ASCO-GI,unspecified,observed,2.0
JAZZ,1232524,Jazz Pharmaceuticals plc  (JAZZ)  (CIK 0001232524),ConferencePresentation,2024-05-23,day,,,sec_edgar,https://www.sec.gov/Archives/edgar/data/1232524/000119312524262940/d832756dex991.htm,"irmed objective response rate (cORR) by independent central review (ICR) and results were presented at the American Society of Clinical Oncology (ASCO) Annual Meeting 2023 , published in The Lancet Oncology , and included in the 2023 Best o",0.75,True,2026-07-12T22:01:48Z,ASCO,unspecified,observed,2.0
JAZZ,1232524,Jazz Pharmaceuticals plc  (JAZZ)  (CIK 0001232524),ConferencePresentation,2025-06-02,day,,,sec_edgar,https://www.sec.gov/Archives/edgar/data/1232524/000123252425000025/a1q25financialpr.htm,"tentially practice-changing results from the Phase 3 IMforte trial. Data from trial to be presented at the 2025 ASCO Annual Meeting in June 2025. Acquisition of Chimerix added dordaviprone to late-stage pipeline, representing near-term comm",0.75,True,2026-07-12T22:15:54Z,ASCO,unspecified,observed,2.0
JNJ,200406,JOHNSON & JOHNSON  (JNJ)  (CIK 0000200406),ConferencePresentation,2024-04-16,day,,,sec_edgar,https://www.sec.gov/Archives/edgar/data/200406/000020040624000036/a2024q1exhibit9911.htm,calimab enabling differentiated potential in treating generalized myasthenia gravis to be presented at American Academy of Neurology s 2024 Annual Meeting 1 Press Release Johnson Johnson to Showcase its Broad Scientific Leadership and Lates,0.75,True,2026-07-12T22:15:31Z,AAN,unspecified,observed,2.0
JSPRW,1788028,"Jasper Therapeutics, Inc.  (JSPR, JSPRW)  (CIK 0001788028)",ConferencePresentation,2024-10-24,day,,,sec_edgar,https://www.sec.gov/Archives/edgar/data/1788028/000121390024095175/ea0220162ex99-1_jasper.htm,"cted to discontinue development in the indication. Data from the study are expected to be presented at a future medical conference. Presented preclinical briquilimab data at the American College of Allergy, Asthma Immunology (ACAAI) Annual",0.75,True,2026-07-12T22:20:47Z,ACAAI,unspecified,observed,2.0
JSPRW,1788028,"Jasper Therapeutics, Inc.  (JSPR, JSPRW)  (CIK 0001788028)",ConferencePresentation,2025-02-10,day,,,sec_edgar,https://www.sec.gov/Archives/edgar/data/1788028/000121390025042017/ea024173201ex99-1_jasper.htm,"resident and Chief Executive Officer of Jasper. Updated data from the BEACON study in CSU presented at the AAAAI annual meeting continued to demonstrate the potential of briquilimab to deliver differentiated onset of action, depth of respon",0.75,True,2026-07-12T22:19:50Z,AAAAI,unspecified,observed,2.0
KPTI,1503802,Karyopharm Therapeutics Inc.  (KPTI)  (CIK 0001503802),ConferencePresentation,2023-10-12,day,,,sec_edgar,https://www.sec.gov/Archives/edgar/data/1503802/000095017025095167/kpti-ex99_1.htm,"y of Clinical Oncology Plenary Series. July 25, 2023; Virtual. 8. Maloof ME et al. Poster presented at: AACR-NCI-EORTC International Conference on Molecular Targets and Cancer Therapeutics. October 11 15 , 2023; Boston, MA. Inhibition of XP",0.75,True,2026-07-12T22:08:32Z,ENA,plenary,observed,2.0
KPTI,1503802,Karyopharm Therapeutics Inc.  (KPTI)  (CIK 0001503802),ConferencePresentation,2024-05-23,day,,,sec_edgar,https://www.sec.gov/Archives/edgar/data/1503802/000119312524133784/d809399dex991.htm,.S. XPOVIO Net Product Revenue Guidance of $100.0 Million to $120.0 Million Invited to Present Updated Data from a Pre-Specified Exploratory Subgroup Analysis of the Phase 3 SIENDO Trial of Selinexor Maintenance Treatment in Patients,0.75,True,2026-07-12T22:26:19Z,ASCO,unspecified,observed,2.0
KPTI,1503802,Karyopharm Therapeutics Inc.  (KPTI)  (CIK 0001503802),ConferencePresentation,2024-06-14,day,,,sec_edgar,https://www.sec.gov/Archives/edgar/data/1503802/000119312524194427/d878101dex991.htm,elinexor Maintenance Treatment in Advanced/Recurrent Endometrial Cancer Pre-Clinical Data Presented at the June 2024 European Hematology Association Meeting Support Selinexor s Mechanism of Action Targeting Multiple Oncogenic Pathways beyon,0.75,True,2026-07-12T22:11:56Z,EHA,unspecified,observed,2.0
KPTI,1503802,Karyopharm Therapeutics Inc.  (KPTI)  (CIK 0001503802),ConferencePresentation,2025-06-12,day,,,sec_edgar,https://www.sec.gov/Archives/edgar/data/1503802/000119312526009738/kpti-ex99_1.htm,"om the Phase 3 SENTRY trial may not ultimately be reflective of the actual trial results. Presented data from the XPORT-MF-035 (NCT04562870) Phase 2, randomized, open-label trial of selinexor versus physician's-choice in hard-to-treat patie",0.75,True,2026-07-12T22:05:10Z,EHA,unspecified,observed,2.0
KPTI,1503802,Karyopharm Therapeutics Inc.  (KPTI)  (CIK 0001503802),ConferencePresentation,2025-12-06,day,,,sec_edgar,https://www.sec.gov/Archives/edgar/data/1503802/000119312526047670/kpti-ex99_1.htm,"yelofibrosis. The preliminary baseline characteristics for patients enrolled in SENTRY as presented at the American Society of Hematology 2025 Annual Meeting (n=320) are representative of the intended patient population. In addition, prelim",0.75,True,2026-07-12T22:05:28Z,ASH,unspecified,observed,2.0
KROS,1664710,"Keros Therapeutics, Inc.  (KROS)  (CIK 0001664710)",ConferencePresentation,2024-05-20,day,,,sec_edgar,https://www.sec.gov/Archives/edgar/data/1664710/000166471024000038/exhibit991q12024.htm,"tercept) for the treatment of PAH and for the treatment of cardiovascular disorders Keros will present a poster abstract from its KER-012 program at the American Thoracic Society ( ATS ) 2024 International Conference, to be held from May 17",0.75,True,2026-07-12T22:23:47Z,ATS,poster,observed,2.0
KRYS,0001711279,"Krystal Biotech, Inc.  (KRYS)  (CIK 0001711279)",ConferencePresentation,2025-05-09,day,,,sec_edgar,https://www.sec.gov/Archives/edgar/data/1711279/000171127925000078/a2q25exhibit991pr.htm,"be found at www.clinicaltrials.gov under NCT identifier NCT06999733. In May, the Company presented preclinical safety and efficacy data supporting the clinical development of KB801 at the Association for Research in Vision and Ophthalmolog",0.75,True,2026-07-24T12:06:43Z,ARVO,unspecified,observed,
KRYS,0001711279,"Krystal Biotech, Inc.  (KRYS)  (CIK 0001711279)",ConferencePresentation,2025-06-02,day,,,sec_edgar,https://www.sec.gov/Archives/edgar/data/1711279/000171127925000055/krys-20250602.htm,"n Society of Clinical Oncology (ASCO) Annual Meeting in Chicago, IL. A copy of the poster presented at the ASCO meeting is attached hereto as Exhibit 99.1 and is incorporated herein by reference. The poster will also be available on the Inv",0.75,True,2026-07-24T12:04:39Z,ASCO,poster,observed,
KURA,1422143,"Kura Oncology, Inc.  (KURA)  (CIK 0001422143)",ConferencePresentation,2024-12-09,day,,,sec_edgar,https://www.sec.gov/Archives/edgar/data/1422143/000119312525020831/d886608d8k.htm,"KMT2A-r AML. The positive feedback from the FDA, along with data from the KOMET-007 trial presented at the 2024 American Society of Hematology Annual Meeting, reinforces Kura s and Kyowa Kirin s commitment to evaluating ziftomenib in patien",0.75,True,2026-07-12T22:04:07Z,ASH,unspecified,observed,2.0
KURA,0001422143,"Kura Oncology, Inc.  (KURA)  (CIK 0001422143)",ConferencePresentation,2025-10-17,day,,,sec_edgar,https://www.sec.gov/Archives/edgar/data/1422143/000119312526009649/d55582dex991.htm,-generation farnesyl transferase inhibitor (FTI) programs tipifarnib and darlifarnib were presented at the 2025 European Society for Medical Oncology (ESMO) Congress. Expected 2026 Key Milestones KOMZIFTI Commercial Accelerate U.S. uptake o,0.75,True,2026-07-24T12:09:27Z,ESMO,unspecified,observed,
KURA,1422143,"Kura Oncology, Inc.  (KURA)  (CIK 0001422143)",ConferencePresentation,2026-06-02,day,,,sec_edgar,https://www.sec.gov/Archives/edgar/data/1422143/000119312526219422/kura-ex99_1.htm,development of next-generation menin inhibitor for use in other solid tumors Darlifarnib Present preliminary clinical data for darlifarnib plus adagrasib in KRAS G12C -mutated solid tumors at the upcoming American Society of Clinical Oncol,0.75,True,2026-07-12T22:02:14Z,ASCO,unspecified,observed,2.0
KYMR,1815442,"Kymera Therapeutics, Inc.  (KYMR)  (CIK 0001815442)",ConferencePresentation,2024-04-09,day,,,sec_edgar,https://www.sec.gov/Archives/edgar/data/1815442/000095017024051566/kymr-ex99_1.htm,biomarker-based patient selection strategy for subsequent development beyond Phase 1a and will present data at a medical meeting this year. KT-333 STAT3 Degrader In April 2024 at the American Association for Cancer Research (AACR) Annual Me,0.75,True,2026-07-12T22:01:21Z,AACR,late-breaking,observed,2.0
KYMR,1815442,"Kymera Therapeutics, Inc.  (KYMR)  (CIK 0001815442)",ConferencePresentation,2025-05-19,day,,,sec_edgar,https://www.sec.gov/Archives/edgar/data/1815442/000119312525116443/d27625dex991.htm,"multiple Th2 dermatology, gastroenterology and respiratory indications. The Company plans to present additional KT-621 preclinical data at the American Thoracic Society (ATS) Annual Meeting being held May 16-21, 2025, in San Francisco, CA.",0.75,True,2026-07-12T22:24:00Z,ATS,unspecified,observed,2.0
KYMR,1815442,"Kymera Therapeutics, Inc.  (KYMR)  (CIK 0001815442)",ConferencePresentation,2026-06-04,day,,,sec_edgar,https://www.sec.gov/Archives/edgar/data/1815442/000119312526193957/kymr-ex99_1.htm,"l in the second half of 2026. Building on KT-579 s preclinical profile, the Company plans to present new data further characterizing its activity across autoimmune disease models, including IBD at Digestive Disease Week (DDW) in May, as wel",0.75,True,2026-07-12T22:18:37Z,EULAR,unspecified,observed,2.0
KYTX,1994702,"Kyverna Therapeutics, Inc.  (KYTX)  (CIK 0001994702)",ConferencePresentation,2024-09-18,day,,,sec_edgar,https://www.sec.gov/Archives/edgar/data/1994702/000095017024126342/kytx-ex99_1.htm,"Expertise in Cell Therapy Continuing to Advance Broad KYSA Clinical Development Program: Presented Clinical Data Highlighting Potential for KYV-101 in SPS, MG and MS at ECTRIMS and Plan to Share Updated Clinical Data in LN at Company Sympo",0.75,True,2026-07-12T22:16:14Z,ECTRIMS,unspecified,observed,2.0
KYTX,1994702,"Kyverna Therapeutics, Inc.  (KYTX)  (CIK 0001994702)",ConferencePresentation,2025-04-09,day,,,sec_edgar,https://www.sec.gov/Archives/edgar/data/1994702/000095017025070286/kytx-ex99_1.htm,"of 2026. At the American Academy of Neurology (AAN) Annual Meeting in April 2025, Kyverna presented a real-world analysis on functional outcome measures in patients with SPS. In collaboration with the University of Colorado, the study utili",0.75,True,2026-07-12T22:15:29Z,AAN,unspecified,observed,2.0
KYTX,1994702,"Kyverna Therapeutics, Inc.  (KYTX)  (CIK 0001994702)",ConferencePresentation,2025-09-25,day,,,sec_edgar,https://www.sec.gov/Archives/edgar/data/1994702/000119312525277569/kytx-ex99_1.htm,"n strategy. Multiple Sclerosis (MS): Phase 1 data from IITs evaluating KYV-101 in MS were presented at the 2025 European Committee for Treatment and Research in Multiple Sclerosis (ECTRIMS) meeting in September 2025, including an oral prese",0.75,True,2026-07-12T22:16:15Z,ECTRIMS,oral,observed,2.0
KYTX,1994702,"Kyverna Therapeutics, Inc.  (KYTX)  (CIK 0001994702)",ConferencePresentation,2025-10-28,day,,,sec_edgar,https://www.sec.gov/Archives/edgar/data/1994702/000119312526126216/kytx-ex99_1.htm,the Phase 1 portion of a Phase 1/2 IIT evaluating miv-cel in treatment-refractory RA were presented by Charit University of Berlin at the American College of Rheumatology (ACR) Convergence meeting in October 2025. Results demonstrated profo,0.75,True,2026-07-12T22:15:33Z,ACR,unspecified,observed,2.0
KYTX,1994702,"Kyverna Therapeutics, Inc.  (KYTX)  (CIK 0001994702)",ConferencePresentation,2026-04-21,day,,,sec_edgar,https://www.sec.gov/Archives/edgar/data/1994702/000119312526219377/kytx-ex99_1.htm,"tion, the Company will include additional analysis of its completed natural history study presented at the 2026 American Academy of Neurology (AAN) annual meeting and planned one-year follow-up data from KYSA-8. The natural history data pro",0.75,True,2026-07-12T22:15:40Z,AAN,unspecified,observed,2.0
KZIA,1075880,KAZIA THERAPEUTICS LTD  (KZIA)  (CIK 0001075880),ConferencePresentation,2022-11-17,day,,,sec_edgar,https://www.sec.gov/Archives/edgar/data/1075880/000119312524040846/d775786dex991.htm,"ly sensitize the tumor cells to radiotherapy and achieve better disease control. Dr. Yang presented the Part I data at the 2022 Annual Conference on CNS Clinical Trials and Brain Metastases, jointly organized by the Society for Neuro-Oncolo",0.75,True,2026-07-12T22:14:47Z,SNO,unspecified,observed,2.0
KZIA,1075880,KAZIA THERAPEUTICS LTD  (KZIA)  (CIK 0001075880),ConferencePresentation,2024-04-09,day,,,sec_edgar,https://www.sec.gov/Archives/edgar/data/1075880/000119312525053468/d121422dex991.htm,nhibitor targeted therapeutic. Preliminary biomarker and clinical data from the study was presented in April 2024 at the Annual Meeting for the American Association of Cancer Research (AACR). This included the recommended dose of EVT801 for,0.75,True,2026-07-12T22:08:47Z,AACR,unspecified,observed,2.0
KZIA,1075880,KAZIA THERAPEUTICS LTD  (KZIA)  (CIK 0001075880),ConferencePresentation,2024-12-10,day,,,sec_edgar,https://www.sec.gov/Archives/edgar/data/1075880/000119312524274916/d904031dex991.htm,99.1 2 d904031dex991.htm EX-99.1 EX-99.1 Exhibit 99.1 11 December 2024 Kazia Therapeutics to Present Data Highlighting Synergistic Activity Between Paxalisib and Immunotherapy in Immunotherapy-Resistant Triple Negative Breast Cancer Model a,0.75,True,2026-07-12T22:13:33Z,SABCS,unspecified,observed,2.0
LCTX,876343,"Lineage Cell Therapeutics, Inc.  (LCTX)  (CIK 0000876343)",ConferencePresentation,2024-05-05,day,,,sec_edgar,https://www.sec.gov/Archives/edgar/data/876343/000095017024056948/lctx-ex99_1.htm,Reported at 2024 Retinal Cell Gene Therapy Innovation Summit OpRegen Preclinical Results Presented at 2024 Association for Research in Vision and Ophthalmology Annual Meeting OPC1 Clinical Study Start Up Preparation Underway Received CIRM,0.75,True,2026-07-12T22:24:34Z,ARVO,unspecified,observed,2.0
LEGN,1801198,Legend Biotech Corp  (LEGN)  (CIK 0001801198),ConferencePresentation,2023-06-05,day,,,sec_edgar,https://www.sec.gov/Archives/edgar/data/1801198/000180119824000016/legendbiotech_carvyktiodac.htm,to three prior lines of therapy. i Outcomes from the Phase 3 CARTITUDE-4 study were first presented at the 2023 American Society of Clinical Oncology (ASCO) Annual Meeting. These study results also supported the recent European Medicines Ag,0.75,True,2026-07-12T21:58:50Z,ASCO,unspecified,observed,2.0
LEGN,1801198,Legend Biotech Corp  (LEGN)  (CIK 0001801198),ConferencePresentation,2024-05-23,day,,,sec_edgar,https://www.sec.gov/Archives/edgar/data/1801198/000117184324003086/f6k_052324.htm,ARVYKTI (ciltacabtagene autoleucel; cilta-cel) for patients with multiple myeloma will be presented at t,0.75,True,2026-07-12T21:58:16Z,ASCO,unspecified,observed,2.0
LEGN,1801198,Legend Biotech Corp  (LEGN)  (CIK 0001801198),ConferencePresentation,2025-06-02,day,,,sec_edgar,https://www.sec.gov/Archives/edgar/data/1801198/000117184325003412/f6k_052225.htm,(ciltacabtagene autoleucel; cilta-cel) for patients living with multiple myeloma will be presented at the 2025 American Society of Clinical Oncology,0.75,True,2026-07-12T21:58:33Z,ASCO,unspecified,observed,2.0
LEGN,1801198,Legend Biotech Corp  (LEGN)  (CIK 0001801198),ConferencePresentation,2025-12-06,day,,,sec_edgar,https://www.sec.gov/Archives/edgar/data/1801198/000117184325007796/f6k_120825.htm,"Corporation ( Legend Biotech or the Company ) issued a press release announcing new data presented at the 67th American Society of Hematology (ASH) Annual Meeting in Orlando, FL. New results from the CARTITUDE 1 and CARTITUDE-4 studies sho",0.75,True,2026-07-12T22:03:13Z,ASH,unspecified,observed,2.0
LEGN,1801198,Legend Biotech Corp  (LEGN)  (CIK 0001801198),ConferencePresentation,2026-06-02,day,,,sec_edgar,https://www.sec.gov/Archives/edgar/data/1801198/000117184326003622/f6k_052126.htm,", Legend Biotech Corporation ( Legend Biotech ) issued a press release announcing that it will present new data at the 2026 American Society of Clinical Oncology ( ASCO ) Annual Meeting, including a rapid oral presentation highlighting prel",0.75,True,2026-07-12T21:58:28Z,ASCO,oral,observed,2.0
LGND,886163,"LIGAND PHARMACEUTICALS INC  (LGND, LGNDZ, LGNXZ, LGNYZ, LGNZZ)  (CIK 0000886163)",ConferencePresentation,2023-11-13,day,,,sec_edgar,https://www.sec.gov/Archives/edgar/data/886163/000088616324000005/q42023earningsrelease_ex991.htm,"rmed non-alcoholic steatohepatitis (NASH). The latest findings from the VOYAGE study were featured in a late breaking poster presentation at the Liver Meeting 2023, the annual meeting of the American Association for the Study of Liver Disea",0.75,True,2026-07-12T22:17:40Z,AASLD,late-breaking,observed,2.0
LGND,886163,"LIGAND PHARMACEUTICALS INC  (LGND, LGNDZ, LGNXZ, LGNYZ, LGNZZ)  (CIK 0000886163)",ConferencePresentation,2024-10-26,day,,,sec_edgar,https://www.sec.gov/Archives/edgar/data/886163/000088616324000074/q32024earningsrelease_ex991.htm,"ation by the European Medicines Agency in April 2024. On October 26, Travere Therapeutics presented new data further demonstrating the clinical benefit of FILSPARI in IgAN and reinforcing its potential in focal segmental glomerulosclerosis",0.75,True,2026-07-12T22:23:41Z,ASN,unspecified,observed,2.0
LGVN,1721484,Longeveron Inc.  (LGVN)  (CIK 0001721484),ConferencePresentation,2024-07-29,day,,,sec_edgar,https://www.sec.gov/Archives/edgar/data/1721484/000121390024069029/ea021136201ex99-1_longe.htm,the Phase 2a clinical trial (CLEAR MIND ) evaluating Lomecel-B TM in Alzheimer s disease presented in Featured Research Oral Presentation at Alzheimer s Association International Conference (AAIC) U.S. FDA granted Lomecel-B both Regenerati,0.75,True,2026-07-12T22:16:09Z,AAIC,oral,observed,2.0
LITS,1262104,"MEI Pharma, Inc.  (MEIP)  (CIK 0001262104)",ConferencePresentation,2024-01-19,day,,,sec_edgar,https://www.sec.gov/Archives/edgar/data/1262104/000095017024014643/meip-ex99_1.htm,"ecent Highlights In January 2024, MEI presented a Trials in Progress poster of the ongoing Phase 1b study of ME-344, our mitochondrial oxidative phosphorylation (OXPHOS) inhibitor, evaluat",0.75,True,2026-07-12T22:03:53Z,ASCO-GI,poster,observed,2.0
LONA,1620463,"Athira Pharma, Inc.  (ATHA)  (CIK 0001620463)",ConferencePresentation,2023-04-25,day,,,sec_edgar,https://www.sec.gov/Archives/edgar/data/1620463/000119312525323692/atha-20251218.htm,"e conduction velocity; WT, wild-type. The above study results, depicted in Figure 9, were presented at the American Academy of Neurology ( AAN ), in April 2023, and the ALS Drug Development Summit in May 2023. Treatment with ATH-1105 in a m",0.75,True,2026-07-12T22:15:58Z,AAN,unspecified,observed,2.0
LONA,1620463,"Athira Pharma, Inc.  (ATHA)  (CIK 0001620463)",ConferencePresentation,2024-04-16,day,,,sec_edgar,https://www.sec.gov/Archives/edgar/data/1620463/000095017024060452/atha-ex99_1.htm,"mation and neurodegeneration, and survival in various models of ALS. These data have been presented at a variety of key scientific and medical meetings including the American Association of Neurology (AAN), the Alzheimer s Association Inter",0.75,True,2026-07-12T22:15:44Z,AAN,unspecified,observed,2.0
LONA,1620463,"Athira Pharma, Inc.  (ATHA)  (CIK 0001620463)",ConferencePresentation,2024-10-29,day,,,sec_edgar,https://www.sec.gov/Archives/edgar/data/1620463/000095017024089281/atha-ex99_1.htm,-to-moderate Alzheimer s disease targeted for September 2024 Phase 2/3 LIFT-AD data to be presented in an oral presentation at CTAD in October 2024 Phase 1 clinical trial of ATH-1105 underway for the potential treatment of amyotrophic later,0.75,True,2026-07-12T22:25:15Z,CTAD,oral,observed,2.0
LONA,1620463,"LeonaBio, Inc.  (LONA)  (CIK 0001620463)",ConferencePresentation,2026-04-21,day,,,sec_edgar,https://www.sec.gov/Archives/edgar/data/1620463/000119312526211867/lona-ex99_1.htm,dent researchers at Virginia Commonwealth University s Massey Comprehensive Cancer Center presented nonclinical data on lasofoxifene and its potential bone protective role in metastatic breast cancer at the American Association for Cancer R,0.75,True,2026-07-12T22:10:45Z,AACR,unspecified,observed,2.0
LPCN,1535955,Lipocine Inc.  (LPCN)  (CIK 0001535955),ConferencePresentation,2023-06-24,day,,,sec_edgar,https://www.sec.gov/Archives/edgar/data/1535955/000149315224009128/ex99-1.htm,", with AE rates and severities similar to placebo Posters on LPCN 1148 and LPCN 1144 were presented at the European Association for the Study of the Liver (EASL) Congress 2023, in Vienna, Austria, June 21 24, 2023 Updated results from the P",0.75,True,2026-07-12T22:17:21Z,EASL,unspecified,observed,2.0
LPCN,1535955,Lipocine Inc.  (LPCN)  (CIK 0001535955),ConferencePresentation,2024-06-05,day,,,sec_edgar,https://www.sec.gov/Archives/edgar/data/1535955/000149315224023289/ex99-2.htm,"EX-99.2 3 ex99-2.htm Exhibit 99.2 Lipocine Presents 52 Week Results from LPCN 1148 Phase 2 Study in Late Breaking Session at EASL Congress 2024 SALT LAKE CITY, June 10, 2024 -- Lipocine Inc. (N",0.75,True,2026-07-12T22:25:34Z,EASL,late-breaking,observed,2.0
LPCN,1535955,Lipocine Inc.  (LPCN)  (CIK 0001535955),ConferencePresentation,2024-11,month,,,sec_edgar,https://www.sec.gov/Archives/edgar/data/1535955/000149315224035104/form8-k.htm,"ange Act. Item 8.01 Other Events The Company issued a press release announcing that it is to present at the Obesity Society s Annual ObesityWeek conference to be held November 3 6, 2024. The press release is filed as Exhibits 99.1. Item 9.0",0.55,True,2026-07-12T22:22:02Z,OBESITYWEEK,unspecified,projected,2.0
LXRX,1062822,"LEXICON PHARMACEUTICALS, INC.  (LXRX)  (CIK 0001062822)",ConferencePresentation,2025-06-23,day,,,sec_edgar,https://www.sec.gov/Archives/edgar/data/1062822/000106282225000042/pressreleaseearningsq208-0.htm,"fic Sessions of the American Diabetes Association (ADA). At the meeting, the company also presented topline data from its PROGRESS Phase 2b study evaluating pilavapadin (LX9211) in adults with DPNP. Second Quarter 2025 Financial Highlights",0.75,True,2026-07-12T22:21:18Z,ADA,oral,observed,2.0
LYEL,0001806952,"Lyell Immunopharma, Inc.  (LYEL)  (CIK 0001806952)",ConferencePresentation,2024-12-09,day,,,sec_edgar,https://www.sec.gov/Archives/edgar/data/1806952/000119312524273688/d873794d8k.htm,"a, Inc. (the Company ) issued a press release (the IMPT-314 Phase 1-2 Press Release ) and presented a poster at the 66th American Society of Hematology Annual Meeting regarding the initial clinical data from its Phase 1-2 clinical trial of",0.75,True,2026-07-24T12:08:22Z,ASH,poster,observed,
LYEL,0001806952,"Lyell Immunopharma, Inc.  (LYEL)  (CIK 0001806952)",ConferencePresentation,2025-12-06,day,,,sec_edgar,https://www.sec.gov/Archives/edgar/data/1806952/000119312525310469/d35459d8k.htm,"Act. Item 8.01 Other Events. On December 7, 2025, Lyell Immunopharma, Inc. (the Company ) presented at the 67 th American Society of Hematology (ASH) Annual Meeting and Exposition new clinical and translational data from its ongoing clinica",0.75,True,2026-07-24T12:08:35Z,ASH,unspecified,observed,
MAIA,1878313,"MAIA Biotechnology, Inc.  (MAIA)  (CIK 0001878313)",ConferencePresentation,2024-04-09,day,,,sec_edgar,https://www.sec.gov/Archives/edgar/data/1878313/000149315224009400/form8-k.htm,"ed a press release announcing that the Company and Nationwide Children s Hospital will be presenting at the American Association for Cancer Research Annual Meeting taking place April 5 10, 2024 in San Diego, California. A copy of the press",0.75,True,2026-07-12T22:09:27Z,AACR,unspecified,observed,2.0
MAIA,1878313,"MAIA Biotechnology, Inc.  (MAIA)  (CIK 0001878313)",ConferencePresentation,2024-05-23,day,,,sec_edgar,https://www.sec.gov/Archives/edgar/data/1878313/000119312524154236/d844775dex993.htm,"sease control rate (DCR) of 85% from THIO + CPI in third-line treatment. The new data was presented in a poster session at the American Society of Clinical Oncology (ASCO) 2024 Annual Meeting on June 3, 2024. The primary objectives of THIO-",0.75,True,2026-07-12T21:59:19Z,ASCO,poster,observed,2.0
MAIA,1878313,"MAIA Biotechnology, Inc.  (MAIA)  (CIK 0001878313)",ConferencePresentation,2024-11-08,day,,,sec_edgar,https://www.sec.gov/Archives/edgar/data/1878313/000149315224044218/form8-k.htm,"mg dose was 11.4 months. The Poster was selected as a late-breaking abstract and is being presented and displayed at the Society for Immunotherapy of Cancer (SITC) 39th Annual Meeting on November 8, 2024. The Poster will also be posted to t",0.75,True,2026-07-12T22:12:54Z,SITC,late-breaking,observed,2.0
MAIA,1878313,"MAIA Biotechnology, Inc.  (MAIA)  (CIK 0001878313)",ConferencePresentation,2025-06-02,day,,,sec_edgar,https://www.sec.gov/Archives/edgar/data/1878313/000164117225013176/form8-k.htm,"standard-of-care therapy regimens. The Poster was selected as an abstract and originally presented and displayed at the 2025 ASCO (American Society of Clinical Oncology) Annual Meeting on May 31, 2025. The Poster will also be posted to the",0.75,True,2026-07-12T21:58:47Z,ASCO,poster,observed,2.0
MAIA,1878313,"MAIA Biotechnology, Inc.  (MAIA)  (CIK 0001878313)",ConferencePresentation,2025-10-17,day,,,sec_edgar,https://www.sec.gov/Archives/edgar/data/1878313/000149315225019014/form8-k.htm,"r ICI and Chemotherapy: THIO-101 Trial ( THIO-101 Trial Poster ). The THIO-101 Poster was presented at the European Society for Medical Oncology (ESMO) Congress 2025 held in Berlin, Germany starting on October 19, 2025 and posted to the Com",0.75,True,2026-07-12T22:06:32Z,ESMO,poster,observed,2.0
MAIA,1878313,"MAIA Biotechnology, Inc.  (MAIA)  (CIK 0001878313)",ConferencePresentation,2025-10-24,day,,,sec_edgar,https://www.sec.gov/Archives/edgar/data/1878313/000149315225019748/ex99-1.htm,EX-99.1 2 ex99-1.htm EX-99.1 Exhibit 99.1 MAIA Biotechnology Presents Trial in Progress Poster at the 2025 AACR-NCI-EORTC International Conference on Molecular Targets and Cancer Therapeutics First five patients,0.75,True,2026-07-12T22:09:49Z,ENA,poster,observed,2.0
MAIA,1878313,"MAIA Biotechnology, Inc.  (MAIA)  (CIK 0001878313)",ConferencePresentation,2025-11-07,day,,,sec_edgar,https://www.sec.gov/Archives/edgar/data/1878313/000149315225021195/form8-k.htm,"in ICI-Resistant Advanced NSCLC: THIO-104 Trial in Progress. The THIO-104 Poster is being presented at the Society for Immunotherapy of Cancer conference (SITC 2025) on November 7, 2025 and will be posted to the Company s website on such da",0.75,True,2026-07-12T22:12:48Z,SITC,poster,observed,2.0
MBIO,1680048,"MUSTANG BIO, INC.  (MBIO)  (CIK 0001680048)",ConferencePresentation,2022-03-08,day,,,sec_edgar,https://www.sec.gov/Archives/edgar/data/1680048/000110465925066520/tm2520081d1_ex99-1.htm,"s in patients with challenging-to-treat cancers. As previously reported, preclinical data presented at the American Association for Cancer Research ( AACR ) Annual Meeting in 2022 supported a combination therapy to potentially optimize resu",0.75,True,2026-07-12T22:09:49Z,AACR,unspecified,observed,2.0
MBRX,1659617,"Moleculin Biotech, Inc.  (MBRX)  (CIK 0001659617)",ConferencePresentation,2024-04-09,day,,,sec_edgar,https://www.sec.gov/Archives/edgar/data/1659617/000143774924011575/mbrx20240409_8k.htm,"ive preclinical data regarding the Company s next-generation anthracycline Annamycin, was presented at the American Association for Cancer Research (AACR) Annual Meeting, taking place April 5-10, 2024 in San Diego, CA. A copy of the press r",0.75,True,2026-07-12T22:09:16Z,AACR,unspecified,observed,2.0
MBRX,1659617,"Moleculin Biotech, Inc.  (MBRX)  (CIK 0001659617)",ConferencePresentation,2024-06-14,day,,,sec_edgar,https://www.sec.gov/Archives/edgar/data/1659617/000143774924020269/ex_688103.htm,"ble for efficacy (n=20) was 45% Annamycin continues to demonstrate no cardiotoxicity Data presented at European Hematology Association (EHA) 2024 Hybrid Congress and Company KOL Meeting in Madrid HOUSTON, June 14, 2024 /PRNewswire/ -- Molec",0.75,True,2026-07-12T22:11:35Z,EHA,unspecified,observed,2.0
MBRX,1659617,"Moleculin Biotech, Inc.  (MBRX)  (CIK 0001659617)",ConferencePresentation,2024-09-09,day,,,sec_edgar,https://www.sec.gov/Archives/edgar/data/1659617/000143774924029805/ex_726182.htm,Annamycin in Orthotopic and Experimental Lung Metastatic Models of Sarcoma Data recently presented at the International Association for the Study of Lung Cancer (IASLC) 2024 World Conference on Lung Cancer Treatment with Annamycin results,0.75,True,2026-07-12T22:14:06Z,WCLC,unspecified,observed,2.0
MBRX,1659617,"Moleculin Biotech, Inc.  (MBRX)  (CIK 0001659617)",ConferencePresentation,2025-04-25,day,,,sec_edgar,https://www.sec.gov/Archives/edgar/data/1659617/000143774925012229/ex_802661.htm,"EXHIBIT 99.1 ex_802661.htm Exhibit 99.1 Moleculin Announces Acceptance of Abstract to be Presented at the American Association for Cancer Research (AACR) Annual Meeting 2025 HOUSTON, April 17, 2025 Moleculin Biotech, Inc. , (Nasdaq: MBRX)",0.75,True,2026-07-12T22:09:00Z,AACR,unspecified,observed,2.0
MBRX,1659617,"Moleculin Biotech, Inc.  (MBRX)  (CIK 0001659617)",ConferencePresentation,2026-04-21,day,,,sec_edgar,https://www.sec.gov/Archives/edgar/data/1659617/000143774926013083/ex_949464.htm,"tends Survival by More Than 60% in Metastatic Pancreatic Cancer Preclinical Models - Data Presented at AACR 2026 Non-cardiotoxic anthracycline demonstrates activity where traditional chemotherapies have historically failed, supporting poten",0.75,True,2026-07-12T22:09:04Z,AACR,unspecified,observed,2.0
MBRX,1659617,"Moleculin Biotech, Inc.  (MBRX)  (CIK 0001659617)",ConferencePresentation,2026-06-02,day,,,sec_edgar,https://www.sec.gov/Archives/edgar/data/1659617/000143774926018242/mbrx20260522_8k.htm,"its lead drug candidate Annamycin (also known as L-Annamycin or naxtarubicin ), has been accepted for poster presentation at the 2026 American Society of Clinical Oncology (ASCO) Annual Meeting, taking place May 29 June 2, 2026, in Chicago",0.75,True,2026-07-12T21:58:32Z,ASCO,poster,observed,2.0
MGNX,1125345,MACROGENICS INC  (MGNX)  (CIK 0001125345),ConferencePresentation,2024-04-09,day,,,sec_edgar,https://www.sec.gov/Archives/edgar/data/1125345/000112534524000061/exhibit99-1earningspressre.htm,"a on two topoisomerase I inhibitor-based ADC product candidates, MGC026 and MGC028, to be presented in posters at AACR Conference call scheduled for today at 4 30 p.m. ET ROCKVILLE, M D., Mar 7, 2024 (GLOBE NEWSWIRE) MacroGenics, Inc. (NASD",0.75,True,2026-07-12T22:01:14Z,AACR,unspecified,observed,2.0
MGNX,1125345,MACROGENICS INC  (MGNX)  (CIK 0001125345),ConferencePresentation,2024-09-16,day,,,sec_edgar,https://www.sec.gov/Archives/edgar/data/1125345/000112534524000151/mgnx-20240916.htm,"ompany also hosted an investor conference call on September 16, 2024 in which the Company presented a review of the TAMARACK Phase 2 data and",0.75,True,2026-07-12T22:06:28Z,ESMO,poster,observed,2.0
MGNX,0001125345,MACROGENICS INC  (MGNX)  (CIK 0001125345),ConferencePresentation,2026-10-23,day,,,sec_edgar,https://www.sec.gov/Archives/edgar/data/1125345/000112534526000050/exhibit991_clinicalupdatem.htm,nics Provides Clinical Update on Ongoing Phase 1 Study for MGC026 Interim Phase 1 results accepted for poster presentation at ESMO Congress 2026 Achieved pre-specified Stage 1 response threshold in squamous cell carcinoma of the head and ne,0.75,True,2026-07-24T12:10:34Z,ESMO,poster,observed,
MIRA,1904286,"MIRA PHARMACEUTICALS, INC.  (MIRA)  (CIK 0001904286)",ConferencePresentation,2026-04-21,day,,,sec_edgar,https://www.sec.gov/Archives/edgar/data/1904286/000149315226004739/form8-k.htm,"n partnering discussions at the BIO Partnering Investment Growth Summit in March 2026 and to present Phase 1 data on Ketamir-2 at the American Association for Cancer Research (AACR) Annual Meeting in April 2026. In addition, the Company pro",0.75,True,2026-07-12T22:09:21Z,AACR,unspecified,observed,2.0
MIRM,1759425,"Mirum Pharmaceuticals, Inc.  (MIRM)  (CIK 0001759425)",ConferencePresentation,2024-11-18,day,,,sec_edgar,https://www.sec.gov/Archives/edgar/data/1759425/000175942524000037/mirm-20241112xexx991.htm,"h therapy designation for treatment of cholestatic pruritus in PBC, interim results to be presented as a Late Breaker presentation at AASLD s The Liver Meeting 2024 PDUFA date for chenodiol in CTX is December 28, 2024 In-licensed global rig",0.75,True,2026-07-12T22:17:09Z,AASLD,late-breaking,observed,2.0
MIRM,1759425,"Mirum Pharmaceuticals, Inc.  (MIRM)  (CIK 0001759425)",ConferencePresentation,2026-05-30,day,,,sec_edgar,https://www.sec.gov/Archives/edgar/data/1759425/000119312526179048/d116875d8k.htm,ment with brelovitug was well tolerated across dose groups. The safety profile summary is presented below in Summary of Safety . The full results from the Phase 2b portion of the AZURE-1 study will be presented in a late-breaking poster pre,0.75,True,2026-07-12T22:17:57Z,EASL,late-breaking,observed,2.0
MIST,1408443,Milestone Pharmaceuticals Inc.  (MIST)  (CIK 0001408443),ConferencePresentation,2024-04-07,day,,,sec_edgar,https://www.sec.gov/Archives/edgar/data/1408443/000110465924044767/tm2411306d1_ex99-1.htm,"ls Announces Etripamil Data Demonstrating Patients Ability to Self-Manage Recurring PSVT, Presented at The American College of Cardiology Annual Meeting Data from this large safety-trial also published in The Journal of the American College",0.75,True,2026-07-12T22:22:58Z,ACC,unspecified,observed,2.0
MIST,1408443,Milestone Pharmaceuticals Inc.  (MIST)  (CIK 0001408443),ConferencePresentation,2025-03-31,day,,,sec_edgar,https://www.sec.gov/Archives/edgar/data/1408443/000110465925023218/tm259067d1_ex99-1.htm,l protection for the company s intellectual property portfolio. Poster on Etripamil to be presented at American College of Cardiology Annual Meeting (ACC.25) The poster Consistency and Predictiveness of Conversion Among Multiple Episodes of,0.75,True,2026-07-12T22:23:04Z,ACC,poster,observed,2.0
MIST,1408443,Milestone Pharmaceuticals Inc.  (MIST)  (CIK 0001408443),ConferencePresentation,2025-11-11,day,,,sec_edgar,https://www.sec.gov/Archives/edgar/data/1408443/000110465925109744/tm2530945d1_ex99-1.htm,launch CARDAMYST quickly following FDA approval. New analysis of etripamil clinical data presented at the American Heart Association (AHA) Scientific Sessions 2025 on November 10. Results from more than 600 unique enrolled patients showed,0.75,True,2026-07-12T22:22:32Z,AHA,unspecified,observed,2.0
MIST,1408443,Milestone Pharmaceuticals Inc.  (MIST)  (CIK 0001408443),ConferencePresentation,2027-04,month,,,sec_edgar,https://www.sec.gov/Archives/edgar/data/1408443/000110465926032427/tm269403d1_ex99-1.htm,"Session A poster Minimal Blood Pressure Effects of Intranasal Etripamil for PSVT will be presented at the ACC Annual Scientific Session, March 30, in New Orleans. The poster summarizes analysis of mean heart rate and blood pressure changes",0.55,True,2026-07-12T22:23:12Z,ACC,poster,projected,2.0
MLYS,1933414,"Mineralys Therapeutics, Inc.  (MLYS)  (CIK 0001933414)",ConferencePresentation,2023-11-12,day,,,sec_edgar,https://www.sec.gov/Archives/edgar/data/1933414/000162828024012373/mlys-fy238kex991.htm,"besity to a parallel increase in uncontrolled and resistant hypertension. These data were presented at the American Heart Association (AHA) Scientific Sessions in Q4 2023. Expanded Management Team Appointed Minji Kim, Ph.D. as Chief Busines",0.75,True,2026-07-12T22:22:32Z,AHA,unspecified,observed,2.0
MLYS,1933414,"Mineralys Therapeutics, Inc.  (MLYS)  (CIK 0001933414)",ConferencePresentation,2025-03-31,day,,,sec_edgar,https://www.sec.gov/Archives/edgar/data/1933414/000162828025011459/exhibit991-8xk.htm,"afety and tolerability profile in both pivotal trials Full results from Advance-HTN to be presented on March 29, 2025, at the American College of Cardiology Scientific Sessions Conference call today at 8 00 a.m. ET RADNOR, PA March 10, 2025",0.75,True,2026-07-12T22:23:00Z,ACC,unspecified,observed,2.0
MNKD,899460,MANNKIND CORP  (MNKD)  (CIK 0000899460),ConferencePresentation,2024-03-06,day,,,sec_edgar,https://www.sec.gov/Archives/edgar/data/899460/000095017024123273/mnkd-ex99_1.htm,any people to get to the A1C ( 7%) goal during the extension period Additional data to be presented at Advanced Technologies and Treatments for Diabetes (ATTD) and other conferences in 1H 2025 Afrezza INHALE-1 Pediatric Phase 3 clinical tri,0.75,True,2026-07-12T22:22:00Z,ATTD,unspecified,observed,2.0
MNKD,899460,MANNKIND CORP  (MNKD)  (CIK 0000899460),ConferencePresentation,2025-06-23,day,,,sec_edgar,https://www.sec.gov/Archives/edgar/data/899460/000095017025103532/mnkd-ex99_1.htm,201) Expect to initiate Phase 2 clinical trial for IPF by YE 2025 Endocrine Business Unit Presented data from recent pediatric and adult studies of Afrezza affirming positive outcomes utilizing inhaled insulin at the American Diabetes Assoc,0.75,True,2026-07-12T22:21:28Z,ADA,unspecified,observed,2.0
MNPR,1645469,Monopar Therapeutics  (MNPR)  (CIK 0001645469),ConferencePresentation,2025-05-08,day,,,sec_edgar,https://www.sec.gov/Archives/edgar/data/1645469/000143774925029005/ex_861328.htm,"N1840 was approximately 2.6 years for both the efficacy and safety analyses. The new data presented at ANA highlight the long-term neurological benefit of ALXN1840, and follow the recent presentation of long-term hepatic and systemic effica",0.75,True,2026-07-12T22:17:54Z,EASL,unspecified,observed,2.0
MNPR,1645469,Monopar Therapeutics  (MNPR)  (CIK 0001645469),ConferencePresentation,2025-11-10,day,,,sec_edgar,https://www.sec.gov/Archives/edgar/data/1645469/000143774925033948/ex_885508.htm,EX-99.1 2 ex_885508.htm EXHIBIT 99.1 ex_885508.htm Exhibit 99.1 Monopar Presents New Data and Analyses on Rapidly Improved Copper Balance in Wilson Disease Patients on Tiomolybdate Choline at AASLD - The Liver Meeting 2025,0.75,True,2026-07-12T22:17:00Z,AASLD,unspecified,observed,2.0
MNPR,1645469,Monopar Therapeutics  (MNPR)  (CIK 0001645469),ConferencePresentation,2026-04-21,day,,,sec_edgar,https://www.sec.gov/Archives/edgar/data/1645469/000143774926010030/ex_937864.htm,"highlighted the urgent need for additional treatment options Upcoming 2026 presentations: Abstracts accepted for presentation at EASL 2026 and the American Academy of Neurology ( AAN ) 2026 Annual Meeting, including: o Tiomolybdate choline",0.75,True,2026-07-12T22:15:25Z,AAN,oral,observed,2.0
MNPR,1645469,Monopar Therapeutics  (MNPR)  (CIK 0001645469),ConferencePresentation,2026-05-30,day,,,sec_edgar,https://www.sec.gov/Archives/edgar/data/1645469/000143774926016981/ex_962976.htm,"of the Adolphe de Rothschild Foundation Hospital, a leading authority in Wilson disease, will present on June 28 at 12:50 CEST. Monopar will also present at the European Association for the Study of the Liver (EASL) Congress 2026, a leadin",0.75,True,2026-07-12T22:15:22Z,EASL,unspecified,observed,2.0
MOLN,1745114,MOLECULAR PARTNERS AG  (MOLN)  (CIK 0001745114),ConferencePresentation,2023-12-09,day,,,sec_edgar,https://www.sec.gov/Archives/edgar/data/1745114/000117184324000124/exh_991.htm,"antitumor activity with two responders reported across dosing cohorts 3 and 4. Data were presented at the 65 th American Society of Hematology (ASH) Annual Meeting and Exposition in December 2023. Radio-DARPin Therapy (platform, DLL3) The",0.75,True,2026-07-12T22:03:45Z,ASH,unspecified,observed,2.0
MOLN,1745114,MOLECULAR PARTNERS AG  (MOLN)  (CIK 0001745114),ConferencePresentation,2024-05-23,day,,,sec_edgar,https://www.sec.gov/Archives/edgar/data/1745114/000117184326002920/exh_991.htm,"atients stable disease in this heterogeneous population with advanced diseases. Data were presented at the 2024 Annual Meetings of the American Society of Clinical Oncology (ASCO) and of the Society for Immunotherapy of Cancer (SITC). ""The",0.75,True,2026-07-12T21:59:01Z,ASCO,unspecified,observed,2.0
MOLN,1745114,MOLECULAR PARTNERS AG  (MOLN)  (CIK 0001745114),ConferencePresentation,2024-11-08,day,,,sec_edgar,https://www.sec.gov/Archives/edgar/data/1745114/000117184325001309/exh_991.htm,Preclinical proof-of-concept in a solid tumor model for a novel CD3 Switch-DARPin TCE was presented at the Annual Meeting of the Society for Immunotherapy of Cancer (SITC) in November 2024. The presented data provide further validation of S,0.75,True,2026-07-12T22:05:00Z,SITC,unspecified,observed,2.0
MOLN,1745114,MOLECULAR PARTNERS AG  (MOLN)  (CIK 0001745114),ConferencePresentation,2025-04-25,day,,,sec_edgar,https://www.sec.gov/Archives/edgar/data/1745114/000174511425000037/prq32025forsecfiling.htm,"nce, the Phase 1 trial is expected to initiate before the end of 2025. Molecular Partners presented preclinical data in April at the American Association for Cancer Research (AACR) Annual Meeting 2025, showing high tumor uptake, promising e",0.75,True,2026-07-12T22:04:36Z,AACR,unspecified,observed,2.0
MOLN,1745114,MOLECULAR PARTNERS AG  (MOLN)  (CIK 0001745114),ConferencePresentation,2025-12-06,day,,,sec_edgar,https://www.sec.gov/Archives/edgar/data/1745114/000174511424000019/prfor6-ksecfiling.htm,"candidates, including MP0712 MP0533 phase 1 dose escalation study continues update to be presented at the American Society for Hematology Annual Meeting (ASH) protocol being amended to improve treatment exposure CD3 Switch-DARPin proof-of-",0.75,True,2026-07-12T22:04:47Z,ASH,unspecified,observed,2.0
MOLN,1745114,MOLECULAR PARTNERS AG  (MOLN)  (CIK 0001745114),ConferencePresentation,2026-04-21,day,,,sec_edgar,https://www.sec.gov/Archives/edgar/data/1745114/000174511426000019/prforq12026sec.htm,". MP0632 and Switch-DARPin Platform (logic-gated immune cell engagers) Molecular Partners presented new pre-clinical data on its Switch-DARPin T cell engager, with MP0632 announced as lead, at the American Association for Cancer Research (A",0.75,True,2026-07-12T22:01:19Z,AACR,unspecified,observed,2.0
MOLN,0001745114,MOLECULAR PARTNERS AG  (MOLN)  (CIK 0001745114),ConferencePresentation,2026-10-23,day,,,sec_edgar,https://www.sec.gov/Archives/edgar/data/1745114/000117184326004758/exh_991.htm,"ata update expected in 2027, with trial completion in 2028 Trial-in-progress poster to be presented at ESMO 2026 in October ZURICH-SCHLIEREN, Switzerland and CONCORD, Mass., July 16, 2026 (GLOBE NEWSWIRE) -- Ad hoc announcement pursuant to",0.75,True,2026-07-24T12:10:23Z,ESMO,poster,observed,
MRK,310158,"Merck & Co., Inc.  (MRK)  (CIK 0000310158)",ConferencePresentation,2024-09-16,day,,,sec_edgar,https://www.sec.gov/Archives/edgar/data/310158/000110465924112841/tm2426878d1_ex99-1.htm,"Older o Presented Positive Results From Clinical Studies Evaluating Clesrovimab (MK-1654), an Investigational RSV Preventative Monoclonal Antibody for Infants",0.75,True,2026-07-12T22:08:28Z,ESMO,unspecified,observed,2.0
MRK,310158,"Merck & Co., Inc.  (MRK)  (CIK 0000310158)",ConferencePresentation,2024-12-09,day,,,sec_edgar,https://www.sec.gov/Archives/edgar/data/310158/000110465925008863/tm255059d1_ex99-1.htm,"ull year of 2024 relates to both the 2020 and 2019 federal tax return years. - 10 - Merck presented new data across multiple hematologic malignancies at the American Society of Hematology Annual Meeting and Exposition in December 2024, incl",0.75,True,2026-07-12T22:05:44Z,ASH,unspecified,observed,2.0
MRK,0000310158,"Merck & Co., Inc.  (MRK)  (CIK 0000310158)",ConferencePresentation,2025-06-02,day,,,sec_edgar,https://www.sec.gov/Archives/edgar/data/310158/000110465925071380/tm2521736d1_ex99-1.htm,"ew research across more than 25 types of cancer in multiple treatment settings. Data were presented for several candidates, including MK-1084, an investigational oral selective KRAS G12C inhibitor, and from the Company s pi",0.75,True,2026-07-24T12:07:18Z,ASCO,unspecified,observed,
MRK,310158,"Merck & Co., Inc.  (MRK)  (CIK 0000310158)",ConferencePresentation,2025-10-17,day,,,sec_edgar,https://www.sec.gov/Archives/edgar/data/310158/000110465925103974/tm2529620d1_ex99-1.htm,"UDA QLEX Injection for Subcutaneous Use Across All Solid Tumor Indications for KEYTRUDA - Presented New Research Across More Than 20 Types of Cancer and Multiple Treatment Settings at ESMO Congress 2025, Including Positive Survival Data Fro",0.75,True,2026-07-12T22:08:30Z,ESMO,unspecified,observed,2.0
MRK,310158,"Merck & Co., Inc.  (MRK)  (CIK 0000310158)",ConferencePresentation,2025-12-06,day,,,sec_edgar,https://www.sec.gov/Archives/edgar/data/310158/000110465926009495/tm264564d1_ex99-1.htm,"or, in Combination With KEYTRUDA QLEX in Certain Patients With Advanced NSCLC The Company Presented Data at the American Society of Hematology Annual Meeting 2025 That Showcased Continued Advancements in Hematology Pipeline and Novel Therap",0.75,True,2026-07-12T22:05:44Z,ASH,unspecified,observed,2.0
MRKR,1094038,"Marker Therapeutics, Inc.  (MRKR)  (CIK 0001094038)",ConferencePresentation,2025-12-06,day,,,sec_edgar,https://www.sec.gov/Archives/edgar/data/1094038/000110465926031309/tm268941d1_ex99-1.htm,"ase, Aug 26, 2025 ) highlighting encouraging overall response rates. These data were also presented at the 67th American Society of Hematology (ASH) Annual Meeting in December 2025. Key findings from the update included: o 66% objective res",0.75,True,2026-07-12T22:04:13Z,ASH,unspecified,observed,2.0
MRNA,1682852,"Moderna, Inc.  (MRNA)  (CIK 0001682852)",ConferencePresentation,2025-10-17,day,,,sec_edgar,https://www.sec.gov/Archives/edgar/data/1682852/000168285225000041/exhibit9912025q2pressrelea.htm,ecently announced that three abstracts on its investigational mRNA therapeutics have been accepted for presentation at the 2025 European Society for Medical Oncology (ESMO) Congress. Rare disease therapeutics Propionic acidemia (PA) therape,0.75,True,2026-07-12T22:07:55Z,ESMO,unspecified,observed,2.0
MRNA,1682852,"Moderna, Inc.  (MRNA)  (CIK 0001682852)",ConferencePresentation,2026-04-21,day,,,sec_edgar,https://www.sec.gov/Archives/edgar/data/1682852/000168285226000057/exhibit9912026q1pressrelea.htm,"an investigational wholly-owned cancer antigen therapy, is ongoing. The Company recently presented mRNA-4359 data at the American Association for Cancer Research (AACR) 2026 Annual Meeting. The Phase 2 portion of the study includes cohorts",0.75,True,2026-07-12T22:01:46Z,AACR,unspecified,observed,2.0
MTVA,1638287,MetaVia Inc.  (MTVA)  (CIK 0001638287),ConferencePresentation,2025-05-08,day,,,sec_edgar,https://www.sec.gov/Archives/edgar/data/1638287/000155837025007740/mtva-20250514xex99d1.htm,"on (FDA). Mr. Kim continued, This month, we presented compelling 16-week results, in a late-breaking poster, from our Phase 2a clinical trial of DA-1241, a novel G-Protein-Coupled Receptor 119 (",0.75,True,2026-07-12T22:18:16Z,EASL,late-breaking,observed,2.0
MTVA,1638287,MetaVia Inc.  (MTVA)  (CIK 0001638287),ConferencePresentation,2026-05-30,day,,,sec_edgar,https://www.sec.gov/Archives/edgar/data/1638287/000110465926061148/mtva-20260514xex99d1.htm,"ease, driven by its differentiated dual GLP-1/glucagon mechanism. We also look forward to presenting additional data from the Phase 1 48 mg dose cohort on the direct liver benefit of DA-1726 at the European Association for the Study of the",0.75,True,2026-07-12T22:18:14Z,EASL,poster,observed,2.0
MTVA,1638287,MetaVia Inc.  (MTVA)  (CIK 0001638287),ConferencePresentation,2026-06,month,,,sec_edgar,https://www.sec.gov/Archives/edgar/data/1638287/000110465926063059/mtva-20260518xex99d1.htm,"EX-99.1 2 mtva-20260518xex99d1.htm EX-99.1 Exhibit 99.1 MetaVia to Present Obesity Data at the American Diabetes Association s (ADA) 2026 Scientific Sessions Three Late-Breaking Posters Highlight DA-1726, a GLP-1/G",0.55,True,2026-07-12T22:21:01Z,ADA,late-breaking,projected,2.0
NAMSW,1936258,"NewAmsterdam Pharma Co N.V.  (NAMS, NAMSW)  (CIK 0001936258)",ConferencePresentation,2024-04-07,day,,,sec_edgar,https://www.sec.gov/Archives/edgar/data/1936258/000095017024056292/nams-ex99_1.htm,"ts. Also in April 2024, at the 2024 American College of Cardiology Congress, NewAmsterdam presented additional data from the Phase 2 ROSE2 clinical trial, which evaluated the impact of obicetrapib in combination with ezetimibe as an adjunct",0.75,True,2026-07-12T22:23:12Z,ACC,unspecified,observed,2.0
NAMSW,1936258,"NewAmsterdam Pharma Co N.V.  (NAMS, NAMSW)  (CIK 0001936258)",ConferencePresentation,2024-11-16,day,,,sec_edgar,https://www.sec.gov/Archives/edgar/data/1936258/000119312524260923/d840591dex991.htm,EX-99.1 2 d840591dex991.htm EX-99.1 EX-99.1 Exhibit 99.1 NewAmsterdam Pharma Presents Additional Data from Pivotal Phase 3 BROOKLYN Clinical Trial Evaluating Obicetrapib in Patients with Heterozygous Familial Hypercholesterolem,0.75,True,2026-07-12T22:22:33Z,AHA,unspecified,observed,2.0
NAMSW,1936258,"NewAmsterdam Pharma Co N.V.  (NAMS, NAMSW)  (CIK 0001936258)",ConferencePresentation,2025-03-31,day,,,sec_edgar,https://www.sec.gov/Archives/edgar/data/1936258/000119312526008300/nams-ex99_1.htm,"n the Journal of Prevention of Alzheimer's Disease. In August 2025, NewAmsterdam presented pooled efficacy and safety data from its pivotal Phase 3 BROADWAY and BROOKLYN trials at the European Society of Cardiology Congress ( ESC )",0.75,True,2026-07-12T22:23:09Z,ACC,unspecified,observed,2.0
NAMSW,1936258,"NewAmsterdam Pharma Co N.V.  (NAMS, NAMSW)  (CIK 0001936258)",ConferencePresentation,2025-07-31,day,,,sec_edgar,https://www.sec.gov/Archives/edgar/data/1936258/000119312525137432/d74901dex991.htm,"ing the emerging link between CETP-inhibition and prevention of AD pathology NewAmsterdam to present results during the AAIC conference in July Naarden, the Netherlands and Miami, USA; June 9, 2025 NewAmsterdam Pharma Company N.V. (Nasdaq:",0.75,True,2026-07-12T22:26:09Z,AAIC,unspecified,observed,2.0
NBP,0001778016,I-Mab  (IMAB)  (CIK 0001778016),ConferencePresentation,2023-06-05,day,,,sec_edgar,https://www.sec.gov/Archives/edgar/data/1778016/000095017024132726/imab-ex99_1.htm,"data presented at ESMO 2024 2H 2025: Phase 1b data in combination with nivolumab + chemo in 1L GC, GEJ, EAC Ragistomig/ABL5031 PD-L1 X 4-1BB Bispecific Ab",0.75,True,2026-07-24T12:07:05Z,ASCO,poster,observed,
NBP,1778016,I-Mab  (IMAB)  (CIK 0001778016),ConferencePresentation,2024-05-23,day,,,sec_edgar,https://www.sec.gov/Archives/edgar/data/1778016/000095017024101226/imab-ex99_2.htm,"gression impacts most patients with metastatic disease2 1H 2024: Phase 1 monotherapy data presented at ASCO 2024 Co-developed with ABL Bio (givastomig also known as ABL111, ragistomig also known as ABL503) Global Data Epidemiology Data, Gui",0.75,True,2026-07-12T22:06:18Z,ASCO,unspecified,observed,2.0
NBP,1778016,I-Mab  (IMAB)  (CIK 0001778016),ConferencePresentation,2024-09-16,day,,,sec_edgar,https://www.sec.gov/Archives/edgar/data/1778016/000095017024106805/imab-ex99_1.htm,"EX-99.1 2 imab-ex99_1.htm EX-99.1 EX-99.1 I-Mab Presents Updated Phase 1 Givastomig Data at ESMO 2024 - Expanded Phase 1 monotherapy study of givastomig, a Claudin 18.2 X 4-1BB bispecific antibody i",0.75,True,2026-07-12T22:06:51Z,ESMO,unspecified,observed,2.0
NBP,1778016,I-Mab  (IMAB)  (CIK 0001778016),ConferencePresentation,2025-10-17,day,,,sec_edgar,https://www.sec.gov/Archives/edgar/data/1778016/000095017025060572/imab-ex99_1.htm,"EX-99.1 2 imab-ex99_1.htm EX-99.1 EX-99.1 Exhibit 99.1 I-Mab Announces Givastomig Abstract Accepted for Oral Presentation at ESMO GI 2025 The ESMO Gastrointestinal Cancers Congress to be held July 2-5 in Barcelona ROCKVILLE, MD, Apr",0.75,True,2026-07-12T22:25:03Z,ESMO,oral,observed,2.0
NBP,1778016,I-Mab  (IMAB)  (CIK 0001778016),ConferencePresentation,2025-10-24,day,,,sec_edgar,https://www.sec.gov/Archives/edgar/data/1778016/000119312525246269/imab-ex99_1.htm,"EX-99.1 2 imab-ex99_1.htm EX-99.1 EX-99.1 Exhibit 99.1 I-Mab To Present Positive Updated Givastomig Monotherapy Data at 2025 AACR-NCI-EORTC Molecular Targets and Cancer Therapeutics Conference on October 23, 202",0.75,True,2026-07-12T22:27:13Z,ENA,unspecified,observed,2.0
NBTX,1760854,Nanobiotix S.A.  (NBTX)  (CIK 0001760854),ConferencePresentation,2023-04-17,day,,,sec_edgar,https://www.sec.gov/Archives/edgar/data/1760854/000117184324002185/exh_991.htm,"TXR3 supported by preliminary Phase 1b dose escalation safety data (July 30, 2023 cutoff) presented at American Association for Cancer Research (AACR) 2023 Special Conference on Pancreatic Cancer Tolerable safety with local endoscopic injec",0.75,True,2026-07-12T22:07:53Z,AACR,unspecified,observed,2.0
NBTX,1760854,"Nanobiotix S.A.  (NBTX, NNBXF)  (CIK 0001760854)",ConferencePresentation,2026-04-21,day,,,sec_edgar,https://www.sec.gov/Archives/edgar/data/1760854/000117184326003884/exh_991.htm,lysis and modifying the final analysis to include fewer events and to be conducted sooner Presented new preclinical data evaluating its Nanoprimer platform in sequence with lipid nanoparticle-delivered recombinant DNA at the 2026 Annual Mee,0.75,True,2026-07-12T22:09:51Z,AACR,unspecified,observed,2.0
NCNA,1709626,NuCana plc  (NCNA)  (CIK 0001709626),ConferencePresentation,2021-10-07,day,,,sec_edgar,https://www.sec.gov/Archives/edgar/data/1709626/000119312524137233/d821625dex992.htm,"5-FU, including leucovorin, irinotecan, oxaliplatin and bevacizumab. In October 2019, we presented interim data from this study at the AACR NCI-EORTC International Conference on Molecular Targets and Cancer Therapeutics. These interim data",0.75,True,2026-07-12T22:27:39Z,ENA,unspecified,observed,2.0
NCNA,1709626,NuCana plc  (NCNA)  (CIK 0001709626),ConferencePresentation,2023-10-12,day,,,sec_edgar,https://www.sec.gov/Archives/edgar/data/1709626/000119312525135874/d891437dex992.htm,"and as an effective combination partner for PD-L1 pathway inhibitors. In October 2023, we presented interim data from the Phase 2 part of the NuTide:701 study at the AACR-NCI-EORTC International Conference on Molecular Targets and Cancer Th",0.75,True,2026-07-12T22:27:44Z,ENA,unspecified,observed,2.0
NCNA,1709626,NuCana plc  (NCNA)  (CIK 0001709626),ConferencePresentation,2024-09-16,day,,,sec_edgar,https://www.sec.gov/Archives/edgar/data/1709626/000119312524264726/d890871dex993.htm,bit 99.3 NuCana Reports Third Quarter 2024 Financial Results and Provides Business Update Presented Encouraging Phase 2 Data on NUC-7738 in Combination with Pembrolizumab at the European Society for Medical Oncology (ESMO) Congress 2024 Ann,0.75,True,2026-07-12T22:06:18Z,ESMO,unspecified,observed,2.0
NCNA,1709626,NuCana plc  (NCNA)  (CIK 0001709626),ConferencePresentation,2025-10-17,day,,,sec_edgar,https://www.sec.gov/Archives/edgar/data/1709626/000119312525280224/d936510dex993.htm,"ts with cancer, said Hugh S. Griffith, NuCana s Chief Executive Officer. For NUC-7738, we presented new data at the European Society for Medical Oncology (ESMO) Congress 2025 on NUC-7738 in combination with PD-1 inhibitors in a real-time or",0.75,True,2026-07-12T22:07:29Z,ESMO,unspecified,observed,2.0
NKTR,906709,NEKTAR THERAPEUTICS  (NKTR)  (CIK 0000906709),ConferencePresentation,2024-06-14,day,,,sec_edgar,https://www.sec.gov/Archives/edgar/data/906709/000121390025023220/ea023406001ex99-1_nektar.htm,"e. At the European Alliance of Associations for Rheumatology (EULAR) in June 2024, Nektar presented preclinical data on NKTR-0165, a TNFR2 agonist antibody, demonstrating selective enhancement of Treg cell function through novel agonistic m",0.75,True,2026-07-12T22:13:13Z,EULAR,unspecified,observed,2.0
NKTR,906709,NEKTAR THERAPEUTICS  (NKTR)  (CIK 0000906709),ConferencePresentation,2025-11-06,day,,,sec_edgar,https://www.sec.gov/Archives/edgar/data/906709/000121390026027026/ea028133401ex99-1.htm,"esleukin in patients with severe-to-very-severe alopecia areata. In November 2025, Nektar presented a late-breaking oral abstract titled Rezpegaldesleukin, Novel Treg-Inducing Therapy, Demonstrates Efficacy in Atopic Dermatitis and Asthma i",0.75,True,2026-07-12T22:19:59Z,ACAAI,late-breaking,observed,2.0
NONOF,353278,"NOVO NORDISK A S  (NVO, NONOF)  (CIK 0000353278)",ConferencePresentation,2023-11-12,day,,,sec_edgar,https://www.sec.gov/Archives/edgar/data/353278/000117184324001257/f6k_030824.htm,s at more than 800 investigator sites. SELECT was initiated in 2018. The SELECT data were presented at the American Heart Association (AHA) annual meeting in November 2023 and published in the New England Journal of Medicine (NEJM). About W,0.75,True,2026-07-12T22:22:24Z,AHA,unspecified,observed,2.0
NRIX,1549595,"Nurix Therapeutics, Inc.  (NRIX)  (CIK 0001549595)",ConferencePresentation,2024-04-09,day,,,sec_edgar,https://www.sec.gov/Archives/edgar/data/1549595/000154959524000041/nrix-20240409.htm,"mphoma (PCNSL), each demonstrating clinically meaningful responses. The case studies were presented by Gwenn M. Hansen, Ph.D., chief scientific officer of Nurix, as part of the Major Symposium session Molecular Glues, PROTACs, and Next-Gen",0.75,True,2026-07-12T22:09:24Z,AACR,unspecified,observed,2.0
NRIX,1549595,"Nurix Therapeutics, Inc.  (NRIX)  (CIK 0001549595)",ConferencePresentation,2024-06-14,day,,,sec_edgar,https://www.sec.gov/Archives/edgar/data/1549595/000154959524000097/nrix-20240711xexx991.htm,tics Reports Second Quarter Fiscal 2024 Financial Results and Provides a Corporate Update Presented positive clinical data at the European Hematology Association Congress supporting a potential best-in-class profile for NX-5948 for the trea,0.75,True,2026-07-12T22:11:49Z,EHA,unspecified,observed,2.0
NRIX,1549595,"Nurix Therapeutics, Inc.  (NRIX)  (CIK 0001549595)",ConferencePresentation,2024-11-18,day,,,sec_edgar,https://www.sec.gov/Archives/edgar/data/1549595/000154959525000014/nrix-20250128xexx991.htm,"the annual meeting of the American College of Rheumatology (ACR Convergence 2024), Nurix presented a poster entitled NX-5948, a Clinical-Stage BTK Degrader, Achieves Deep Suppression of BCR, TLR, and FcR Signaling in Immune Cells and Demon",0.75,True,2026-07-12T22:03:08Z,ACR,poster,observed,2.0
NRIX,1549595,"Nurix Therapeutics, Inc.  (NRIX)  (CIK 0001549595)",ConferencePresentation,2025-06-12,day,,,sec_edgar,https://www.sec.gov/Archives/edgar/data/1549595/000154959525000086/a250612_ehaxdataprxvfinal-.htm,"Nurix remains on track to initiate pivotal trials of bexobrutideg in 2025 Data are being presented at the 30th European Hematology Association Congress (EHA2025) Company will host a webcast conference call today, June 12, 2025, at 8 00 a.m",0.75,True,2026-07-12T22:11:47Z,EHA,unspecified,observed,2.0
NRIX,1549595,"Nurix Therapeutics, Inc.  (NRIX)  (CIK 0001549595)",ConferencePresentation,2025-10-17,day,,,sec_edgar,https://www.sec.gov/Archives/edgar/data/1549595/000154959526000013/nrix-20260128xexx991.htm,"stemic immune activation to tumor microenvironment remodeling. In addition, clinical data presented at the 2025 European Society for Medical Oncology Congress showed evidence of single-agent anti-tumor activity across multiple solid tumor t",0.75,True,2026-07-12T22:02:43Z,ESMO,unspecified,observed,2.0
NRSNW,1875091,"NeuroSense Therapeutics Ltd.  (NRSN, NRSNW)  (CIK 0001875091)",ConferencePresentation,2025-04-09,day,,,sec_edgar,https://www.sec.gov/Archives/edgar/data/1875091/000121390025070315/ea025084301ex99-1_neurosense.htm,"ademy of Neurology (AAN) in April 2025, members of NeuroSense s scientific advisory board presented further analyses from the PARADIGM study. Dr. Jeremy Shefner highlighted safety, efficacy and biomarker data showing that PrimeC has disease",0.75,True,2026-07-12T22:15:31Z,AAN,unspecified,observed,2.0
NTLA,1652130,"Intellia Therapeutics, Inc.  (NTLA)  (CIK 0001652130)",ConferencePresentation,2024-10-24,day,,,sec_edgar,https://www.sec.gov/Archives/edgar/data/1652130/000119312524244201/d842130dex991.htm,nd tolerability profile Data published in The New England Journal of Medicine and will be presented at the 2024 ACAAI Scientific Meeting Actively screening patients in the global pivotal Phase 3 HAELO study evaluating the 50 mg dose of NTLA,0.75,True,2026-07-12T22:20:42Z,ACAAI,unspecified,observed,2.0
NTLA,1652130,"Intellia Therapeutics, Inc.  (NTLA)  (CIK 0001652130)",ConferencePresentation,2024-11-16,day,,,sec_edgar,https://www.sec.gov/Archives/edgar/data/1652130/000119312524260417/d828128dex991.htm,"p in over 25 patients - Favorable safety and tolerability profile observed - ATTR-CM data presented at the 2024 AHA Scientific Sessions and published in the New England Journal of Medicine - Intellia to host investor webcast today, November",0.75,True,2026-07-12T22:22:37Z,AHA,unspecified,observed,2.0
NTLA,1652130,"Intellia Therapeutics, Inc.  (NTLA)  (CIK 0001652130)",ConferencePresentation,2025-11-06,day,,,sec_edgar,https://www.sec.gov/Archives/edgar/data/1652130/000119312525274596/d12611dex991.htm,"ed therapies, today presented positive clinical data from a pooled analysis of all patients who received a 50 milligram (mg) dose of lonvo-z in the company s ongoing Phas",0.75,True,2026-07-12T22:20:43Z,ACAAI,oral,observed,2.0
NTLA,1652130,"Intellia Therapeutics, Inc.  (NTLA)  (CIK 0001652130)",ConferencePresentation,2026-02,month,,,sec_edgar,https://www.sec.gov/Archives/edgar/data/1652130/000119312526073456/ntla-ex99_1.htm,"of the approximately 4,000 patients with HAE under their care. This weekend, the company will present four posters at the 2026 American Academy of Allergy, Asthma Immunology (AAAAI) Annual Meeting taking place February 27 March 2 in Philad",0.55,True,2026-07-12T22:20:30Z,AAAAI,poster,projected,2.0
NTRA,1604821,"Natera, Inc.  (NTRA)  (CIK 0001604821)",ConferencePresentation,2024-05-23,day,,,sec_edgar,https://www.sec.gov/Archives/edgar/data/1604821/000110465924087273/tm2420614d1_ex99-1.htm,"nsplant patients. Published several peer-reviewed papers on Signatera TM in top journals. Presented new data at the American Society of Clinical Oncology (ASCO) 2024 Annual Meeting across a variety of indications, including breast cancer, c",0.75,True,2026-07-12T22:01:11Z,ASCO,unspecified,observed,2.0
NTRA,1604821,"Natera, Inc.  (NTRA)  (CIK 0001604821)",ConferencePresentation,2024-09-16,day,,,sec_edgar,https://www.sec.gov/Archives/edgar/data/1604821/000110465924116777/tm2427439d1_ex99-1.htm,its-kind colorectal cancer data from the GALAXY study in Nature Medicine and concurrently presented the data at the 2024 Congress of the European Society for Medical Oncology (ESMO). Our strong performance in the third quarter reflects our,0.75,True,2026-07-12T22:07:38Z,ESMO,unspecified,observed,2.0
NTRA,1604821,"Natera, Inc.  (NTRA)  (CIK 0001604821)",ConferencePresentation,2025-10-17,day,,,sec_edgar,https://www.sec.gov/Archives/edgar/data/1604821/000110465925118664/tm2532406d4_ex99-1.htm,Phased Variant Detection Enables Improved ctDNA-Based MRD Assessment Across Solid Tumors. Presented at: European Society for Medical Oncology (ESMO) Annual Meeting; 2024. 2. American Cancer Society. Types of B-cell Lymphoma. American Cancer,0.75,True,2026-07-12T22:03:27Z,ESMO,unspecified,observed,2.0
NUVB,1811063,"Nuvation Bio Inc.  (NUVB, NUVB-WT)  (CIK 0001811063)",ConferencePresentation,2024-05-23,day,,,sec_edgar,https://www.sec.gov/Archives/edgar/data/1811063/000119312524138263/d693344dex991.htm,"from the pivotal Phase 2 TRUST-I clinical study of taletrectinib, a ROS1 inhibitor, to be presented at the 2024 American Society of Clinical Oncology (ASCO) Annual Meeting First patient treated in a Phase 1/2 study of NUV-1511, the company",0.75,True,2026-07-12T21:59:56Z,ASCO,unspecified,observed,2.0
NUVB,1811063,"Nuvation Bio Inc.  (NUVB, NUVB-WT)  (CIK 0001811063)",ConferencePresentation,2024-09-09,day,,,sec_edgar,https://www.sec.gov/Archives/edgar/data/1811063/000119312524252153/d826537dex991.htm,"ent discontinuation rate of 7%. Data from the global, pivotal Phase 2 TRUST-II study were presented at the 2024 World Conference on Lung Cancer in September as part of the press program. Safusidenib, mIDH1 inhibitor: Diffuse IDH1-mutant gli",0.75,True,2026-07-12T22:14:18Z,WCLC,unspecified,observed,2.0
NUVB,1811063,Nuvation Bio Inc.  (NUVB)  (CIK 0001811063),ConferencePresentation,2026-04-21,day,,,sec_edgar,https://www.sec.gov/Archives/edgar/data/1811063/000119312526204056/d132166dex991.htm,highlighting continued momentum in the first-line setting Presented newly updated clinical data demonstrating IBTROZI s impressive durability of response and progression-free survival in TKI-na ve and TKI-pre,0.75,True,2026-07-12T22:11:05Z,AACR,unspecified,observed,2.0
NUVL,1861560,"Nuvalent, Inc.  (NUVL)  (CIK 0001861560)",ConferencePresentation,2024-09-16,day,,,sec_edgar,https://www.sec.gov/Archives/edgar/data/1861560/000119312524219153/d862522d8k.htm,"se 1/2 clinical trial of NVL-655, a novel ALK-selective inhibitor, which updated data was presented during two oral presentations at the European Society for Medical Oncology (ESMO) Congress 2024 in Barcelona, Spain. In addition, the press",0.75,True,2026-07-12T22:06:44Z,ESMO,oral,observed,2.0
NUVL,1861560,"Nuvalent, Inc.  (NUVL)  (CIK 0001861560)",ConferencePresentation,2025-10-17,day,,,sec_edgar,https://www.sec.gov/Archives/edgar/data/1861560/000095017025104531/nuvl-ex99_1.htm,"iminary data for neladalkib in patients with ALK-positive solid tumors beyond NSCLC to be presented at the ESMO Congress 2025 Jason Waters, MBA, promoted to Senior Vice President, Commercial CAMBRIDGE, Mass. August 7, 2025 Nuvalent, Inc. (N",0.75,True,2026-07-12T22:07:28Z,ESMO,unspecified,observed,2.0
NUVL,1861560,"Nuvalent, Inc.  (NUVL)  (CIK 0001861560)",ConferencePresentation,2026-04-21,day,,,sec_edgar,https://www.sec.gov/Archives/edgar/data/1861560/000186156026000020/nuvl-ex99_1.htm,TKI-na ve patients with advanced ROS1-positive NSCLC in the second half of 2026. Nuvalent presented new clinical and preclinical data for zidesamtinib during poster sessions at the American Association for Cancer Research (AACR) Annual Meet,0.75,True,2026-07-12T22:00:56Z,AACR,poster,observed,2.0
NVCR,1645113,NovoCure Ltd  (NVCR)  (CIK 0001645113),ConferencePresentation,2024-05-23,day,,,sec_edgar,https://www.sec.gov/Archives/edgar/data/1645113/000164511324000015/nvcr-20240520.htm,""") METIS phase 3 clinical trial in brain metastases from non-small cell lung cancer to be presented at the 2024 American Society of Clinical Oncology (ASCO) Annual Meeting in Chicago will be made available on the ASCO website as a regular a",0.75,True,2026-07-12T21:58:31Z,ASCO,unspecified,observed,2.0
NVCR,1645113,NovoCure Ltd  (NVCR)  (CIK 0001645113),ConferencePresentation,2025-06-02,day,,,sec_edgar,https://www.sec.gov/Archives/edgar/data/1645113/000164511325000010/nvcr-20250531.htm,"press release announcing that on that day it presented positive results from the phase 3 PANOVA-3 clinical trial (""PANOVA-3"") evaluating the use of Tumor Treating Fields (TTFields) therapy with g",0.75,True,2026-07-12T21:58:40Z,ASCO,unspecified,observed,2.0
NVCR,1645113,NovoCure Ltd  (NVCR)  (CIK 0001645113),ConferencePresentation,2026-09,month,,,sec_edgar,https://www.sec.gov/Archives/edgar/data/1645113/000164511326000053/nvcr-20260618.htm,"ith prior clinical studies of TTFields therapy in GBM. The results from TRIDENT have been accepted for presentation at the American Society for Radiation Oncology (ASTRO) 2026 Annual Meeting. TRIDENT is a Phase 3 global, pivotal, randomized",0.55,True,2026-07-12T22:14:59Z,ASTRO,unspecified,projected,2.0
NVS,0001114448,"NOVARTIS AG  (NVS, NVSEF)  (CIK 0001114448)",ConferencePresentation,2023-06-05,day,,,sec_edgar,https://www.sec.gov/Archives/edgar/data/1114448/000117184324005228/f6k_091724.htm,"ents with HR+/HER2 early breast cancer: primary results from the Phase III NATALEE trial. Presented at the American Society of Clinical Oncology Annual Meeting; June 2, 2023; Chicago, USA. 4. Hortobagyi G, Stroyakovskiy D, Yardley DA, et al",0.75,True,2026-07-24T12:04:17Z,ASCO,unspecified,observed,
NVSEF,1114448,"NOVARTIS AG  (NVS, NVSEF)  (CIK 0001114448)",ConferencePresentation,2023-11-02,day,,,sec_edgar,https://www.sec.gov/Archives/edgar/data/1114448/000117184324004539/f6k_080724.htm,"8. Hastings MC et al. Kidney Int Rep . 2018;3(1):99-104. 9. Sim JJ et al. Poster TH-PO615 presented at: ASN Kidney Week 2023; November 2-5, 2023; Philadelphia, PA. 10. Bobart SA et al. Nephrol Dial Transplant . 2021;36(5):840-847. 11. Saha",0.75,True,2026-07-12T22:23:32Z,ASN,poster,observed,2.0
NVSEF,1114448,"NOVARTIS AG  (NVS, NVSEF)  (CIK 0001114448)",ConferencePresentation,2024-04-07,day,,,sec_edgar,https://www.sec.gov/Archives/edgar/data/1114448/000137036824000017/a240423-99_1.htm,"y of an ASCVD-related event, who could not reach their goal on statin therapy alone. Data presented at ACC 2024 and published in the Journal of the American College of Cardiology Kesimpta ALITHIOS open-label extension study showed sustained",0.75,True,2026-07-12T22:23:19Z,ACC,unspecified,observed,2.0
NVSEF,1114448,"NOVARTIS AG  (NVS, NVSEF)  (CIK 0001114448)",ConferencePresentation,2024-05-23,day,,,sec_edgar,https://www.sec.gov/Archives/edgar/data/1114448/000117184324005228/f6k_091724.htm,"ents with HR+/HER2 early breast cancer: primary results from the Phase III NATALEE trial. Presented at the American Society of Clinical Oncology Annual Meeting; June 2, 2023; Chicago, USA. 4. Hortobagyi G, Stroyakovskiy D, Yardley DA, et al",0.75,True,2026-07-12T21:57:51Z,ASCO,unspecified,observed,2.0
NXTC,1661059,"NextCure, Inc.  (NXTC)  (CIK 0001661059)",ConferencePresentation,2024-04-09,day,,,sec_edgar,https://www.sec.gov/Archives/edgar/data/1661059/000155837024006543/nxtc-20240502xex99d1.htm,orts First Quarter 2024 Financial Results Phase 1b data for NC410 combo with pembro to be presented at ASCO annual meeting on June 1 Presented preclinical data from LNCB74 (B7-H4 ADC) at recent AACR annual meeting Cash of approximately $96.,0.75,True,2026-07-12T21:58:59Z,AACR,unspecified,observed,2.0
OKYO,1849296,OKYO Pharma Ltd  (OKYO)  (CIK 0001849296),ConferencePresentation,2024-05-05,day,,,sec_edgar,https://www.sec.gov/Archives/edgar/data/1849296/000149315224013975/ex99-1.htm,nt so that it can incorporate additional key analyses of its clinical data which it plans to present at upcoming ophthalmic conferences. OKYO is planning to make a presentation at Dry Horizons Symposium Navigating the Future of Dry Eye Rese,0.75,True,2026-07-12T22:24:35Z,ARVO,unspecified,observed,2.0
OKYO,1849296,OKYO Pharma Ltd  (OKYO)  (CIK 0001849296),ConferencePresentation,2026-05,month,,,sec_edgar,https://www.sec.gov/Archives/edgar/data/1849296/000149315226007701/form6-k.htm,"2026, OKYO Pharma LTD (the Company ) issued this 6K announcing that its abstract has been accepted for presentation at the Association for Research in Vision and Ophthalmology (ARVO) 2026 Annual Meeting, taking place May 3-7, 2026, in Denve",0.55,True,2026-07-12T22:24:33Z,ARVO,unspecified,projected,2.0
OLMA,1750284,"Olema Pharmaceuticals, Inc.  (OLMA)  (CIK 0001750284)",ConferencePresentation,2023-10-12,day,,,sec_edgar,https://www.sec.gov/Archives/edgar/data/1750284/000095017024002721/olma-ex99_1.htm,look forward to providing future updates on our progress with OP-3136 development. Olema presented data regarding the discovery and pre-clinical development of its KAT6 program in a poster session at the 2023 AACR-NCI-EORTC International C,0.75,True,2026-07-12T22:27:19Z,ENA,poster,observed,2.0
OLMA,1750284,"Olema Pharmaceuticals, Inc.  (OLMA)  (CIK 0001750284)",ConferencePresentation,2024-05-23,day,,,sec_edgar,https://www.sec.gov/Archives/edgar/data/1750284/000095017024091799/olma-ex99_1.htm,"liminary clinical benefit rate (CBR) of 85% was observed across 13 CBR-eligible patients. Presented trial-in-progress poster on OPERA-01, a pivotal Phase 3 monotherapy clinical trial in the second- and third-line setting of ER+/HER2- advanc",0.75,True,2026-07-12T22:14:55Z,ASCO,poster,observed,2.0
OLMA,1750284,"Olema Pharmaceuticals, Inc.  (OLMA)  (CIK 0001750284)",ConferencePresentation,2024-09-16,day,,,sec_edgar,https://www.sec.gov/Archives/edgar/data/1750284/000095017024029221/olma-ex99_1.htm,"ociclib and palbociclib are fully enrolled; palazestrant-ribociclib clinical update to be presented at ESMO Breast Cancer Annual Congress 2024, May 15-17, 2024, in Berlin Cash, cash equivalents and marketable securities of $261.8 million as",0.75,True,2026-07-12T22:07:15Z,ESMO,unspecified,observed,2.0
OLMA,1750284,"Olema Pharmaceuticals, Inc.  (OLMA)  (CIK 0001750284)",ConferencePresentation,2024-10,month,,,sec_edgar,https://www.sec.gov/Archives/edgar/data/1750284/000095017024125384/olma-ex99_1.htm,"Olema Oncology Reports Third Quarter 2024 Financial Results and Provides Corporate Update Presented compelling new preclinical data demonstrating anti-tumor activity for OP-3136, a novel KAT6 inhibitor, with enhanced activity of palazestran",0.55,True,2026-07-12T22:13:34Z,ENA,unspecified,projected,2.0
OLMA,1750284,"Olema Pharmaceuticals, Inc.  (OLMA)  (CIK 0001750284)",ConferencePresentation,2024-12-10,day,,,sec_edgar,https://www.sec.gov/Archives/edgar/data/1750284/000095017024134759/olma-ex99_2.htm,"TED DECEMBER 10, 2024, OF OLEMA PHARMACEUTICALS, INC. EX-99.2 EXHIBIT 99.2 Olema Oncology Presents Updated Clinical Results for Palazestrant in Combination with Ribociclib at the San Antonio Breast Cancer Symposium Palazestrant, in combinat",0.75,True,2026-07-12T22:13:35Z,SABCS,unspecified,observed,2.0
OLMA,1750284,"Olema Pharmaceuticals, Inc.  (OLMA)  (CIK 0001750284)",ConferencePresentation,2025-04-25,day,,,sec_edgar,https://www.sec.gov/Archives/edgar/data/1750284/000095017025070291/olma-ex99_1.htm,"-in-progress poster to be highlighted at ASCO Annual Meeting Preclinical data for OP-3136 presented at AACR demonstrating anti-tumor activity in ovarian, non-small cell lung, and prostate cancer models; Phase 1 trial recruitment ongoing End",0.75,True,2026-07-12T22:00:36Z,AACR,poster,observed,2.0
OLMA,1750284,"Olema Pharmaceuticals, Inc.  (OLMA)  (CIK 0001750284)",ConferencePresentation,2025-10-17,day,,,sec_edgar,https://www.sec.gov/Archives/edgar/data/1750284/000119312525273228/olma-ex99_1.htm,"lazestrant in combination with ribociclib in frontline ER+/HER2- metastatic breast cancer Presented compelling new data from Phase 1b/2 study of palazestrant plus ribociclib at ESMO 2025 Ended the quarter with $329.0 million in cash, cash e",0.75,True,2026-07-12T22:07:18Z,ESMO,unspecified,observed,2.0
OLMA,1750284,"Olema Pharmaceuticals, Inc.  (OLMA)  (CIK 0001750284)",ConferencePresentation,2025-12-10,day,,,sec_edgar,https://www.sec.gov/Archives/edgar/data/1750284/000119312526107154/olma-ex99_1.htm,or receptor 2-negative (ER+/HER2-) metastatic breast cancer in collaboration with Pfizer. Presented a trial-in-progress poster for the pivotal Phase 3 OPERA-02 trial evaluating palazestrant in combination with ribociclib in frontline ER+/HE,0.75,True,2026-07-12T22:13:47Z,SABCS,poster,observed,2.0
OLMA,1750284,"Olema Pharmaceuticals, Inc.  (OLMA)  (CIK 0001750284)",ConferencePresentation,2026-04-21,day,,,sec_edgar,https://www.sec.gov/Archives/edgar/data/1750284/000119312526218142/olma-ex99_1.htm,oncology company with our first anticipated commercial launch next year. Recent Progress Presented two preclinical posters at the 2026 American Association for Cancer Research (AACR) Annual Meeting in April: o The first demonstrated that p,0.75,True,2026-07-12T22:00:09Z,AACR,unspecified,observed,2.0
OLMA,1750284,"Olema Pharmaceuticals, Inc.  (OLMA)  (CIK 0001750284)",ConferencePresentation,2026-06-02,day,,,sec_edgar,https://www.sec.gov/Archives/edgar/data/1750284/000119312526237832/olma-ex99_1.htm,"in full global commercial and marketing rights to OP-3136. As previously announced, Olema will present initial clinical data from the Phase 1 study of OP-3136 in a poster presentation on May 30, 2026 at the American Society of Clinical Onco",0.75,True,2026-07-12T21:58:48Z,ASCO,poster,observed,2.0
OLMA,1750284,"Olema Pharmaceuticals, Inc.  (OLMA)  (CIK 0001750284)",ConferencePresentation,2026-12-08,day,,,sec_edgar,https://www.sec.gov/Archives/edgar/data/1750284/000095017024131965/olma-ex99_1.htm,cology. We remain on track to share topline data from OPERA-01 in 2026 and we are excited to present our latest data from the ongoing Phase 1b/2 study of palazestrant in combination with ribociclib at the San Antonio Breast Cancer Symposium,0.75,True,2026-07-12T22:13:44Z,SABCS,unspecified,observed,2.0
ONC,1651308,"BeiGene, Ltd.  (BGNE, BEIGF)  (CIK 0001651308)",ConferencePresentation,2024-05-23,day,,,sec_edgar,https://www.sec.gov/Archives/edgar/data/1651308/000165130824000097/exhibit991-q22024earningsr.htm,"n the second quarter of 2024, representing growth of 6% compared to the prior-year period Presented new data from the Phase 3 RATIONALE-306 study evaluating TEVIMB",0.75,True,2026-07-12T22:02:20Z,ASCO,unspecified,observed,2.0
ONC,1651308,"BeiGene, Ltd.  (BGNE, BEIGF)  (CIK 0001651308)",ConferencePresentation,2024-12-09,day,,,sec_edgar,https://www.sec.gov/Archives/edgar/data/1651308/000165130824000150/exhibit991-q32024earningsr.htm,"all lymphocytic lymphoma (SLL), with no new safety signals observed detailed data will be presented at the annual American Society of Hematology (ASH) 2024 conference and Five-year follow-up data of BOVen (zanubrutinib, obinutuzumab, veneto",0.75,True,2026-07-12T22:05:20Z,ASH,unspecified,observed,2.0
ONC,1651308,"BeOne Medicines Ltd.  (ONC, BEIGF)  (CIK 0001651308)",ConferencePresentation,2026-06-02,day,,,sec_edgar,https://www.sec.gov/Archives/edgar/data/1651308/000165130826000012/a20260515formxsonroapprova.htm,"ncluding zanubrutinib, as a potential treatment for CLL, with updated data expected to be presented at the 2026 American Society of Clinical Oncology (ASCO) Annual Meeting. About BEQALZI (sonrotoclax) BEQALZI (sonrotoclax) is a foundational",0.75,True,2026-07-12T22:00:02Z,ASCO,unspecified,observed,2.0
ONCY,1129928,ONCOLYTICS BIOTECH INC  (ONCY)  (CIK 0001129928),ConferencePresentation,2023-06-05,day,,,sec_edgar,https://www.sec.gov/Archives/edgar/data/1129928/000112992824000002/oncyupdateletter.htm,ized Phase 2 Data Readout Supports Previous Near Doubling of Median Overall Survival Data presented at the 2023 American Society of Clinical Oncology (ASCO) Annual Meeting showed that pelareorep in combination with paclitaxel (cohort 2) res,0.75,True,2026-07-12T22:00:37Z,ASCO,unspecified,observed,2.0
ONCY,1129928,ONCOLYTICS BIOTECH INC  (ONCY)  (CIK 0001129928),ConferencePresentation,2023-10-23,day,,,sec_edgar,https://www.sec.gov/Archives/edgar/data/1129928/000112992824000040/oncygcarpr.htm,"eorep-based combination therapy for PDAC. Updated data from cohort 1 of the GOBLET study, presented at the European Society for Medical Oncology (ESMO) Congress 2023, showed that patients treated with pelareorep combined with a checkpoint i",0.75,True,2026-07-12T22:06:50Z,ESMO,unspecified,observed,2.0
ONCY,1129928,ONCOLYTICS BIOTECH INC  (ONCY)  (CIK 0001129928),ConferencePresentation,2024-05-23,day,,,sec_edgar,https://www.sec.gov/Archives/edgar/data/1129928/000112992824000075/oncyascogiabstracttitles.htm,"EX-99.1 2 oncyascogiabstracttitles.htm EX-99.1 Document Oncolytics Biotech to Present Promising Pelareorep Data in Pancreatic and Anal Cancers at ASCO GI Symposium SAN DIEGO, CA and CALGARY, AB, December 18, 2024 Oncolytics B",0.75,True,2026-07-12T21:58:43Z,ASCO,unspecified,observed,2.0
ONCY,1129928,ONCOLYTICS BIOTECH INC  (ONCY)  (CIK 0001129928),ConferencePresentation,2025-06-02,day,,,sec_edgar,https://www.sec.gov/Archives/edgar/data/1129928/000112992825000002/oncypeic5.htm,"PEI s approval allows Cohort 5 to progress to full enrollment. Early safety data will be presented at the upcoming 2025 American Society of Clinical Oncology (ASCO) Gastrointestinal Cancers Symposium later this month, with initial efficacy",0.75,True,2026-07-12T21:59:02Z,ASCO,unspecified,observed,2.0
ONCY,1129928,ONCOLYTICS BIOTECH INC  (ONCY)  (CIK 0001129928),ConferencePresentation,2026-04-21,day,,,sec_edgar,https://www.sec.gov/Archives/edgar/data/1129928/000112992826000011/oncyaacr2026abstracts.htm,EX-99.1 2 oncyaacr2026abstracts.htm EX-99.1 Document Oncolytics Biotech to Present New Mechanistic and Translational Data Supporting Pelareorep as an Immune-Priming Backbone at AACR 2026 Pelareorep treatment drives coordin,0.75,True,2026-07-12T22:10:04Z,AACR,unspecified,observed,2.0
ONCY,1129928,ONCOLYTICS BIOTECH INC  (ONCY)  (CIK 0001129928),ConferencePresentation,2026-06-02,day,,,sec_edgar,https://www.sec.gov/Archives/edgar/data/1129928/000112992826000035/oncy-20260522.htm,s Biotech Inc. (the Company ) issued a press release announcing certain data that will be presented at the American Society of Clinical Oncology Annual Meeting. This includes translational data from the GOBLET and AWARE-1 studies describing,0.75,True,2026-07-12T21:58:23Z,ASCO,unspecified,observed,2.0
OPK,944809,"OPKO HEALTH, INC.  (OPK)  (CIK 0000944809)",ConferencePresentation,2025-10-17,day,,,sec_edgar,https://www.sec.gov/Archives/edgar/data/944809/000119312526076575/opk-ex99_1.htm,"tract for MDX2001 cMet-Trop2/CD3-CD28, a first-in-class tetraspecific T-cell engager, was presented at ESMO 2025. In October, an abstract titled A phase I/IIa, multicenter, first-in-human, open-label clinical trial evaluating MDX2001, a tet",0.75,True,2026-07-12T22:04:50Z,ESMO,unspecified,observed,2.0
PBYI,1401667,"PUMA BIOTECHNOLOGY, INC.  (PBYI)  (CIK 0001401667)",ConferencePresentation,2024-05-23,day,,,sec_edgar,https://www.sec.gov/Archives/edgar/data/1401667/000143774924024297/ex_706315.htm,"on with osimertinib in advanced osimertinib-resistant EGFR-mutated lung cancer, which was presented at the 2024 Annual Meeting of the American Society of Clinical Oncology. The trial has been amended such that future enrollment will be limi",0.75,True,2026-07-12T22:02:12Z,ASCO,unspecified,observed,2.0
PBYI,1401667,"PUMA BIOTECHNOLOGY, INC.  (PBYI)  (CIK 0001401667)",ConferencePresentation,2025-04-25,day,,,sec_edgar,https://www.sec.gov/Archives/edgar/data/1401667/000143774925015514/ex_785138.htm,"d Alan H. Auerbach, Chairman, Chief Executive Officer, and President of Puma. We recently presented new clinical data on neratinib at the American Association for Cancer Research (AACR) Annual Meeting 2025 and we look forward to important u",0.75,True,2026-07-12T22:10:46Z,AACR,unspecified,observed,2.0
PCRX,1396814,"Pacira BioSciences, Inc.  (PCRX)  (CIK 0001396814)",ConferencePresentation,2024-11-18,day,,,sec_edgar,https://www.sec.gov/Archives/edgar/data/1396814/000139681425000039/pcrx-12312024x991.htm,"years following local administration, with a well-tolerated safety profile. The data were presented at the American College of Rheumatology s annual ACR Convergence meeting. Fourth Quarter 2024 Financial Results Total revenues were $187.3 m",0.75,True,2026-07-12T22:19:14Z,ACR,unspecified,observed,2.0
PDSB,1472091,PDS Biotechnology Corp  (PDSB)  (CIK 0001472091),ConferencePresentation,2024-09,month,,,sec_edgar,https://www.sec.gov/Archives/edgar/data/1472091/000114036124036940/ef20034030_ex99-1.htm,"t by Adam Grippin, M.D., Ph.D., of the University of Texas MD Anderson Cancer Center presenting updated results from the IMMUNOCERV trial evaluating treatment of high-risk locally advanced cervical cancer with Versamune HPV in combinat",0.55,True,2026-07-12T22:07:04Z,ASTRO,oral,projected,2.0
PDSB,1472091,PDS Biotechnology Corp  (PDSB)  (CIK 0001472091),ConferencePresentation,2024-09-16,day,,,sec_edgar,https://www.sec.gov/Archives/edgar/data/1472091/000114036124035618/ef20033543_8k.htm,"PV16-positive recurrent/metastatic head and neck squamous cell carcinoma (HNSCC) has been accepted for presentation at the European Society for Medical Oncology (ESMO) Congress 2024 being held September 13-17, 2024, in Barcelona, Spain. A c",0.75,True,2026-07-12T22:06:25Z,ESMO,unspecified,observed,2.0
PDSB,1472091,PDS Biotechnology Corp  (PDSB)  (CIK 0001472091),ConferencePresentation,2025-06-02,day,,,sec_edgar,https://www.sec.gov/Archives/edgar/data/1472091/000114036125030701/ef20053853_ex99-1.htm,"d Quarter 2025 Financial Results and Provides Clinical Programs Update Multiple Abstracts Presented at the 2025 American Society of Clinical Oncology Annual Meeting Conference call and webcast today at 8:00 a.m. Eastern Time PRINCETON, N.J.",0.75,True,2026-07-12T21:58:02Z,ASCO,unspecified,observed,2.0
PDSB,1472091,PDS Biotechnology Corp  (PDSB)  (CIK 0001472091),ConferencePresentation,2025-11-07,day,,,sec_edgar,https://www.sec.gov/Archives/edgar/data/1472091/000114036125041286/ef20058659_8k.htm,gy Corporation issued a press release announcing positive clinical and translational data presented at the 2025 Society for Immunotherapy of Cancer Annual Meeting. The presentations highlight immune-driven mechanisms and biomarkers that exp,0.75,True,2026-07-12T22:12:48Z,SITC,unspecified,observed,2.0
PFE,78003,PFIZER INC  (PFE)  (CIK 0000078003),ConferencePresentation,2024-05-23,day,,,sec_edgar,https://www.sec.gov/Archives/edgar/data/78003/000007800324000155/pfe-6302024xex99.htm,dication for Adcetris. N A June 2024. Presented detailed overall survival (OS) results from the investigational Phase 3 ECHELON-3 study of Adcetris in combination with lenalidomide and rit,0.75,True,2026-07-12T22:12:35Z,ASCO,unspecified,observed,2.0
PFE,78003,PFIZER INC  (PFE)  (CIK 0000078003),ConferencePresentation,2024-09-16,day,,,sec_edgar,https://www.sec.gov/Archives/edgar/data/78003/000007800324000188/pfe-9292024xex99.htm,enib) + Mektovi (binimetinib) September 2024. Presented longer-term follow-up results from the Phase 2 single-arm PHAROS clinical trial evaluating the efficacy and safety of Braftovi in combinatio,0.75,True,2026-07-12T22:08:35Z,ESMO,unspecified,observed,2.0
PFE,78003,PFIZER INC  (PFE)  (CIK 0000078003),ConferencePresentation,2026-06,month,,,sec_edgar,https://www.sec.gov/Archives/edgar/data/78003/000007800326000005/pfe-12312025xex99.htm,"thly dosing, with no plateau observed at 28 weeks. Detailed results from VESPER-3 will be presented on June 6, 2026 at the 86th Scientific Sessions of the American Diabetes Association . Full Release Corporate Developments Topic Recent Deve",0.55,True,2026-07-12T22:21:39Z,ADA,unspecified,projected,2.0
PGEN,1356090,"PRECIGEN, INC.  (PGEN)  (CIK 0001356090)",ConferencePresentation,2024-05-23,day,,,sec_edgar,https://www.sec.gov/Archives/edgar/data/1356090/000095010324018479/dp222802_ex9902.htm,"dicap Index-10 (VHI-10). As reported in the groundbreaking results from the pivotal study presented at the 2024 American Society of Clinical Oncology (ASCO) annual meeting, the primary safety and efficacy endpoints were met. The impact of t",0.75,True,2026-07-12T21:59:34Z,ASCO,unspecified,observed,2.0
PGEN,1356090,"PRECIGEN, INC.  (PGEN)  (CIK 0001356090)",ConferencePresentation,2026-06-02,day,,,sec_edgar,https://www.sec.gov/Archives/edgar/data/1356090/000095010326007158/dp246650_ex9901.htm,each and ease of administration Updated durability of response data for PAPZIMEOS will be presented at the upcoming ASCO Annual Meeting RRP Awareness Day will be hosted alongside the Recurrent Respiratory Papillomatosis Foundation on June 1,0.75,True,2026-07-12T22:01:11Z,ASCO,unspecified,observed,2.0
PHVS,1830487,Pharvaris N.V.  (PHVS)  (CIK 0001830487),ConferencePresentation,2024-02-24,day,,,sec_edgar,https://www.sec.gov/Archives/edgar/data/1830487/000095017024043354/phvs-ex99_1.htm,"rictibant for both the on-demand and prophylactic treatment of HAE attacks were presented at the GA LEN UCARE Conference 2023 , the American College of Allergy, Asthma Immunology (ACAAI) 2023 Annual Scientific Meeting , Western So",0.75,True,2026-07-12T22:20:28Z,AAAAI,unspecified,observed,2.0
PMVP,1699382,"PMV Pharmaceuticals, Inc.  (PMVP)  (CIK 0001699382)",ConferencePresentation,2024-12-10,day,,,sec_edgar,https://www.sec.gov/Archives/edgar/data/1699382/000095017025030407/pmvp-ex99_1.htm,"le safety profile. PYNNACLE Phase 1 data of rezatapopt in advanced breast cancer patients featured in a poster presentation at the 2024 San Antonio Breast Cancer Symposium. Of the eight patients in the efficacy evaluable population, three p",0.75,True,2026-07-12T22:13:46Z,SABCS,poster,observed,2.0
PMVP,1699382,"PMV Pharmaceuticals, Inc.  (PMVP)  (CIK 0001699382)",ConferencePresentation,2025-10-24,day,,,sec_edgar,https://www.sec.gov/Archives/edgar/data/1699382/000119312525276000/pmvp-ex99_1.htm,clinical results from Phase 2 pivotal portion of the PYNNACLE study evaluating rezatapopt featured in late-breaking oral presentation at the 2025 AACR-NCI-EORTC International Conference on Molecular Targets and Cancer Therapeutics 34% overa,0.75,True,2026-07-12T22:25:51Z,ENA,late-breaking,observed,2.0
PPBT,1614744,PURPLE BIOTECH LTD.  (PPBT)  (CIK 0001614744),ConferencePresentation,2024-04-09,day,,,sec_edgar,https://www.sec.gov/Archives/edgar/data/1614744/000121390024069978/ea021155101ex99-1_purple.htm,ted to be reported before the end of 2024 while additional interim data is expected to be presented at a medical conference in September 2024. NT219 s efficacy in suppressing cancer stem cell-mediated resistance to KRAS G12C and KRAS G12D i,0.75,True,2026-07-12T21:58:38Z,AACR,poster,observed,2.0
PPBT,1614744,PURPLE BIOTECH LTD.  (PPBT)  (CIK 0001614744),ConferencePresentation,2024-05-23,day,,,sec_edgar,https://www.sec.gov/Archives/edgar/data/1614744/000121390024039121/ea020517101ex99-1_purplebio.htm,"el arm is not yet mature, and OS data continues to mature for all arms. Full data will be presented in a late - breaking a bstract poster presentation at ASCO 2024 Annual Meeting Advancing First - in - Class Oncology Therapies NT219: A Smal",0.75,True,2026-07-12T22:27:07Z,ASCO,poster,observed,2.0
PPBT,1614744,PURPLE BIOTECH LTD.  (PPBT)  (CIK 0001614744),ConferencePresentation,2024-10,month,,,sec_edgar,https://www.sec.gov/Archives/edgar/data/1614744/000121390024086724/ea021729401ex99-1_purple.htm,"ESS RELEASE ISSUED BY PURPLE BIOTECH LTD. ON OCTOBER 10, 2024 Exhibit 99.1 Purple Biotech to Present Data for its Tri-Specific Antibody Platform CAPTN-3 at the EORTC-NCI-AACR Symposium on Molecular Targets and Cancer Therapeutics CAPTN-3 is",0.55,True,2026-07-12T22:09:42Z,ENA,unspecified,projected,2.0
PPBT,1614744,PURPLE BIOTECH LTD.  (PPBT)  (CIK 0001614744),ConferencePresentation,2025-04-25,day,,,sec_edgar,https://www.sec.gov/Archives/edgar/data/1614744/000101376225003595/ea023605901ex99-1_purple.htm,"PURPLE BIOTECH LTD. ON MARCH 28, 2025 Exhibit 99.1 Purple Biotech Announces Three Posters Accepted for Presentation at the 2025 American Association for Cancer Research Meeting REHOVOT, Israel, March 28, 2025 (GLOBE NEWSWIRE) -- Purple Biot",0.75,True,2026-07-12T22:09:03Z,AACR,unspecified,observed,2.0
PRLD,1678660,Prelude Therapeutics Inc  (PRLD)  (CIK 0001678660),ConferencePresentation,2023-10-12,day,,,sec_edgar,https://www.sec.gov/Archives/edgar/data/1678660/000095017024095059/prld-ex99_1.htm,"to support the SMARCA2 and anti-PD-1 monoclonal antibody (mAb) combination was previously presented by the Company at the 2023 AACR International Conference on Molecular Targets and Cancer Therapeutics. In pre-clinical models, SMARCA2 degra",0.75,True,2026-07-12T22:07:28Z,ENA,unspecified,observed,2.0
PRLD,1678660,Prelude Therapeutics Inc  (PRLD)  (CIK 0001678660),ConferencePresentation,2024-04-09,day,,,sec_edgar,https://www.sec.gov/Archives/edgar/data/1678660/000095017024053931/prld-ex99_1.htm,"27 remain on track to generate initial proof-of-concept data in 2024 New preclinical data presented at AACR 2024 included first characterization of PRT7732, a highly-selective, orally bioavailable SMARCA2 degrader Operational leadership cap",0.75,True,2026-07-12T22:10:18Z,AACR,unspecified,observed,2.0
PRLD,1678660,Prelude Therapeutics Inc  (PRLD)  (CIK 0001678660),ConferencePresentation,2024-12-09,day,,,sec_edgar,https://www.sec.gov/Archives/edgar/data/1678660/000095017024122337/prld-ex99_1.htm,degrader in patients with SMARCA4-mutated cancers Presented first preclinical data from its next generation degrader antibody conjugate (Precision ADC) platform Interim phase 1 clinical data with pote,0.75,True,2026-07-12T22:02:41Z,ASH,unspecified,observed,2.0
PRLD,1678660,Prelude Therapeutics Inc  (PRLD)  (CIK 0001678660),ConferencePresentation,2025-04-25,day,,,sec_edgar,https://www.sec.gov/Archives/edgar/data/1678660/000095017025064531/prld-ex99_1.htm,"y aggressive SMARCA4 mutated cancers. Continued Vaddi, Additionally, we were very pleased to present at the most recent American Association for Cancer Research Annual Meeting, the first preclinical data from our highly selective, oral KAT6",0.75,True,2026-07-12T22:10:40Z,AACR,unspecified,observed,2.0
PRLD,1678660,Prelude Therapeutics Inc  (PRLD)  (CIK 0001678660),ConferencePresentation,2025-06-12,day,,,sec_edgar,https://www.sec.gov/Archives/edgar/data/1678660/000119312525275871/prld-ex99_1.htm,ions. This early discovery program is wholly owned and controlled by Prelude. The Company presented the first preclinical data from the program at the European Hematology Association 2025 Congress in June. The presentation can be found at P,0.75,True,2026-07-12T22:02:40Z,EHA,oral,observed,2.0
PRLD,1678660,Prelude Therapeutics Inc  (PRLD)  (CIK 0001678660),ConferencePresentation,2025-12-06,day,,,sec_edgar,https://www.sec.gov/Archives/edgar/data/1678660/000095017025035917/prld-ex99_1.htm,"bination with docetaxel continues with plans to present additional results from both cohorts in the second half of 2025 Enrollment into the Phase 1 study of Prelude s once daily, oral SMARCA2 deg",0.75,True,2026-07-12T22:04:35Z,ASH,unspecified,observed,2.0
PRLD,1678660,Prelude Therapeutics Inc  (PRLD)  (CIK 0001678660),ConferencePresentation,2026-04-21,day,,,sec_edgar,https://www.sec.gov/Archives/edgar/data/1678660/000119312526218162/prld-ex99_1.htm,"by mid-2026 with Phase 1 study initiation in ER+ breast cancer anticipated in the 2H 2026 Presented preclinical data demonstrating differentiated profile of PRT13722, at the American Association for Cancer Research (AACR) Annual Meeting 202",0.75,True,2026-07-12T22:04:21Z,AACR,unspecified,observed,2.0
PRTA,1559053,PROTHENA CORP PUBLIC LTD CO  (PRTA)  (CIK 0001559053),ConferencePresentation,2024-07-29,day,,,sec_edgar,https://www.sec.gov/Archives/edgar/data/1559053/000155905324000023/exhibit991q22024earningsre.htm,get Prothena to initiate a Phase 1 clinical trial by YE 2024 Partner Bristol Myers Squibb presented a poster for BMS-986446 at AAIC 2024 of the clinical trial design for the ongoing Phase 2 TargetTau-1 clinical trial to treat Alzheimer s di,0.75,True,2026-07-12T22:26:58Z,AAIC,poster,observed,2.0
PRTA,1559053,PROTHENA CORP PUBLIC LTD CO  (PRTA)  (CIK 0001559053),ConferencePresentation,2025-11-11,day,,,sec_edgar,https://www.sec.gov/Archives/edgar/data/1559053/000155905325000042/exhibit991q32025earningsre.htm,"al first-in-class amyloid depleter, for ATTR amyloidosis with cardiomyopathy Novo Nordisk to present Phase 2 results for coramitug during a late-breaking session at the American Heart Association Scientific Sessions on November 10, 2025 Bri",0.75,True,2026-07-12T22:22:15Z,AHA,late-breaking,observed,2.0
PTGX,1377121,"Protagonist Therapeutics, Inc  (PTGX)  (CIK 0001377121)",ConferencePresentation,2024-03-11,day,,,sec_edgar,https://www.sec.gov/Archives/edgar/data/1377121/000110465924058036/tm2413671d1_ex99-1.htm,"mplete Data from the Phase 2b FRONTIER 2, a 52-week long term extension study of JNJ-2113 presented at the American Academy of Dermatology 2024 Annual Meeting in March Expect to nominate a development candidate from oral IL-17 program by en",0.75,True,2026-07-12T22:19:37Z,AAD,unspecified,observed,2.0
PTGX,1377121,"Protagonist Therapeutics, Inc  (PTGX)  (CIK 0001377121)",ConferencePresentation,2024-06-14,day,,,sec_edgar,https://www.sec.gov/Archives/edgar/data/1377121/000110465924086088/tm2419327d1_ex99-1.htm,"in Q4 2024 Rusfertide Phase 2 REVIVE study long-term follow-up data in polycythemia vera presented at European Hematology Association (EHA) 2024; study showed durable hematocrit control, decreased phlebotomy use, long-term tolerability and",0.75,True,2026-07-12T22:12:20Z,EHA,unspecified,observed,2.0
PTGX,1377121,"Protagonist Therapeutics, Inc  (PTGX)  (CIK 0001377121)",ConferencePresentation,2025-03-05,day,,,sec_edgar,https://www.sec.gov/Archives/edgar/data/1377121/000110465925021986/tm258665d1_ex99-1.htm,"and older with moderate-to-severe plaque PsO. Data from the Phase 3 ICONIC-LEAD a study, presented as a late-breaking abstract at the 2025 American Academy of Dermatology (AAD) Annual Meeting, show once daily icotrokinra demonstrated signi",0.75,True,2026-07-12T22:19:43Z,AAD,late-breaking,observed,2.0
PTGX,1377121,"Protagonist Therapeutics, Inc  (PTGX)  (CIK 0001377121)",ConferencePresentation,2025-06-02,day,,,sec_edgar,https://www.sec.gov/Archives/edgar/data/1377121/000110465925074719/tm2522652d1_ex99-1.htm,"GW) on October 7 th Phase 3 VERIFY trial data set of rusfertide in polycythemia vera (PV) presented during plenary session at ASCO; U.S. NDA filing on track for Q4 Cash, cash equivalents and marketable securities of $673.0 million as of Jun",0.75,True,2026-07-12T22:00:32Z,ASCO,oral,observed,2.0
PYXS,0001782223,"Pyxis Oncology, Inc.  (PYXS)  (CIK 0001782223)",ConferencePresentation,2025-10-24,day,,,sec_edgar,https://www.sec.gov/Archives/edgar/data/1782223/000119312525261689/pyxs-ex99_1.htm,pment plan for MICVO for R/M HNSCC along with the preliminary data update. Pyxis Oncology presented new translational data in October 2025 in two posters at the European Society for Medical Oncology (ESMO) Congress 2025 and in six posters a,0.75,True,2026-07-24T12:10:52Z,ENA,unspecified,observed,
QTTB,1661998,Q32 Bio Inc.  (QTTB)  (CIK 0001661998),ConferencePresentation,2024-10-26,day,,,sec_edgar,https://www.sec.gov/Archives/edgar/data/1661998/000095017024122770/qttb-ex99_1.htm,"ive Phase 1 clinical trial results from tissue-targeted complement inhibitor ADX-097 were presented at ASN Kidney Week 2024. The poster presentation at ASN highlighted data from the first-in-human, Phase 1 ascending dose clinical trial of A",0.75,True,2026-07-12T22:23:39Z,ASN,poster,observed,2.0
QTTB,1661998,Q32 Bio Inc.  (QTTB)  (CIK 0001661998),ConferencePresentation,2025-03-05,day,,,sec_edgar,https://www.sec.gov/Archives/edgar/data/1661998/000095017025036819/qttb-ex99_1.htm,urth Quarter 2024 Financial Results and Provides Corporate Update -- Presented bempikibart SIGNAL-AA Phase 2a Part A alopecia areata (AA) data demonstrating encouraging clinical activity and highlighting the potential t,0.75,True,2026-07-12T22:19:40Z,AAD,late-breaking,observed,2.0
RCKTW,1281895,"ROCKET PHARMACEUTICALS, INC.  (RCKT, RCKTW)  (CIK 0001281895)",ConferencePresentation,2024-05-08,day,,,sec_edgar,https://www.sec.gov/Archives/edgar/data/1281895/000114036124035756/ef20033571_ex99-1.htm,"severe LAD-I; Commercial infrastructure and capabilities in place for launch Presented long-term KRESLADI TM follow-up data from the global Phase 1/2 study for severe LAD-I, results from the global Phase 1/2 study of RP-L102 fo",0.75,True,2026-07-12T22:16:46Z,ASGCT,unspecified,observed,2.0
RCKTW,1281895,"ROCKET PHARMACEUTICALS, INC.  (RCKT, RCKTW)  (CIK 0001281895)",ConferencePresentation,2024-11-16,day,,,sec_edgar,https://www.sec.gov/Archives/edgar/data/1281895/000114036124047166/ef20038805_8k.htm,"ss index by 10% at 12 months (sustained up to 54 months) after treatment. These data were presented today at a Late-Breaking Scientific session at the American Heart Association (AHA) Scientific Sessions 2024 , published in The New England",0.75,True,2026-07-12T22:22:23Z,AHA,late-breaking,observed,2.0
RCKTW,1281895,"ROCKET PHARMACEUTICALS, INC.  (RCKT, RCKTW)  (CIK 0001281895)",ConferencePresentation,2025-05-15,day,,,sec_edgar,https://www.sec.gov/Archives/edgar/data/1281895/000114036125026132/ef20052120_ex99-1.htm,application (BLA). Preliminary results from the ongoing Phase 1 clinical trial of RP-A601 presented at the 2025 Annual Meeting of the American Society of Gene and Cell Therapy demonstrated encouraging early safety and efficacy. All three ad,0.75,True,2026-07-12T22:16:40Z,ASGCT,unspecified,observed,2.0
RCUS,1724521,"Arcus Biosciences, Inc.  (RCUS)  (CIK 0001724521)",ConferencePresentation,2024-04-09,day,,,sec_edgar,https://www.sec.gov/Archives/edgar/data/1724521/000172452124000090/a2024q18kexhibit991.htm,"tal cancer (mCRC), will be presented at ASCO in June. Data from MORPHEUS-PDAC, a randomized Phase 2 study operationalized by Roche, evaluating etrumadenant plus atezolizumab plu",0.75,True,2026-07-12T22:01:29Z,AACR,unspecified,observed,2.0
RCUS,1724521,"Arcus Biosciences, Inc.  (RCUS)  (CIK 0001724521)",ConferencePresentation,2025-06-02,day,,,sec_edgar,https://www.sec.gov/Archives/edgar/data/1724521/000172452125000099/a2025q28kexhibit991.htm,"study of casdatifan + cabozantinib in IO-experienced patients with metastatic ccRCC were presented in an oral session at the American Society of Clinical Oncology (ASCO) Annual Meeting. At the time of the data cutoff (DCO, March 14, 2025),",0.75,True,2026-07-12T22:00:42Z,ASCO,oral,observed,2.0
RCUS,1724521,"Arcus Biosciences, Inc.  (RCUS)  (CIK 0001724521)",ConferencePresentation,2025-10-17,day,,,sec_edgar,https://www.sec.gov/Archives/edgar/data/1724521/000172452125000114/a2025q38kexhibit991.htm,valuating patients with first-line upper gastrointestinal adenocarcinomas these data were presented at the 2025 European Society for Medical Oncology (ESMO) Congress and published in Nature Medicine in October Arcus unveiled its portfolio o,0.75,True,2026-07-12T22:07:49Z,ESMO,unspecified,observed,2.0
REGN,872589,"REGENERON PHARMACEUTICALS, INC.  (REGN)  (CIK 0000872589)",ConferencePresentation,2024-04-09,day,,,sec_edgar,https://www.sec.gov/Archives/edgar/data/872589/000180422024000015/exhibit991q12024.htm,"ents. A regulatory application is also under review in the EU. In April 2024, the Company presented positive pivotal data from the Phase 1 2 trial of linvoseltamab in patients with R R multiple myeloma at the American Association for Cancer",0.75,True,2026-07-12T22:11:13Z,AACR,unspecified,observed,2.0
REGN,872589,"REGENERON PHARMACEUTICALS, INC.  (REGN)  (CIK 0000872589)",ConferencePresentation,2024-09-16,day,,,sec_edgar,https://www.sec.gov/Archives/edgar/data/872589/000180422024000038/exhibit991q32024.htm,"combination). A Phase 2 study for Libtayo in neoadjuvant NSCLC was initiated. The Company presented new, two-year results at the European Society for Medical Oncology (ESMO) Annual Meeting, evaluating the investigational combination of fian",0.75,True,2026-07-12T22:08:22Z,ESMO,unspecified,observed,2.0
REGN,872589,"REGENERON PHARMACEUTICALS, INC.  (REGN)  (CIK 0000872589)",ConferencePresentation,2025-03-05,day,,,sec_edgar,https://www.sec.gov/Archives/edgar/data/872589/000180422025000020/exhibit991q12025.htm,(MHLW) approved Dupixent for the treatment of patients with COPD. The Company and Sanofi presented positive results from the pivotal Phase 2 3 trial in adults with moderate-to-severe bullous pemphigoid at the 2025 American Academy of Derma,0.75,True,2026-07-12T22:20:04Z,AAD,unspecified,observed,2.0
REGN,0000872589,"REGENERON PHARMACEUTICALS, INC.  (REGN)  (CIK 0000872589)",ConferencePresentation,2025-06-02,day,,,sec_edgar,https://www.sec.gov/Archives/edgar/data/872589/000087258925000017/exhibit991q22025.htm,"nnounced detailed analyses from a Phase 3 trial of Libtayo in adjuvant CSCC. The results, presented at the 2025 American Society of Clinical Oncology (ASCO) Annual Meeting and simultaneously published in the New England Journal of Medicine",0.75,True,2026-07-24T12:07:09Z,ASCO,unspecified,observed,
REPL,1737953,"Replimune Group, Inc.  (REPL)  (CIK 0001737953)",ConferencePresentation,2023-11-03,day,,,sec_edgar,https://www.sec.gov/Archives/edgar/data/1737953/000110465924011951/tm245513d1_ex99-1.htm,ata set has further matured. RP1 in solid organ transplant recipients with skin cancers o Presented initial data from the ARTACUS clinical trial of RP1 monotherapy in solid organ transplant recipients with skin cancers at the Society for Im,0.75,True,2026-07-12T22:13:03Z,SITC,unspecified,observed,2.0
REPL,1737953,"Replimune Group, Inc.  (REPL)  (CIK 0001737953)",ConferencePresentation,2024-05-23,day,,,sec_edgar,https://www.sec.gov/Archives/edgar/data/1737953/000110465924067556/tm2416257d1_ex99-1.htm,EX-99.1 2 tm2416257d1_ex99-1.htm EXHIBIT 99.1 Exhibit 99.1 Replimune Presents Positive Data from RP1 and RP2 Clinical Programs at the 2024 American Society of Clinical Oncology (ASCO) Annual Meeting -- Investigator-asse,0.75,True,2026-07-12T21:58:00Z,ASCO,unspecified,observed,2.0
RIGL,1034842,RIGEL PHARMACEUTICALS INC  (RIGL)  (CIK 0001034842),ConferencePresentation,2023-12-09,day,,,sec_edgar,https://www.sec.gov/Archives/edgar/data/1034842/000110465924031010/tm247928d1_ex99-1.htm,"ayments and study material over the five-year collaboration. In December 2023, Rigel also presented four posters highlighting data from the Company s commercial and clinical-stage hematology-oncology portfolio at the 65th American Society o",0.75,True,2026-07-12T22:05:31Z,ASH,poster,observed,2.0
RIGL,1034842,RIGEL PHARMACEUTICALS INC  (RIGL)  (CIK 0001034842),ConferencePresentation,2024-12-09,day,,,sec_edgar,https://www.sec.gov/Archives/edgar/data/1034842/000110465924115334/tm2427717d1_ex99-1.htm,"rom the ongoing Phase 1b study evaluating R289, a dual IRAK1/4 inhibitor, in LR-MDS to be presented at the 66 th ASH Annual Meeting Conference call and webcast scheduled today at 4:30 p.m. Eastern Time SOUTH SAN FRANCISCO, Calif., N",0.75,True,2026-07-12T22:05:05Z,ASH,unspecified,observed,2.0
RIGL,1034842,RIGEL PHARMACEUTICALS INC  (RIGL)  (CIK 0001034842),ConferencePresentation,2025-06-02,day,,,sec_edgar,https://www.sec.gov/Archives/edgar/data/1034842/000110465925074163/tm2522417d2_ex99-1.htm,to initiate the dose expansion part of the study in the second half of this year. Ri gel presented 4 p osters at the 2025 American Society of Clinical Oncology (ASCO) Annual Meeting and 3 posters at the European Hematology Association (EHA,0.75,True,2026-07-12T22:02:07Z,ASCO,unspecified,observed,2.0
RIGL,1034842,RIGEL PHARMACEUTICALS INC  (RIGL)  (CIK 0001034842),ConferencePresentation,2025-12-06,day,,,sec_edgar,https://www.sec.gov/Archives/edgar/data/1034842/000110465925106282/tm2530133d1_ex99-1.htm,"on featuring updated data from the dose escalation phase of the R289 Phase 1b study to be presented at the ASH Annual Meeting in December Updated 2025 Outlook: Total revenue of approximately $285 to $290 million, which includes net product",0.75,True,2026-07-12T22:05:01Z,ASH,oral,observed,2.0
RLAY,1812364,"Relay Therapeutics, Inc.  (RLAY)  (CIK 0001812364)",ConferencePresentation,2024-10,month,,,sec_edgar,https://www.sec.gov/Archives/edgar/data/1812364/000095017024104557/rlay-ex99_1.htm,"ic data, which have generally stayed consistent with the October 2023 disclosure, will be presented at the AACR-NCI-EORTC International Conference on Molecular Targets and Cancer Therapeutics, taking place October 23-25, 2024 The company me",0.55,True,2026-07-12T22:13:46Z,ENA,unspecified,projected,2.0
RLAY,1812364,"Relay Therapeutics, Inc.  (RLAY)  (CIK 0001812364)",ConferencePresentation,2024-12-10,day,,,sec_edgar,https://www.sec.gov/Archives/edgar/data/1812364/000095017024135207/rlay-ex99_1.htm,cancer who received RLY-2608 600mg twice daily (BID) + fulvestrant. These data are being presented today at the San Antonio Breast Cancer Symposium (SABCS) 2024. These updated data help build on previously reported results that show a leve,0.75,True,2026-07-12T22:13:36Z,SABCS,unspecified,observed,2.0
RLAY,1812364,"Relay Therapeutics, Inc.  (RLAY)  (CIK 0001812364)",ConferencePresentation,2025-06-02,day,,,sec_edgar,https://www.sec.gov/Archives/edgar/data/1812364/000119312526034422/rlay-ex99_1.htm,"l, ReDiscover-2. Safety and efficacy from the 600mg BID fasted data referenced above were presented at the American Society of Clinical Oncology (ASCO) 2025 Annual Meeting, with an additional efficacy subgroup analysis presented at the 2025",0.75,True,2026-07-12T21:59:34Z,ASCO,unspecified,observed,2.0
RNXT,1574094,"RenovoRx, Inc.  (RNXT)  (CIK 0001574094)",ConferencePresentation,2023-04-17,day,,,sec_edgar,https://www.sec.gov/Archives/edgar/data/1574094/000149315224004083/ex99-1.htm,dpoints including reduced side effects versus standard of care. Interim analysis data was presented at the 2023 American Association for Cancer Research Annual Meeting and as a Late Breaker Oral Presentation at the 2023 European Society of,0.75,True,2026-07-12T22:10:12Z,AACR,late-breaking,observed,2.0
RNXT,1574094,"RenovoRx, Inc.  (RNXT)  (CIK 0001574094)",ConferencePresentation,2025-01-24,day,,,sec_edgar,https://www.sec.gov/Archives/edgar/data/1574094/000164117225010895/ex99-1.htm,"r 2025 and Subsequent Key Highlights During and subsequent to the first quarter, RenovoRx presented abstracts at the ASCO Gastrointestinal Cancers Symposium 2025, the Society of Interventional Oncology 2025, and the Society of Surgical Onco",0.75,True,2026-07-12T22:14:30Z,ASCO-GI,unspecified,observed,2.0
RVMD,0001628171,"Revolution Medicines, Inc.  (RVMD, RVMDW)  (CIK 0001628171)",ConferencePresentation,2026-04-21,day,,,sec_edgar,https://www.sec.gov/Archives/edgar/data/1628171/000119312526208918/rvmd-ex99_1.htm,"te 302 trial in previously treated metastatic pancreatic cancer; detailed results will be presented in upcoming ASCO Plenary presentation RASolute 302 data planned for submission to global regulatory authorities, including the U.S. Food and",0.75,True,2026-07-24T12:06:11Z,AACR,plenary,observed,
RVMDW,1628171,"Revolution Medicines, Inc.  (RVMD, RVMDW)  (CIK 0001628171)",ConferencePresentation,2026-04-21,day,,,sec_edgar,https://www.sec.gov/Archives/edgar/data/1628171/000119312526208918/rvmd-ex99_1.htm,"te 302 trial in previously treated metastatic pancreatic cancer; detailed results will be presented in upcoming ASCO Plenary presentation RASolute 302 data planned for submission to global regulatory authorities, including the U.S. Food and",0.75,True,2026-07-12T22:01:24Z,AACR,plenary,observed,2.0
RYTM,1649904,"RHYTHM PHARMACEUTICALS, INC.  (RYTM)  (CIK 0001649904)",ConferencePresentation,2024-06-03,day,,,sec_edgar,https://www.sec.gov/Archives/edgar/data/1649904/000110465924086081/tm2420827d1_ex99-1.htm,".D. was appointed Chief Scientific Officer; On June 3, 2024, Rhythm announced that it presented the first patient and caregiver reported experiences from qualitative interviews following the completion of a Phase 2 trial that evaluated",0.75,True,2026-07-12T22:21:58Z,ENDO,unspecified,observed,2.0
RYTM,1649904,"RHYTHM PHARMACEUTICALS, INC.  (RYTM)  (CIK 0001649904)",ConferencePresentation,2025-07-12,day,,,sec_edgar,https://www.sec.gov/Archives/edgar/data/1649904/000110465925066724/tm2520203d1_ex99-1.htm,"olerability ahead of initiating a Phase 3 trial. As previously announced, Rhythm will present results from this trial in a poster accepted as a late-breaking abstract and data from Rhythm s pivotal Phase 3 TRANSCEND trial evaluatin",0.75,True,2026-07-12T22:21:53Z,ENDO,late-breaking,observed,2.0
RYTM,1649904,"RHYTHM PHARMACEUTICALS, INC.  (RYTM)  (CIK 0001649904)",ConferencePresentation,2025-11,month,,,sec_edgar,https://www.sec.gov/Archives/edgar/data/1649904/000110465925105904/rytm-20251104xex99d1.htm,"ent Clinical Development Highlights Today, Rhythm announced that four abstracts have been accepted for presentation one oral presentation and three posters at the Obesity Society s Annual Meeting at ObesityWeek 2025 this week in Atlanta, GA",0.55,True,2026-07-12T22:22:12Z,OBESITYWEEK,oral,projected,2.0
SANA,1770121,"Sana Biotechnology, Inc.  (SANA)  (CIK 0001770121)",ConferencePresentation,2025-06-23,day,,,sec_edgar,https://www.sec.gov/Archives/edgar/data/1770121/000177012125000009/sana-ex99_1.htm,"ell bank and non-clinical testing plan for SC451, positive UP421 6-month clinical results presented at an invited talk at the American Diabetes Association Annual Meeting and World Transplant Congress 2025, and UP421 3-month clinical result",0.75,True,2026-07-12T22:21:07Z,ADA,unspecified,observed,2.0
SDGR,1490978,"Schrodinger, Inc.  (SDGR)  (CIK 0001490978)",ConferencePresentation,2025-04-25,day,,,sec_edgar,https://www.sec.gov/Archives/edgar/data/1490978/000149097825000058/sdgr-20250331xexx991.htm,"nical data from this study are expected in the second half of 2025. In April, Schr dinger presented preclinical data at the American Association for Cancer Research (AACR) Annual Meeting demonstrating that SGR-3515 has improved anti-tumor a",0.75,True,2026-07-12T22:10:52Z,AACR,unspecified,observed,2.0
SGMT,1400118,Sagimet Biosciences Inc.  (SGMT)  (CIK 0001400118),ConferencePresentation,2024-03-11,day,,,sec_edgar,https://www.sec.gov/Archives/edgar/data/1400118/000110465925122272/tm2533462d2_ex99-1.htm,"tients presenting to dermatologists have moderate to severe disease4 Approximately 70% of patients have inflammatory lesions, and 16% of patients are post-me",0.75,True,2026-07-12T22:20:12Z,AAD,unspecified,observed,2.0
SGMT,1400118,Sagimet Biosciences Inc.  (SGMT)  (CIK 0001400118),ConferencePresentation,2024-06-05,day,,,sec_edgar,https://www.sec.gov/Archives/edgar/data/1400118/000110465924068817/tm2416614d1_8k.htm,"Non-Votes 23,938,535 18,346 11,504 0 Item 8.01 Other Events. On June 6, 2024, the Company presented positive data from its FASCINATE-2 Phase 2b clinical trial of denifanstat versus placebo in biopsy-confirmed metabolic dysfunction-associate",0.75,True,2026-07-12T22:17:54Z,EASL,unspecified,observed,2.0
SLN,1479615,"Silence Therapeutics plc  (SLN, SLNCF)  (CIK 0001479615)",ConferencePresentation,2024-11-16,day,,,sec_edgar,https://www.sec.gov/Archives/edgar/data/1479615/000119312524260987/d828427dex991.htm,EX-99.1 2 d828427dex991.htm EX-99.1 EX-99.1 Exhibit 99.1 Silence Therapeutics Presents Late-Breaking Phase 2 Zerlasiran Data at 2024 American Heart Association (AHA) Annual Meeting New zerlasiran data show significant time-avera,0.75,True,2026-07-12T22:22:16Z,AHA,late-breaking,observed,2.0
SLN,1479615,"Silence Therapeutics plc  (SLN, SLNCF)  (CIK 0001479615)",ConferencePresentation,2025-06-12,day,,,sec_edgar,https://www.sec.gov/Archives/edgar/data/1479615/000119312526279577/sln-ex99_1.htm,", treatment and follow-up) Divesiran Reduced Phlebotomy Frequency in All PV Patients Data Presented at the European Hematology Association. June 12, 2025. SANRECO, an On-going Phase 1/2 Study Evaluating Divesiran, Novel GalNAc-conjugated Si",0.75,True,2026-07-12T22:11:36Z,EHA,unspecified,observed,2.0
SLN,1479615,"Silence Therapeutics plc  (SLN, SLNCF)  (CIK 0001479615)",ConferencePresentation,2026-06,month,,,sec_edgar,https://www.sec.gov/Archives/edgar/data/1479615/000119312526210428/sln-ex99_1.htm,"holders. Business Highlights Divesiran: First-in-class siRNA for PV SANRECO Phase 1 study abstract accepted for poster presentation at the European Hematology Association (EHA) 2026 Annual Congress taking place June 11-14, 2026. o Divesiran",0.55,True,2026-07-12T22:12:01Z,EHA,poster,projected,2.0
SLS,1390478,"SELLAS Life Sciences Group, Inc.  (SLS)  (CIK 0001390478)",ConferencePresentation,2024-12-09,day,,,sec_edgar,https://www.sec.gov/Archives/edgar/data/1390478/000139047824000022/sls-202411138xkexhibit991.htm,om the Phase 2a Trial of SLS009 in Relapsed Refractory AML After Venetoclax Failure to be Presented at the Upcoming American Society of Hematology (ASH) Annual Meeting in December - GPS Granted FDA Rare Pediatric Disease Designation (RPDD),0.75,True,2026-07-12T22:03:50Z,ASH,unspecified,observed,2.0
SLS,1390478,"SELLAS Life Sciences Group, Inc.  (SLS)  (CIK 0001390478)",ConferencePresentation,2025-10-17,day,,,sec_edgar,https://www.sec.gov/Archives/edgar/data/1390478/000139047825000021/sls-202511128xkexhibit991.htm,"R D event. Momentum around SLS009 also continues to build our positive Phase 2 data were accepted for presentation at the upcoming ASH Annual Meeting, and we recently presented preclinical results at ESMO demonstrating clear survival benef",0.75,True,2026-07-12T22:03:55Z,ESMO,unspecified,observed,2.0
SLS,1390478,"SELLAS Life Sciences Group, Inc.  (SLS)  (CIK 0001390478)",ConferencePresentation,2026-04-21,day,,,sec_edgar,https://www.sec.gov/Archives/edgar/data/1390478/000139047826000009/sls-202605128xkexhibit991.htm,"enerating increasingly compelling data with SLS009, including recent preclinical findings presented at AACR demonstrating potent, mechanistically driven activity in AML through suppression of key survival pathways such as MCL-1 and inductio",0.75,True,2026-07-12T22:09:54Z,AACR,unspecified,observed,2.0
SMMT,1599298,Summit Therapeutics Inc.  (SMMT)  (CIK 0001599298),ConferencePresentation,2024-05-23,day,,,sec_edgar,https://www.sec.gov/Archives/edgar/data/1599298/000119312524152292/d38200d8k.htm,"herapeutics Inc. (the Company ) announced data relating to the HARMONi-A trial, which was presented by Dr. Li Zhang, Sun Yat-Sen University, at the 2024 American Society of Clinical Oncology ( ASCO ) Annual Meeting in Chicago, IL on May 31,",0.75,True,2026-07-12T21:58:40Z,ASCO,unspecified,observed,2.0
SMMT,1599298,Summit Therapeutics Inc.  (SMMT)  (CIK 0001599298),ConferencePresentation,2025-06-02,day,,,sec_edgar,https://www.sec.gov/Archives/edgar/data/1599298/000159929826000014/a20260223q4fy2025earning.htm,rs Ivonescimab + chemo vs. tislelizumab (PD-1) + chemo Presented at ESMO 2025 Presidential Symposium3 The Lancet4 sNDA pending in China Awaiting data maturation for OS EGFRm NSCLC Post-TKI Ivonescimab + Ch,0.75,True,2026-07-12T22:02:26Z,ASCO,unspecified,observed,2.0
SMMT,1599298,Summit Therapeutics Inc.  (SMMT)  (CIK 0001599298),ConferencePresentation,2025-10-17,day,,,sec_edgar,https://www.sec.gov/Archives/edgar/data/1599298/000159929825000156/a2025_prx1019xesmoharmon.htm,", potential first-in-class investigational bispecific antibody, ivonescimab. The data was presented today as part of the Presidential Symposium at the European Society for Medical Oncology 2025 Congress (ESMO 2025) in Berlin, Germany. The H",0.75,True,2026-07-12T22:08:03Z,ESMO,unspecified,observed,2.0
SMMT,1599298,Summit Therapeutics Inc.  (SMMT)  (CIK 0001599298),ConferencePresentation,2025-11-07,day,,,sec_edgar,https://www.sec.gov/Archives/edgar/data/1599298/000159929825000166/a2025_prx1107sitcharmoni.htm,"potential first-in- class investigational bispecific antibody, ivonescimab. The data was presented today as part of the Annual Meeting of the Society for Immunotherapy of Cancer (SITC 2025) in National Harbor, Maryland (Washington D.C. met",0.75,True,2026-07-12T22:13:12Z,SITC,unspecified,observed,2.0
SNDX,1395937,Syndax Pharmaceuticals Inc  (SNDX)  (CIK 0001395937),ConferencePresentation,2024-06-14,day,,,sec_edgar,https://www.sec.gov/Archives/edgar/data/1395937/000095017024121437/sndx-ex99_1.htm,"ed as part of the Leukemia Lymphoma Society s Beat AML Master Clinical Trial. The Company presented updated positive data from the trial at the European Hematology Association (EHA) 2024 Congress, showing a 96% (23 of 24 pts) composite comp",0.75,True,2026-07-12T22:04:57Z,EHA,unspecified,observed,2.0
SNDX,1395937,Syndax Pharmaceuticals Inc  (SNDX)  (CIK 0001395937),ConferencePresentation,2024-12-09,day,,,sec_edgar,https://www.sec.gov/Archives/edgar/data/1395937/000095017024124545/sndx-ex99_1.htm,e FDA approval for treatment of R/R KMT2Ar acute leukemias in the fourth quarter of 2024. Present data in KMT2Ar and mNPM1 acute leukemias at the 66 th American Society of Hematology (ASH) Annual Meeting in December 2024. Initiate a pivotal,0.75,True,2026-07-12T22:04:08Z,ASH,unspecified,observed,2.0
SNDX,1395937,Syndax Pharmaceuticals Inc  (SNDX)  (CIK 0001395937),ConferencePresentation,2025-06-12,day,,,sec_edgar,https://www.sec.gov/Archives/edgar/data/1395937/000119312526076522/sndx-ex99_1.htm,conducted as part of the Leukemia Lymphoma Society's Beat AML Master Clinical Trial. Data presented at the 2025 European Hematology Association (EHA) Congress and simultaneously published in the Journal of Clinical Oncology showed a CR rate,0.75,True,2026-07-12T22:05:04Z,EHA,unspecified,observed,2.0
SNY,1121404,"Sanofi  (SNY, SNYNF)  (CIK 0001121404)",ConferencePresentation,2023-06-24,day,,,sec_edgar,https://www.sec.gov/Archives/edgar/data/1121404/000112140424000018/pressreleaseq22024english.htm,"ough therapy designation for hemophilia B with inhibitors in December 2023. New data were presented at the International Society on Thrombosis and Haemostasis congress in Bangkok, Thailand, and included information on surgical experience as",0.75,True,2026-07-12T22:24:09Z,ISTH,unspecified,observed,2.0
SNY,1121404,"Sanofi  (SNY, SNYNF)  (CIK 0001121404)",ConferencePresentation,2024-03-11,day,,,sec_edgar,https://www.sec.gov/Archives/edgar/data/1121404/000119312524072508/d765008dex991.htm,mlitelimab being well-tolerated and no new safety concerns identified. These results were presented as part of a late-breaking session at the American Academy of Dermatology (AAD) 2024 Conference in San Diego and support the quarterly (ever,0.75,True,2026-07-12T22:19:48Z,AAD,late-breaking,observed,2.0
SNY,1121404,"Sanofi  (SNY, SNYNF)  (CIK 0001121404)",ConferencePresentation,2024-04-16,day,,,sec_edgar,https://www.sec.gov/Archives/edgar/data/1121404/000119312524129331/d793882dex991.htm,"ter nearly one year in participants with relapsing multiple sclerosis. These data will be presented today at the American Academy of Neurology (AAN) 2024 Annual Meeting in Denver, Colorado, US. Results from the 12-week double-blind study pe",0.75,True,2026-07-12T22:15:26Z,AAN,unspecified,observed,2.0
SNY,1121404,"Sanofi  (SNY, SNYNF)  (CIK 0001121404)",ConferencePresentation,2024-05-23,day,,,sec_edgar,https://www.sec.gov/Archives/edgar/data/1121404/000119312524260686/d793925dex991.htm,"cision The positive CHMP opinion is based on data from the IMROZ phase 3 study, which was presented at the American Society of Clinical Oncology 2024 annual meeting, European Hematology Association 2024 meeting, and published in The New Eng",0.75,True,2026-07-12T21:59:25Z,ASCO,unspecified,observed,2.0
SNY,1121404,"Sanofi  (SNY, SNYNF)  (CIK 0001121404)",ConferencePresentation,2024-09-18,day,,,sec_edgar,https://www.sec.gov/Archives/edgar/data/1121404/000119312524211768/d850143dex991.htm,"the basis for future discussions with global regulatory authorities Study results will be presented at the ECTRIMS medical meeting, September 20 Paris, September 2, 2024. Positive results from the HERCULES phase 3 study showed that tolebrut",0.75,True,2026-07-12T22:16:13Z,ECTRIMS,unspecified,observed,2.0
SNY,1121404,"Sanofi  (SNY, SNYNF)  (CIK 0001121404)",ConferencePresentation,2024-10-24,day,,,sec_edgar,https://www.sec.gov/Archives/edgar/data/1121404/000119312524248128/d901443dex991.htm,lease Dupixent late-breaking positive phase 3 data in chronic spontaneous urticaria to be presented at ACAAI Dupixent significantly reduced itch and hive activity from baseline; 41% of patients achieved well-controlled disease status Confir,0.75,True,2026-07-12T22:20:49Z,ACAAI,late-breaking,observed,2.0
SNY,1121404,"Sanofi  (SNY, SNYNF)  (CIK 0001121404)",ConferencePresentation,2024-12-09,day,,,sec_edgar,https://www.sec.gov/Archives/edgar/data/1121404/000119312525019070/d845030dex991.htm,"evaluating Sarclisa-RVd induction therapy in transplant-eligible NDMM patients, were also presented at the 66 th American Society of Hematology Annual Meeting and Exposition. The safety and efficacy of Sarclisa has not been evaluated by any",0.75,True,2026-07-12T22:03:38Z,ASH,unspecified,observed,2.0
SNY,1121404,"Sanofi  (SNY, SNYNF)  (CIK 0001121404)",ConferencePresentation,2025-04-09,day,,,sec_edgar,https://www.sec.gov/Archives/edgar/data/1121404/000119312525077305/d942506dex991.htm,"argeting disability progression independent of relapse activity. These results were first presented at the ECTRIMS conference on September 20, 2024 in Copenhagen, Denmark and further analyses were also presented today during the Clinical Tr",0.75,True,2026-07-12T22:15:38Z,AAN,plenary,observed,2.0
SNY,1121404,"Sanofi  (SNY, SNYNF)  (CIK 0001121404)",ConferencePresentation,2025-06-11,day,,,sec_edgar,https://www.sec.gov/Archives/edgar/data/1121404/000119312526099555/d70372dex991.htm,"s evaluated in a phase 2 study (clinical study identifier: NCT04520451 ) and results were presented at the European Alliance of Associations for Rheumatology 2025 congress. In IgG4-RD patients, treatment with rilzabrutinib for 52 weeks led",0.75,True,2026-07-12T22:19:27Z,EULAR,unspecified,observed,2.0
SNY,1121404,"Sanofi  (SNY, SNYNF)  (CIK 0001121404)",ConferencePresentation,2025-09-25,day,,,sec_edgar,https://www.sec.gov/Archives/edgar/data/1121404/000119312526180848/d137048dex995.htm,"entifier: NCT04410991 ) phase 3 studies in relapsing multiple sclerosis (RMS), which were presented at the European Committee for Treatment and Research in Multiple Sclerosis (ECTRIMS) Conference 2024 , the American Academy of Neurology (AA",0.75,True,2026-07-12T22:15:22Z,ECTRIMS,unspecified,observed,2.0
SNY,1121404,"Sanofi  (SNY, SNYNF)  (CIK 0001121404)",ConferencePresentation,2025-10-17,day,,,sec_edgar,https://www.sec.gov/Archives/edgar/data/1121404/000119312525239836/d10882dex991.htm,"GEP-NET community as soon as possible. The study is ongoing, and the full results will be presented at the 2025 European Society for Medical Oncology (ESMO) Congress. The results will also form the basis of discussions with health authoriti",0.75,True,2026-07-12T22:07:03Z,ESMO,unspecified,observed,2.0
SNY,1121404,"Sanofi  (SNY, SNYNF)  (CIK 0001121404)",ConferencePresentation,2025-11-06,day,,,sec_edgar,https://www.sec.gov/Archives/edgar/data/1121404/000119312525285701/d895566dex991.htm,allergic fungal rhinosinusitis; sBLA accepted for FDA priority review Phase 3 data to be presented at ACAAI demonstrate Dupixent significantly reduced key nasal signs and symp,0.75,True,2026-07-12T22:20:51Z,ACAAI,unspecified,observed,2.0
SNY,1121404,"Sanofi  (SNY, SNYNF)  (CIK 0001121404)",ConferencePresentation,2026-05-18,day,,,sec_edgar,https://www.sec.gov/Archives/edgar/data/1121404/000119312526240810/d134599dex991.htm,"nts with alpha-1 antitrypsin deficiency (AATD)-related emphysema. These results are being presented today at the 2026 American Thoracic Society (ATS) International Conference in Orlando, FL, US. Efdoralprin alfa, dosed every three weeks (Q3",0.75,True,2026-07-12T22:23:55Z,ATS,unspecified,observed,2.0
SPRB,1683553,"SPRUCE BIOSCIENCES, INC.  (SPRB)  (CIK 0001683553)",ConferencePresentation,2024-06-03,day,,,sec_edgar,https://www.sec.gov/Archives/edgar/data/1683553/000095017024067650/sprb-20240602.htm,"ont for the treatment of polycystic ovary syndrome ( PCOS ). On June 2, 2024, the Company presented these results at the 2024 Annual Meeting of the Endocrine Society. The POWER clinical trial was a randomized, placebo-controlled, dose-escal",0.75,True,2026-07-12T22:21:46Z,ENDO,unspecified,observed,2.0
SRRK,1727196,Scholar Rock Holding Corp  (SRRK)  (CIK 0001727196),ConferencePresentation,2024-05-23,day,,,sec_edgar,https://www.sec.gov/Archives/edgar/data/1727196/000155837024008865/srrk-20240603x8k.htm,"egulation FD Disclosure. On June 3, 2024, Scholar Rock Holding Corporation (the Company ) presented new data from its Phase 1 DRAGON proof-of-concept trial of SRK-181 in combination with pembrolizumab in patients with advanced solid tumors",0.75,True,2026-07-12T21:59:05Z,ASCO,oral,observed,2.0
STOK,1623526,"Stoke Therapeutics, Inc.  (STOK)  (CIK 0001623526)",ConferencePresentation,2024-05-05,day,,,sec_edgar,https://www.sec.gov/Archives/edgar/data/1623526/000095017024053195/stok-ex99_1.htm,-002 for the treatment of Autosomal Dominant Optic Atrophy (ADOA) in 2024. The Company is presenting initial data from the FALCON natural history study of people living with ADOA at The Association for Research in Vision and Ophthalmology (,0.75,True,2026-07-12T22:16:50Z,ARVO,unspecified,observed,2.0
STOK,1623526,"Stoke Therapeutics, Inc.  (STOK)  (CIK 0001623526)",ConferencePresentation,2026-04-21,day,,,sec_edgar,https://www.sec.gov/Archives/edgar/data/1623526/000119312526212020/stok-ex99_1.htm,"ve awareness of Dravet syndrome and the need for disease modification . o In April, Stoke presented data at the American Academy of Neurology (AAN) Annual Meeting, the world s largest gathering of neurologists. o In March, The New England J",0.75,True,2026-07-12T22:15:50Z,AAN,unspecified,observed,2.0
STRO,1382101,"SUTRO BIOPHARMA, INC.  (STRO)  (CIK 0001382101)",ConferencePresentation,2024-09-16,day,,,sec_edgar,https://www.sec.gov/Archives/edgar/data/1382101/000095017024126382/stro-ex99_1.htm,"e 2 trial of luvelta for patients with non-small cell lung cancer, are underway - - Sutro presented data from the Phase 1b study of luvelta in combination with bevacizumab at ESMO 2024 demonstrating a 56% response rate at the recommended Ph",0.75,True,2026-07-12T22:07:15Z,ESMO,unspecified,observed,2.0
STRO,1382101,"SUTRO BIOPHARMA, INC.  (STRO)  (CIK 0001382101)",ConferencePresentation,2025-04-25,day,,,sec_edgar,https://www.sec.gov/Archives/edgar/data/1382101/000095017025067061/stro-ex99_1.htm,"sing preclinical results with STRO-004 and dual-payload ADC, as well as STRO-006 programs presented at AACR 2025 and PEGS, respectively - - Three INDs for wholly-owned programs anticipated in next 3 years, beginning with potential best-in-c",0.75,True,2026-07-12T22:10:22Z,AACR,unspecified,observed,2.0
STRO,1382101,"SUTRO BIOPHARMA, INC.  (STRO)  (CIK 0001382101)",ConferencePresentation,2026-04-21,day,,,sec_edgar,https://www.sec.gov/Archives/edgar/data/1382101/000119312526224065/stro-ex99_1.htm,"and our platform as a whole. This clinical momentum is reinforced by preclinical data we presented at the recent AACR Annual Meeting, which highlighted the robust and consistent antitumor activity of STRO-004, as well as continued progress",0.75,True,2026-07-12T22:10:18Z,AACR,unspecified,observed,2.0
STTK,1680367,"Shattuck Labs, Inc.  (STTK)  (CIK 0001680367)",ConferencePresentation,2024-04-09,day,,,sec_edgar,https://www.sec.gov/Archives/edgar/data/1680367/000168036724000024/sttk_1q2024earningsrelease.htm,"Syndromes (HR-MDS) patients expected to initiate enrollment in the second quarter of 2024 Presented preclinical data at the 2024 American Association for Cancer Research (AACR) Annual Meeting, demonstrating the potential therapeutic utility",0.75,True,2026-07-12T22:10:24Z,AACR,unspecified,observed,2.0
STTK,1680367,"Shattuck Labs, Inc.  (STTK)  (CIK 0001680367)",ConferencePresentation,2024-06-14,day,,,sec_edgar,https://www.sec.gov/Archives/edgar/data/1680367/000119312524161087/d841424dex991.htm,"in combination with AZA in frontline HR-MDS and TP53m AML patients. These data are to be featured in a poster presentation on June 14, 2024 at 18:00 CEST, during the European Hematology Association (EHA) 2024 Congress. We are pleased to pr",0.75,True,2026-07-12T22:12:21Z,EHA,poster,observed,2.0
TAK,1395064,"TAKEDA PHARMACEUTICAL CO LTD  (TAK, TKPHF)  (CIK 0001395064)",ConferencePresentation,2025-06-02,day,,,sec_edgar,https://www.sec.gov/Archives/edgar/data/1395064/000139506426000162/noticeofconvocationofthe.htm,"otagonist Therapeutics announced that detailed results from the Phase 3 VERIFY study were presented at the 61st American Society of Clinical Oncology (ASCO) Annual Meeting Plenary Session. The study met its primary endpoint, which was the p",0.75,True,2026-07-12T22:06:03Z,ASCO,plenary,observed,2.0
TAK,1395064,"TAKEDA PHARMACEUTICAL CO LTD  (TAK, TKPHF)  (CIK 0001395064)",ConferencePresentation,2025-12-06,day,,,sec_edgar,https://www.sec.gov/Archives/edgar/data/1395064/000139506425000164/form6k_120825.htm,(b)(7) Information furnished on this form EXHIBIT Exhibit Number 1 Protagonist and Takeda Present Longer-Term Data at ASH 2025 Showing Rusfertide Delivers Durable Response and Hematocrit Control in Polycythemia Vera SIGNATURES Pursuant to t,0.75,True,2026-07-12T22:02:37Z,ASH,unspecified,observed,2.0
TARA,1359931,"Protara Therapeutics, Inc.  (TARA)  (CIK 0001359931)",ConferencePresentation,2026-06-02,day,,,sec_edgar,https://www.sec.gov/Archives/edgar/data/1359931/000121390026019617/ea0277972-8k_protara.htm,"filing. Item 8.01 Other Events. Updated Interim Results On February 27, 2026, the Company will present updated interim data from its ongoing Phase 2 open-label ADVANCED-2 Trial of TARA-002 in patients with carcinoma in situ or CIS ( Ta/T1)",0.75,True,2026-07-12T21:59:46Z,ASCO,poster,observed,2.0
TCRX,1783328,"TScan Therapeutics, Inc.  (TCRX)  (CIK 0001783328)",ConferencePresentation,2024-04-09,day,,,sec_edgar,https://www.sec.gov/Archives/edgar/data/1783328/000095017024026868/tcrx-ex99_1.htm,tial data on patients from both the singleplex and multiplex cohorts in 2024. The Company will present two Trials in Progress poster presentations at the upcoming American Association for Cancer Research (AACR) Annual Meeting 2024. Details,0.75,True,2026-07-12T22:10:44Z,AACR,poster,observed,2.0
TCRX,1783328,"TScan Therapeutics, Inc.  (TCRX)  (CIK 0001783328)",ConferencePresentation,2024-05-08,day,,,sec_edgar,https://www.sec.gov/Archives/edgar/data/1783328/000095017024058194/tcrx-ex99_1.htm,rtually. Details on the respective presentations can be found here . The Company recently presented at two major medical meetings: o American Society of Gene and Cell Therapy (ASGCT) 27 th Annual Meeting o American Association for Cancer Re,0.75,True,2026-07-12T22:01:03Z,ASGCT,poster,observed,2.0
TCRX,1783328,"TScan Therapeutics, Inc.  (TCRX)  (CIK 0001783328)",ConferencePresentation,2024-12-09,day,,,sec_edgar,https://www.sec.gov/Archives/edgar/data/1783328/000119312524273985/d917413dex991.htm,EX-99.1 2 d917413dex991.htm EX-99.1 EX-99.1 Exhibit 99.1 TScan Therapeutics to Present Updated Data from the Ongoing ALLOHA Phase 1 Heme Trial During Oral Session at the 66th American Society of Hematology Annual Meeting and E,0.75,True,2026-07-12T22:02:47Z,ASH,oral,observed,2.0
TCRX,1783328,"TScan Therapeutics, Inc.  (TCRX)  (CIK 0001783328)",ConferencePresentation,2025-10-28,day,,,sec_edgar,https://www.sec.gov/Archives/edgar/data/1783328/000119312525275889/tcrx-ex99_1.htm,"to fund its current operating plan into the second half of 2027. In October, the Company presented at the American College of Rheumatology Convergence 2025 where the Company highlighted the potential application of its proprietary TargetSc",0.75,True,2026-07-12T22:02:58Z,ACR,unspecified,observed,2.0
TCRX,1783328,"TScan Therapeutics, Inc.  (TCRX)  (CIK 0001783328)",ConferencePresentation,2025-12-06,day,,,sec_edgar,https://www.sec.gov/Archives/edgar/data/1783328/000119312526089871/tcrx-ex99_1.htm,Reports Fourth Quarter and Full Year 2025 Financial Results and Provides Business Update Presented positive updated data from the ALLOHA Phase 1 heme trial at 67 th American Society of Hematology (ASH) Annual Meeting and Exposition Announc,0.75,True,2026-07-12T22:03:02Z,ASH,unspecified,observed,2.0
TGTX,1001316,"TG THERAPEUTICS, INC.  (TGTX)  (CIK 0001001316)",ConferencePresentation,2024-09-18,day,,,sec_edgar,https://www.sec.gov/Archives/edgar/data/1001316/000143774924033055/ex_742243.htm,and over 230% growth from the same quarter last year. BRIUMVI Clinical Data Presentations Presented updated data at the 2024 European Committee for Treatment and Research in Multiple Sclerosis (ECTRIMS) annual meeting including: o New five,0.75,True,2026-07-12T22:16:18Z,ECTRIMS,unspecified,observed,2.0
TGTX,1001316,"TG THERAPEUTICS, INC.  (TGTX)  (CIK 0001001316)",ConferencePresentation,2025-09-25,day,,,sec_edgar,https://www.sec.gov/Archives/edgar/data/1001316/000143774925032658/ex_860184.htm,"m, Switzerland, Australia, Kuwait and the United Arab Emirates BRIUMVI Data Presentations Presented three data presentations at the 2025 European Committee for Treatment and Research in Multiple Sclerosis (ECTRIMS) annual meeting including:",0.75,True,2026-07-12T22:16:19Z,ECTRIMS,unspecified,observed,2.0
TLSA,1723069,Tiziana Life Sciences Ltd  (TLSA)  (CIK 0001723069),ConferencePresentation,2024-04-16,day,,,sec_edgar,https://www.sec.gov/Archives/edgar/data/1723069/000121390024034260/ea020422101ex99-1_tiziana.htm,"ary progressive multiple sclerosis and progression independent of relapse (PIRA) - - Data presented in a platform session at the Annual Meeting of the American Academy of Neurology in Denver, Colorado - NEW YORK, April 19, 2024 Tiziana Life",0.75,True,2026-07-12T22:15:04Z,AAN,unspecified,observed,2.0
TNXP,1430306,Tonix Pharmaceuticals Holding Corp.  (TNXP)  (CIK 0001430306),ConferencePresentation,2025-04-25,day,,,sec_edgar,https://www.sec.gov/Archives/edgar/data/1430306/000199937125004974/ex99-01.htm,"PRIL 29, 2025 Tonix Pharmaceuticals Holding Corp. 8-K Exhibit 99.01 Tonix Pharmaceuticals Presented Preclinical Data on Gastric Cancer Models at the American Association for Cancer Research (AACR) 2025 Annual Meeting Combination treatment o",0.75,True,2026-07-12T22:09:09Z,AACR,unspecified,observed,2.0
TNXP,1430306,Tonix Pharmaceuticals Holding Corp.  (TNXP)  (CIK 0001430306),ConferencePresentation,2025-06-11,day,,,sec_edgar,https://www.sec.gov/Archives/edgar/data/1430306/000199937125007790/tnxp-8k_06162025.htm,"ation FD Disclosure. On June 16, 2025, Tonix Pharmaceuticals Holding Corp. (the Company ) presented data in a poster presentation at the Annual European Congress of Rheumatology 2025, held June 11-14, 2025 ( EULAR ). A copy of the press rel",0.75,True,2026-07-12T22:26:26Z,EULAR,poster,observed,2.0
TNXP,1430306,Tonix Pharmaceuticals Holding Corp.  (TNXP)  (CIK 0001430306),ConferencePresentation,2026-04-21,day,,,sec_edgar,https://www.sec.gov/Archives/edgar/data/1430306/000199937126008771/ex99-01.htm,"APRIL 22, 2026 TONIX PHARMACEUTICALS HOLDING CORP. 8-K Exhibit 99.1 Tonix Pharmaceuticals Presents Updates on Preclinical Immuno-Oncology Programs at the American Association for Cancer Research (AACR) Annual Meeting 2026 TNX-1700 (TFF2-alb",0.75,True,2026-07-12T22:09:05Z,AACR,unspecified,observed,2.0
TNYA,1858848,"Tenaya Therapeutics, Inc.  (TNYA)  (CIK 0001858848)",ConferencePresentation,2025-11-11,day,,,sec_edgar,https://www.sec.gov/Archives/edgar/data/1858848/000119312526102170/tnya-ex99_1.htm,"ion Class I, indicating no limitations to daily living due to symptoms. o These data were presented at the 2025 American Heart Association Annual Scientific Sessions and simultaneously published in Cardiovascular Research . In January, foll",0.75,True,2026-07-12T22:22:39Z,AHA,unspecified,observed,2.0
TOVX,894158,"Theriva Biologics, Inc.  (TOVX)  (CIK 0000894158)",ConferencePresentation,2024-05-08,day,,,sec_edgar,https://www.sec.gov/Archives/edgar/data/894158/000110465924050037/tm2412300d1_ex99-1.htm,"ial synergy of VCN-01 and first-line pancreatic cancer chemotherapy regimens, and will be featured in a poster presentation at the American Society for Cell and Gene Therapy (ASGCT) 27 th Annual Meeting, being held both virtually and in Bal",0.75,True,2026-07-12T22:26:38Z,ASGCT,poster,observed,2.0
TOVX,894158,"Theriva Biologics, Inc.  (TOVX)  (CIK 0000894158)",ConferencePresentation,2024-05-23,day,,,sec_edgar,https://www.sec.gov/Archives/edgar/data/894158/000110465924057689/tm2413496d1_ex99-1.htm,"om May 31-June 4. Based on the strength of the science and its relevance, VIRAGE has been accepted for presentation as a trial-in-progress poster (abstract: TPS4210). SYN-004 (ribaxamase) : Dosing is underway f",0.75,True,2026-07-12T22:01:21Z,ASCO,poster,observed,2.0
TOVX,894158,"Theriva Biologics, Inc.  (TOVX)  (CIK 0000894158)",ConferencePresentation,2025-06-02,day,,,sec_edgar,https://www.sec.gov/Archives/edgar/data/894158/000110465925075944/tm2522967d1_ex99-1.htm,from the VIRAGE Phase 2b study of VCN-01 (zabilugene almadenorepvec); expanded data to be presented at the European Society for Medical Oncology (ESMO) 2025 Congress in October - - VCN-01 demonstrates potential in retinoblastoma with Phase,0.75,True,2026-07-12T21:57:56Z,ASCO,unspecified,observed,2.0
TOVX,894158,"Theriva Biologics, Inc.  (TOVX)  (CIK 0000894158)",ConferencePresentation,2025-10-17,day,,,sec_edgar,https://www.sec.gov/Archives/edgar/data/894158/000110465925100608/tm2529071d1_8k.htm,"inoma (mPDAC) data from Theriva Biologics, Inc. s VIRAGE Phase 2b trial (NCT05673811) was presented at a mini oral session at the European Society for Medical Oncology (ESMO 2025) Annual Congress The ESMO presentation is atatched as Exhibit",0.75,True,2026-07-12T22:06:24Z,ESMO,oral,observed,2.0
TOVX,894158,"Theriva Biologics, Inc.  (TOVX)  (CIK 0000894158)",ConferencePresentation,2026-04-21,day,,,sec_edgar,https://www.sec.gov/Archives/edgar/data/894158/000110465926044906/tm2612012d1_8k.htm,"Cancer Research (AACR) Annual Meeting to be held in San Diego, CA from 17-22 April 2026. Presenting author: Dr. Manuel Hidalgo, NYU Langone Health Perlmutter Cancer Center, New York, NY Title: Analysis of tumor and biomarker responses in t",0.75,True,2026-07-12T22:08:58Z,AACR,poster,observed,2.0
TPST,1544227,"Tempest Therapeutics, Inc.  (TPST)  (CIK 0001544227)",ConferencePresentation,2023-04-17,day,,,sec_edgar,https://www.sec.gov/Archives/edgar/data/1544227/000095017024033464/tpst-ex99_1.htm,"14/30) TPST-1120 remains well tolerated, with safety data comparable between the two arms Presented new translational biomarker findings at the 2023 American Association for Cancer Research (AACR) Annual Meeting from the completed monothera",0.75,True,2026-07-12T22:00:09Z,AACR,unspecified,observed,2.0
TPST,1544227,"Tempest Therapeutics, Inc.  (TPST)  (CIK 0001544227)",ConferencePresentation,2024-04-09,day,,,sec_edgar,https://www.sec.gov/Archives/edgar/data/1544227/000095017024057047/tpst-ex99_1.htm,in patients with advanced solid tumors in the Journal of Cancer Research Communications - Presented new data at the SITC 2024 Spring Scientific Meeting elucidating the mechanism of TPST-1120 and supporting its potentia,0.75,True,2026-07-12T22:09:50Z,AACR,unspecified,observed,2.0
TPST,1544227,"Tempest Therapeutics, Inc.  (TPST)  (CIK 0001544227)",ConferencePresentation,2025-04-25,day,,,sec_edgar,https://www.sec.gov/Archives/edgar/data/1544227/000095017025070416/tpst-ex99_1.htm,it 99.1 Tempest Reports First Quarter 2025 Financial Results and Provides Business Update Presented new amezalpat mechanism-of-action data reinforcing its potential as a novel cancer treatment at the 2025 AACR Annual Meeting Granted Orphan,0.75,True,2026-07-12T22:09:51Z,AACR,unspecified,observed,2.0
TVRD,1346830,"Tvardi Therapeutics, Inc.  (TVRD)  (CIK 0001346830)",ConferencePresentation,2025-05-19,day,,,sec_edgar,https://www.sec.gov/Archives/edgar/data/1346830/000110465925047856/tm2514879d1_ex99-1.htm,"ort Exposes a STAT-3-Regulated Therapeutic Gap in Idiopathic Pulmonary Fibrosis , will be presented at the upcoming American Thoracic Society 2025 Annual Conference, which is being held May 16-21, 2025 in San Francisco. Announced that resul",0.75,True,2026-07-12T22:23:45Z,ATS,unspecified,observed,2.0
URGN,0001668243,UroGen Pharma Ltd.  (URGN)  (CIK 0001668243),ConferencePresentation,2025-06-02,day,,,sec_edgar,https://www.sec.gov/Archives/edgar/data/1668243/000143774925025242/ex_847591.htm,"ce favorability. JELMYTO is being evaluated in the uTRACT Registry, details of which were presented at the 2025 American Society of Clinical Oncology annual meeting in June 2025. This single-arm, multicenter, prospective and retrospective s",0.75,True,2026-07-24T12:06:42Z,ASCO,unspecified,observed,
VERA,1831828,"Vera Therapeutics, Inc.  (VERA)  (CIK 0001831828)",ConferencePresentation,2024-10-26,day,,,sec_edgar,https://www.sec.gov/Archives/edgar/data/1831828/000095017024122814/vera-ex99_1.htm,ra Therapeutics Provides Business Update and Reports Third Quarter 2024 Financial Results Presented positive 96-week long-term eGFR stabilization data from ORIGIN Ph 2b clinical trial of atacicept in IgAN in a late-breaking oral presentatio,0.75,True,2026-07-12T22:23:25Z,ASN,late-breaking,observed,2.0
VERA,1831828,"Vera Therapeutics, Inc.  (VERA)  (CIK 0001831828)",ConferencePresentation,2025-11-06,day,,,sec_edgar,https://www.sec.gov/Archives/edgar/data/1831828/000119312525268331/d30094d8k.htm,ing that data from the ORIGIN Phase 3 trial of atacicept in IgA nephropathy ( IgAN ) were presented as a featured late-breaking oral presentation during the opening plenary session of the American Society of Nephrology ( ASN ) Kidney Week 2,0.75,True,2026-07-12T22:23:33Z,ASN,late-breaking,observed,2.0
VIR,1706431,"Vir Biotechnology, Inc.  (VIR)  (CIK 0001706431)",ConferencePresentation,2023-11-13,day,,,sec_edgar,https://www.sec.gov/Archives/edgar/data/1706431/000162828024006346/a20240222-q4ex991earningsr.htm,nal innovation opportunities. Pipeline Programs Chronic Hepatitis Delta (CHD) The Company presented initial SOLSTICE data from a small subset of participants in a late-breaker presentation at the American Association for the Study of Liver,0.75,True,2026-07-12T22:17:15Z,AASLD,late-breaking,observed,2.0
VIR,1706431,"Vir Biotechnology, Inc.  (VIR)  (CIK 0001706431)",ConferencePresentation,2024-06-05,day,,,sec_edgar,https://www.sec.gov/Archives/edgar/data/1706431/000119312524154636/d819044dex991.htm,"to discuss these data. Originally accepted as a late-breaker poster , these data will be presented in more detail in an oral presentation on June 8 at the European Association for the Study of the Liver, EASL Congress 2024. Preliminary dat",0.75,True,2026-07-12T22:17:30Z,EASL,late-breaking,observed,2.0
VIR,1706431,"Vir Biotechnology, Inc.  (VIR)  (CIK 0001706431)",ConferencePresentation,2024-11-18,day,,,sec_edgar,https://www.sec.gov/Archives/edgar/data/1706431/000162828024044563/a20241031-q3ex991earningsr.htm,"al data anticipated in Q1 2025 Key Phase 2 SOLSTICE data in chronic hepatitis delta to be presented at AASLD 2024 The Company will host a Hepatitis Investor Event following AASLD on November 19, 2024 Jason O Byrne appointed as Chief Financi",0.75,True,2026-07-12T22:17:38Z,AASLD,unspecified,observed,2.0
VIR,1706431,"Vir Biotechnology, Inc.  (VIR)  (CIK 0001706431)",ConferencePresentation,2025-05-08,day,,,sec_edgar,https://www.sec.gov/Archives/edgar/data/1706431/000162828025024067/vir-20250509.htm,atitis delta and its dual-masked T-cell engager oncology programs. The detailed data were presented today at the European Association for the Study of the Liver (EASL) Congress 2025 in Amsterdam (the Netherlands). A copy of the press releas,0.75,True,2026-07-12T22:17:51Z,EASL,unspecified,observed,2.0
VIR,1706431,"Vir Biotechnology, Inc.  (VIR)  (CIK 0001706431)",ConferencePresentation,2025-11-10,day,,,sec_edgar,https://www.sec.gov/Archives/edgar/data/1706431/000162828025049561/a20251105-q3ex991earningsr.htm,"irtide monotherapy in bulevirtide treatment-na ve participants. 1 Following positive data presented at American Association for the Study of Liver Diseases (AASLD) The Liver Meeting 2024, the Company will present Week 48 endpoint results fr",0.75,True,2026-07-12T22:17:08Z,AASLD,oral,observed,2.0
VIR,1706431,"Vir Biotechnology, Inc.  (VIR)  (CIK 0001706431)",ConferencePresentation,2026-05-30,day,,,sec_edgar,https://www.sec.gov/Archives/edgar/data/1706431/000162828026031273/a20260506-q1ex991earningsr.htm,se 1 dose-expansion cohorts in patients with late-line metastatic prostate cancer Company will present complete Week 96 Phase 2 SOLSTICE data on its combination regimen for chronic hepatitis delta (CHD) at the European Association for the S,0.75,True,2026-07-12T22:02:16Z,EASL,unspecified,observed,2.0
VIR,1706431,"Vir Biotechnology, Inc.  (VIR)  (CIK 0001706431)",ConferencePresentation,2026-06-02,day,,,sec_edgar,https://www.sec.gov/Archives/edgar/data/1706431/000162828026010740/a20260223-q4ex993virx5500a.htm,"Vir Biotechnology to host conference call today at 5 30 p.m. ET 2 30 p.m. PT Data will be presented at the 2026 American Society of Clinical Oncology (ASCO) Genitourinary Cancers Symposium on February 26 (Oral Abstract #17) SAN FRANCISCO, F",0.75,True,2026-07-12T21:58:10Z,ASCO,oral,observed,2.0
VOR,1817229,Vor Biopharma Inc.  (VOR)  (CIK 0001817229),ConferencePresentation,2024-12-09,day,,,sec_edgar,https://www.sec.gov/Archives/edgar/data/1817229/000119312524272891/d818014d8k.htm,"ma Inc. (the Company ) issued a press release announcing updated clinical data, which was presented in a poster at the American Society of Hematology ( ASH ) Annual Meeting Exposition held on December 8, 2024 and posted to the Company s web",0.75,True,2026-07-12T22:03:21Z,ASH,poster,observed,2.0
VRCA,1660334,Verrica Pharmaceuticals Inc.  (VRCA)  (CIK 0001660334),ConferencePresentation,2025-11-07,day,,,sec_edgar,https://www.sec.gov/Archives/edgar/data/1660334/000119312526101126/d94203dex991.htm,"needed to progress toward a filing for approval. VP-315 On November 4, 2025, the Company presented new data on VP-315 from its Phase 2 trial in basal cell carcinoma (BCC) at the 40th Society for Immunotherapy of Cancer (SITC) Annual Meetin",0.75,True,2026-07-12T22:13:24Z,SITC,unspecified,observed,2.0
VRTX,875320,VERTEX PHARMACEUTICALS INC / MA  (VRTX)  (CIK 0000875320),ConferencePresentation,2024-06,month,,,sec_edgar,https://www.sec.gov/Archives/edgar/data/875320/000087532024000137/ex-991_q12024.htm,"B, and C of the global 17-patient study and expects to complete dosing soon. Vertex plans to present updated data from the ongoing Phase 1 2 study at the American Diabetes Association 84th Scientific Sessions Conference in June 2024. VX-264",0.55,True,2026-07-12T22:21:34Z,ADA,unspecified,projected,2.0
VRTX,875320,VERTEX PHARMACEUTICALS INC / MA  (VRTX)  (CIK 0000875320),ConferencePresentation,2024-06-14,day,,,sec_edgar,https://www.sec.gov/Archives/edgar/data/875320/000087532024000193/ex-991_q22024.htm,"generate data from CLIMB-111, CLIMB-121 and the long-term follow-up study of CASGEVY and presented positive long-term data at the 2024 Annual European Hematology Association (EHA) Congress in June. These long-term data from more than 100 p",0.75,True,2026-07-12T22:12:30Z,EHA,unspecified,observed,2.0
VRTX,875320,VERTEX PHARMACEUTICALS INC / MA  (VRTX)  (CIK 0000875320),ConferencePresentation,2025-06-23,day,,,sec_edgar,https://www.sec.gov/Archives/edgar/data/875320/000087532025000171/ex-991_q12025.htm,om the UK Medicines and Healthcare products Regulatory Agency (MHRA). Vertex will present updated clinical data from the 12 participants who received the full dose of zimislecel as a single infusion with over one year of follow,0.75,True,2026-07-12T22:21:33Z,ADA,oral,observed,2.0
VSTM,1526119,"Verastem, Inc.  (VSTM)  (CIK 0001526119)",ConferencePresentation,2024-05-23,day,,,sec_edgar,https://www.sec.gov/Archives/edgar/data/1526119/000110465924064781/tm2415352d1_8k.htm,"n with current standard of care in first-line metastatic pancreatic cancer, which will be presented at the upcoming American Society of Clinical Oncology ( ASCO ) Annual Meeting on June 1, 2024. A copy of this press release is furnished her",0.75,True,2026-07-12T22:01:15Z,ASCO,unspecified,observed,2.0
VSTM,0001526119,"Verastem, Inc.  (VSTM)  (CIK 0001526119)",ConferencePresentation,2025-06-02,day,,,sec_edgar,https://www.sec.gov/Archives/edgar/data/1526119/000110465925039098/tm2513177d1_ex10-1.htm,"estor who agreed to receive certain clinical data of the Company that the Company expects to present at, or disclose in connection with, the American Society of Clinical Oncology (ASCO) Annual Meeting or certain regulatory updates, each at",0.75,True,2026-07-24T12:07:38Z,ASCO,unspecified,observed,
VSTM,1526119,"Verastem, Inc.  (VSTM)  (CIK 0001526119)",ConferencePresentation,2025-10-17,day,,,sec_edgar,https://www.sec.gov/Archives/edgar/data/1526119/000110465925100537/tm2529024d1_8k.htm,"any s partner, GenFleet Therapeutics (Shanghai), Inc. ( GenFleet ). The updated data were featured in a late-breaking abstract for oral presentation by GenFleet at the European Society for Medical Oncology 2025 on October 19, 2025, in Berli",0.75,True,2026-07-12T22:06:35Z,ESMO,late-breaking,observed,2.0
WHWK,1422142,"Whitehawk Therapeutics, Inc.  (WHWK)  (CIK 0001422142)",ConferencePresentation,2026-04-21,day,,,sec_edgar,https://www.sec.gov/Archives/edgar/data/1422142/000119312526210615/whwk-ex99_1.htm,uated in patients with advanced ovarian and endometrial cancers (NCT07470853). Presented comprehensive data highlighting preclinical proof-of-concept for Whitehawk s next-generation ADC portfolio underpinned by its proprietary Ca,0.75,True,2026-07-12T22:09:43Z,AACR,unspecified,observed,2.0
WVE,1631574,Wave Life Sciences Ltd.  (WVE)  (CIK 0001631574),ConferencePresentation,2025-06-23,day,,,sec_edgar,https://www.sec.gov/Archives/edgar/data/1631574/000119312525168644/d157278dex991.htm,"June 2025 , at the American Diabetes Association s 85 th Annual Scientific Sessions, Wave presented its preclinical DIO data that support WVE-007 s potential to reduce fat, preserve muscle and induce healthy weight loss with dosing once or",0.75,True,2026-07-12T22:21:31Z,ADA,unspecified,observed,2.0
XAIR,1641631,"Beyond Air, Inc.  (XAIR)  (CIK 0001641631)",ConferencePresentation,2024-05-23,day,,,sec_edgar,https://www.sec.gov/Archives/edgar/data/1641631/000149315224025433/ex99-1.htm,tem activation via biomarker response in a heavily pretreated population. These data were presented at the American Society of Clinical Oncology Key Opinion Leader Event held in conjunction with the 2024 Annual Meeting Upon regulatory appro,0.75,True,2026-07-12T22:02:28Z,ASCO,unspecified,observed,2.0
XAIR,1641631,"Beyond Air, Inc.  (XAIR)  (CIK 0001641631)",ConferencePresentation,2024-11-08,day,,,sec_edgar,https://www.sec.gov/Archives/edgar/data/1641631/000149315224046503/ex99-1.htm,primary or metastatic cutaneous and subcutaneous solid tumors Promising preclinical data presented in two posters at the Society for Immunotherapy of Cancer (SITC) Annual Meeting 2024 showed the efficacy of low volume (LV) UNO less than 10,0.75,True,2026-07-12T22:13:15Z,SITC,unspecified,observed,2.0
XENE,1582313,Xenon Pharmaceuticals Inc.  (XENE)  (CIK 0001582313),ConferencePresentation,2025-04-09,day,,,sec_edgar,https://www.sec.gov/Archives/edgar/data/1582313/000095017025029010/xene-ex99_1.htm,"t 36 months achieving seizure freedom for a period of one year or longer. Xenon continues to present data at leading medical conferences, including the upcoming medical congresses of the American Society for Experimental Neurotherapeutics (",0.75,True,2026-07-12T22:15:44Z,AAN,unspecified,observed,2.0
XENE,1582313,Xenon Pharmaceuticals Inc.  (XENE)  (CIK 0001582313),ConferencePresentation,2026-04-21,day,,,sec_edgar,https://www.sec.gov/Archives/edgar/data/1582313/000119312526211843/xene-ex99_1.htm,"y of Neurology (AAN) Annual Meeting in Chicago, Illinois, April 18-22. Also at AAN, Xenon presented 48-month data from the ongoing X-TOLE open-label extension study, which demonstrated continued reductions in monthly FOS frequency with long",0.75,True,2026-07-12T22:15:47Z,AAN,late-breaking,observed,2.0
XLO,1840233,"Xilio Therapeutics, Inc.  (XLO)  (CIK 0001840233)",ConferencePresentation,2023-10-23,day,,,sec_edgar,https://www.sec.gov/Archives/edgar/data/1840233/000119312526097603/xlo-ex99_1.htm,non-MSI-H disease and a reportable TMB result. Measurement of tumor-selective activation presented in Phase 1 data presentation at 2023 ESMO Immuno-Oncology Congress ADC: antibody-drug conjugate; imAE: immune-mediated adverse event; mCRC:,0.75,True,2026-07-12T22:26:42Z,ESMO,unspecified,observed,2.0
XLO,1840233,"Xilio Therapeutics, Inc.  (XLO)  (CIK 0001840233)",ConferencePresentation,2024-04-09,day,,,sec_edgar,https://www.sec.gov/Archives/edgar/data/1840233/000155837024008063/xlo-20240514xex99d1.htm,"d cell engagers and tumor-activated effector-enhanced cell engagers. In April 2024, Xilio presented preclinical data from the company s first bispecific program, XTX50 1, a t umor-activated PD-1/IL-2 bispecific development candidate , at th",0.75,True,2026-07-12T22:01:27Z,AACR,unspecified,observed,2.0
XLO,1840233,"Xilio Therapeutics, Inc.  (XLO)  (CIK 0001840233)",ConferencePresentation,2025-06-02,day,,,sec_edgar,https://www.sec.gov/Archives/edgar/data/1840233/000119312525132710/d91295d8k.htm,umab in patients with metastatic microsatellite stable colorectal cancer. These data were presented in a poster presentation at the 2025 American Society of Clinical Oncology (ASCO) Annual Meeting. The full text of the press release is file,0.75,True,2026-07-12T21:58:39Z,ASCO,poster,observed,2.0
XLO,1840233,"Xilio Therapeutics, Inc.  (XLO)  (CIK 0001840233)",ConferencePresentation,2025-11-07,day,,,sec_edgar,https://www.sec.gov/Archives/edgar/data/1840233/000119312525278835/xlo-ex99_1.htm,d patients with MSS mCRC without liver metastases and high plasma tumor mutational burden Presented Phase 1 data at SITC for efarindodekin alfa showing promising monotherapy anti-tumor activity and generally well-tolerated safety profi,0.75,True,2026-07-12T22:13:17Z,SITC,late-breaking,observed,2.0
XLO,1840233,"Xilio Therapeutics, Inc.  (XLO)  (CIK 0001840233)",ConferencePresentation,2026-04-21,day,,,sec_edgar,https://www.sec.gov/Archives/edgar/data/1840233/000119312526218194/xlo-ex99_1.htm,"e second half of 2026 for XTX501, a potential best-in-class bispecific PD-1 / masked IL-2 Presented new preclinical data for XTX601, a potential first-in-class masked T cell engager targeting CLDN18.2, at the AACR annual meeting Advancing p",0.75,True,2026-07-12T22:10:37Z,AACR,unspecified,observed,2.0
XNCR,1326732,Xencor Inc  (XNCR)  (CIK 0001326732),ConferencePresentation,2024-09-16,day,,,sec_edgar,https://www.sec.gov/Archives/edgar/data/1326732/000132673224000059/xncr-20241106xexx991.htm,"rst-in-class STEAP1 x CD3 XmAb 2+1 bispecific T-cell engager, in patients with mCRPC were presented at the European Society for Medical Oncology (ESMO) Congress in September 2024. With a median follow-up time of 27.9 months, the median over",0.75,True,2026-07-12T22:04:31Z,ESMO,unspecified,observed,2.0
XNCR,1326732,Xencor Inc  (XNCR)  (CIK 0001326732),ConferencePresentation,2025-10-24,day,,,sec_edgar,https://www.sec.gov/Archives/edgar/data/1326732/000132673225000086/xncr-20251105xexx991.htm,"NCI-EORTC Conference on Molecular Targets and Cancer Therapeutics in October 2025, Xencor presented initial results from the ongoing Phase 1 dose-escalation study of XmAb819. As of the data cut-off, 69 patients had received XmAb819 across 1",0.75,True,2026-07-12T22:07:24Z,ENA,unspecified,observed,2.0
XNCR,1326732,Xencor Inc  (XNCR)  (CIK 0001326732),ConferencePresentation,2026-04-21,day,,,sec_edgar,https://www.sec.gov/Archives/edgar/data/1326732/000132673226000042/xncr-20260506xexx991.htm,"s a bispecific antibody designed to provide conditional co-stimulation of T cells. Xencor presented a poster characterizing preclinical combinations of XmAb808 with multiple CD3 T cell engaging bispecific antibodies, including XmAb541, at t",0.75,True,2026-07-12T22:10:32Z,AACR,poster,observed,2.0
XNCR,1326732,Xencor Inc  (XNCR)  (CIK 0001326732),ConferencePresentation,2026-05,month,,,sec_edgar,https://www.sec.gov/Archives/edgar/data/1326732/000132673226000014/xncr-20260225xexx991.htm,"pRCC open to enrollment on track to present clinical data to support a recommended Phase 3 dose in ccRCC in 2H26 -- -- Final results from healthy-volunteer study of Xmb942, Xtend TL1A",0.55,True,2026-07-12T22:18:35Z,DDW,unspecified,projected,2.0
ZLAB,1704292,Zai Lab Ltd  (ZLAB)  (CIK 0001704292),ConferencePresentation,2024-05-23,day,,,sec_edgar,https://www.sec.gov/Archives/edgar/data/1704292/000162828024021674/zlab-20240508x8kex991.htm,"e care alone (21.9 months median versus 11.3 months, respectively). These results will be presented as a late-breaking abstract at the 2024 American Society of Clinical Oncology (ASCO) Annual Meeting in Chicago on June 3. We are participati",0.75,True,2026-07-12T22:02:24Z,ASCO,late-breaking,observed,2.0
ZLAB,1704292,Zai Lab Ltd  (ZLAB)  (CIK 0001704292),ConferencePresentation,2025-06-02,day,,,sec_edgar,https://www.sec.gov/Archives/edgar/data/1704292/000162828025038547/zlab-202587x8kex991.htm,"on track to achieve profitability 1 in the fourth quarter of 2025 ZL-1310 (DLL3 ADC) data presented at ASCO 2025 showed a 67% ORR across all doses (n 33) and 79% at 1.6mg kg (n 14) in 2L ES-SCLC, with a differentiated safety profile registr",0.75,True,2026-07-12T22:02:31Z,ASCO,unspecified,observed,2.0
ZNTL,1725160,"Zentalis Pharmaceuticals, Inc.  (ZNTL)  (CIK 0001725160)",ConferencePresentation,2024-05-23,day,,,sec_edgar,https://www.sec.gov/Archives/edgar/data/1725160/000172516025000104/zntl_q12025earningspr.htm,"logy Summer Meeting - July 24 to 26 in Washington, D.C. Zentalis plans to participate and present in the following investor events H.C. Wainwright 3rd Annual BioConnect Investor Conference May 20 in N",0.75,True,2026-07-12T22:00:16Z,ASCO,unspecified,observed,2.0
ZNTL,1725160,"Zentalis Pharmaceuticals, Inc.  (ZNTL)  (CIK 0001725160)",ConferencePresentation,2025-04-25,day,,,sec_edgar,https://www.sec.gov/Archives/edgar/data/1725160/000172516025000082/zntl-20250427.htm,"-99.4 to this Current Report on Form 8-K, and incorporated herein by reference, are being presented at the 2025 American Association for Cancer Research (""AACR"") Annual Meeting, taking place April 25-30, 2025, in Chicago, IL. The informatio",0.75,True,2026-07-12T22:09:17Z,AACR,unspecified,observed,2.0
ZNTL,1725160,"Zentalis Pharmaceuticals, Inc.  (ZNTL)  (CIK 0001725160)",ConferencePresentation,2025-06-02,day,,,sec_edgar,https://www.sec.gov/Archives/edgar/data/1725160/000172516025000119/zntl-20250531.htm,"xhibit 99.1 to this Current Report on Form 8-K, and incorporated herein by reference, was presented at the 2025 American Society of Clinical Oncology (""ASCO"") Annual Meeting on May 31, 2025. The information contained in Item 7.01 of this Cu",0.75,True,2026-07-12T21:58:29Z,ASCO,poster,observed,2.0
ZNTL,1725160,"Zentalis Pharmaceuticals, Inc.  (ZNTL)  (CIK 0001725160)",ConferencePresentation,2026-04-21,day,,,sec_edgar,https://www.sec.gov/Archives/edgar/data/1725160/000172516026000041/zntlq12026pressrelease.htm,on a PARP inhibitor. Medical Meeting Presentations Supporting Pipeline Strategy AACR 2026 Presented two posters at the American Association for Cancer Research (AACR) Annual Meeting featuring (1) compelling preclinical data showing azenoser,0.75,True,2026-07-12T22:01:57Z,AACR,unspecified,observed,2.0
ZNTL,1725160,"Zentalis Pharmaceuticals, Inc.  (ZNTL)  (CIK 0001725160)",ConferencePresentation,2026-06-02,day,,,sec_edgar,https://www.sec.gov/Archives/edgar/data/1725160/000172516026000045/zntl-20260521.htm,"s, Inc. (the Company ) announced that data from Part 1 of the Phase 1b MUIR trial will be presented at the 2026 American Society of Clinical Oncology (""ASCO"") Annual Meeting, being held May 29 June 2, 2026, in Chicago, Illinois. MUIR is a m",0.75,True,2026-07-12T21:59:43Z,ASCO,unspecified,observed,2.0
ZURA,1855644,Zura Bio Ltd  (ZURA)  (CIK 0001855644),ConferencePresentation,2024-03-11,day,,,sec_edgar,https://www.sec.gov/Archives/edgar/data/1855644/000110465925027815/tm2510350d1_ex99-1.htm,"ilable at: https://classic.clinicaltrials.gov/ct2/show/NCT03827798 (Accessed 6 Mar 2024). Presented at the American Academy of Dermatology Annual Meeting; March 8 12, 2024; San Diego, CA. Adult patients aged 18 65 years Moderate to severe H",0.75,True,2026-07-12T22:19:56Z,AAD,unspecified,observed,2.0
ZYME,0001937653,Zymeworks Inc.  (ZYME)  (CIK 0001937653),ConferencePresentation,2023-06-05,day,,,sec_edgar,https://www.sec.gov/Archives/edgar/data/1937653/000119312524263398/d769907dex991.htm,"irmed objective response rate (cORR) by independent central review (ICR) and results were presented at the American Society of Clinical Oncology (ASCO) Annual Meeting 2023 , published in The Lancet Oncology , and included in the 2023 Best o",0.75,True,2026-07-24T12:06:40Z,ASCO,unspecified,observed,
ZYME,1937653,Zymeworks Inc.  (ZYME)  (CIK 0001937653),ConferencePresentation,2024-04-09,day,,,sec_edgar,https://www.sec.gov/Archives/edgar/data/1937653/000193765324000017/ex991q42023earningsrelease.htm,ons or foreign equivalents in 2024 for ZW191 and ZW171 Acceptance of five abstracts to be presented at American Association for Cancer Research (AACR) in April 2024 to highlight R D pipeline Will host conference call with management today a,0.75,True,2026-07-12T22:09:28Z,AACR,unspecified,observed,2.0
ZYME,1937653,Zymeworks Inc.  (ZYME)  (CIK 0001937653),ConferencePresentation,2024-05-23,day,,,sec_edgar,https://www.sec.gov/Archives/edgar/data/1937653/000193765324000039/exhibit991q2_2024xpressxre.htm,ll survival (OS) findings from the Phase 2b HERIZON-BTC-01 clinical trial for zanidatamab presented at the American Society of Clinical Oncology (ASCO) annual meeting by our partner Jazz Appointment of Leone Patterson as Executive Vice Pres,0.75,True,2026-07-12T22:02:19Z,ASCO,unspecified,observed,2.0
ZYME,1937653,Zymeworks Inc.  (ZYME)  (CIK 0001937653),ConferencePresentation,2025-04-25,day,,,sec_edgar,https://www.sec.gov/Archives/edgar/data/1937653/000193765325000026/ex991q12025_earningsxrelea.htm,"ks Provides Corporate Update and Reports First Quarter 2025 Financial Results Six posters presented at the American Association for Cancer Research (AACR) annual meeting Appointment of Dr. Sabeen Mekan as Senior Vice President, Clinical Dev",0.75,True,2026-07-12T22:02:13Z,AACR,unspecified,observed,2.0
ZYME,1937653,Zymeworks Inc.  (ZYME)  (CIK 0001937653),ConferencePresentation,2025-06-02,day,,,sec_edgar,https://www.sec.gov/Archives/edgar/data/1937653/000193765325000047/ex991q22025_earningsxrelea.htm,"ation (150 mg mL), supporting potential for subcutaneous administration. In June 2025, we presented a trial in progress poster for ZW171 at the American Society of Clinical Oncology (ASCO) Annual Meeting. The study employs a subcutaneous st",0.75,True,2026-07-12T22:02:22Z,ASCO,poster,observed,2.0
ZYME,1937653,Zymeworks Inc.  (ZYME)  (CIK 0001937653),ConferencePresentation,2025-10-24,day,,,sec_edgar,https://www.sec.gov/Archives/edgar/data/1937653/000193765325000076/ex991q32025_earningsxrelea.htm,"l clinical data from the Phase 1 trial of ZW191 (NCT06555744), an ADC targeting FR , were presented at the AACR-NCI-EORTC Conference on Molecular Targets and Cancer Therapeutics. As of the September 2025 data cut, objective response rates b",0.75,True,2026-07-12T22:27:38Z,ENA,unspecified,observed,2.0
ZYME,1937653,Zymeworks Inc.  (ZYME)  (CIK 0001937653),ConferencePresentation,2026-01-08,day,,,sec_edgar,https://www.sec.gov/Archives/edgar/data/1937653/000119312526010480/d97670dex991.htm,nidatamab-hrii) in first-line HER2-positive (HER2+) gastroesophageal adenocarcinoma (GEA) presented at ASCO GI Up to $440.0 million in milestone payments eligible to be earned related to regulatory approvals of Ziihera in GEA in the United,0.75,True,2026-07-12T22:14:34Z,ASCO-GI,unspecified,observed,2.0
ZYME,1937653,Zymeworks Inc.  (ZYME)  (CIK 0001937653),ConferencePresentation,2026-04-21,day,,,sec_edgar,https://www.sec.gov/Archives/edgar/data/1937653/000193765326000033/ex991q12026_earningsxrelea.htm,"with fluoropyrimidine- and platinum-based chemotherapy ( ) TEVIMBRA, for this indication. Presented new data from our Phase 1 trial of ZW191 at AACR, continuing to support best-in-class potential in ovarian and endometrial cancers Presented",0.75,True,2026-07-12T22:11:09Z,AACR,unspecified,observed,2.0
