# pdufa.bio conference run-up study, 1,425 presentations 2017-2026. License: CC BY 4.0. Tier column is point-in-time market cap. Returns in percent, anchored on the meeting start date. Not investment advice.
ticker,company,conf,year,cap_tier_pit,runup_30d,runup_20d,runup_10d,runup_5d,event_day,post_5d,post_10d
MRK,Merck & Company Inc.,ASCO,2024,large,4.25,-0.08,0.79,-0.08,-3.81,-2.04,0.31
IMCR,Immunocore Holdings plc,ASCO,2024,mid,-14.67,-21.44,-13.9,-2.65,-8.5,-10.77,-17.66
GILD,Gilead Sciences Inc.,ASCO,2024,large,-3.14,-1.91,-5.57,-3.16,-1.01,0.97,1.53
KALV,KalVista Pharmaceuticals Inc.,AAAAI,2024,,-2.17,-7.56,-6.79,-0.35,7.64,3.82,7.29
NVS,Novartis AG,ASCO,2024,large,8.78,3.45,-1.94,-0.41,2.05,4.6,4.99
INDP,Indaptus Therapeutics Inc.,ASCO,2024,nano,-11.83,13.36,15.49,4.68,0.81,2.44,-1.63
ABBV,AbbVie Inc.,ASCO,2024,large,-2.85,-2.76,-2.62,-4.56,-1.45,3.23,6.77
MRUS,Merus N.V.,UNKNOWN,2024,,45.36,32.99,30.84,37.5,-9.98,-16.05,-4.8
GMAB,Genmab A/S,UNKNOWN,2024,,-5.12,-2.0,-3.98,-5.69,-0.04,1.79,-2.43
BCTX,BriaCell Therapeutics Corp.,ASCO,2024,nano,-42.57,-34.1,-36.44,2.88,-4.2,6.99,-2.8
CGON,"CG Oncology, Inc.",ASCO,2024,small,-24.55,-26.85,5.23,0.03,8.14,20.11,17.44
ERAS,Erasca Inc.,ASCO,2024,small,40.78,17.76,27.92,-4.18,3.57,-9.52,-20.63
GMAB,Genmab A/S,ASCO,2024,,0.27,4.23,1.73,-2.13,-4.53,-1.74,-4.84
CHRS,Coherus Oncology Inc.,ASCO,2024,micro,-9.87,-1.47,5.79,-5.19,-6.47,-12.44,-13.43
IDYA,IDEAYA Biosciences Inc.,ASCO,2024,mid,-8.39,-3.73,-6.61,-5.06,-2.39,1.14,-0.31
INCY,Incyte Corporation,ASCO,2024,large,6.69,11.16,8.27,0.61,-0.35,2.35,3.39
BNTX,BioNTech SE,ASCO,2024,large,14.48,13.52,8.0,9.26,-4.95,3.91,-1.03
NUVB,Nuvation Bio Inc. Class A,ASCO,2024,small,3.7,14.93,-5.23,-7.23,-3.9,-11.69,-5.84
COGT,Cogent Biosciences Inc.,ASCO,2024,small,22.6,33.61,1.39,7.5,2.37,-0.25,4.48
BCYC,Bicycle Therapeutics plc,ASCO,2024,small,-4.8,-4.88,-9.16,-3.43,7.52,3.59,7.56
BMY,Bristol-Myers Squibb Company,ASCO,2024,large,-13.8,-5.28,-5.36,-4.01,-2.6,-2.95,-2.03
EVGN,Evogene Ltd.,ASCO,2024,nano,-0.54,12.29,5.71,13.85,10.81,0.68,-6.08
KPTI,Karyopharm Therapeutics Inc.,ASCO,2024,micro,-17.15,-14.22,-15.71,-7.68,-4.33,-0.28,0.34
MRUS,Merus N.V.,ASCO,2024,,33.74,10.09,21.25,-11.25,-5.41,0.17,4.75
AZN,AstraZeneca PLC,ASCO,2024,,12.91,3.04,-0.95,-3.36,1.67,3.64,3.15
DSNKY,"Daiichi Sankyo Co., Ltd. ADR",ASCO,2024,,17.23,-1.34,-0.31,2.17,-1.67,4.18,-2.71
GMAB,Genmab A/S,ASCO,2024,,-1.74,-5.11,-5.94,0.71,1.06,-0.99,-8.58
AFMD,Affimed N.V.,ASCO,2024,,-15.53,-19.74,-17.14,3.82,53.56,40.69,54.94
NKGN,NKGen Biotech Inc.,ASCO,2024,,39.06,-10.1,42.4,57.52,-20.22,-6.18,-18.54
NUVB,Nuvation Bio Inc. Class A,ASCO,2024,small,19.23,-3.73,-6.63,0.65,-15.81,-6.45,-5.48
INAB,IN8bio Inc.,ASCO,2024,micro,15.53,19.0,15.53,17.82,3.36,10.08,-15.97
CYCC,Cyclacel Pharmaceuticals Inc.,ASCO,2024,,48.31,32.0,15.28,28.78,-17.8,-28.79,-38.26
CRBP,Corbus Pharmaceuticals Holdings Inc.,ASCO,2024,small,9.07,10.39,-4.89,-4.93,10.07,2.5,3.29
MOLN,Molecular Partners AG,ASCO,2024,micro,-8.86,-9.55,-4.76,-5.26,8.06,22.22,102.5
BDTX,Black Diamond Therapeutics Inc.,ASCO,2024,micro,-9.13,-31.32,-1.85,-2.25,0.84,6.9,14.44
BGNE,BeiGene Ltd.,ASCO,2024,,14.92,-8.26,-13.88,-2.53,4.19,4.85,7.07
ONC,BeOne Medicines Ltd.,ASCO,2024,large,14.92,-8.26,-13.88,-2.53,4.19,4.85,7.07
CGEN,Compugen Ltd.,ASCO,2024,micro,14.21,2.84,2.84,-11.07,-2.76,-6.45,-9.68
LLY,Eli Lilly and Company,ASCO,2024,large,12.95,11.62,6.54,1.6,1.49,5.44,7.88
INAB,IN8bio Inc.,ASGCT,2024,nano,-12.17,-0.98,2.02,1.2,2.97,0.99,3.96
HOWL,Werewolf Therapeutics Inc.,ASCO,2024,micro,-3.55,-21.26,-12.21,0.2,-0.2,5.73,-28.63
MURA,Mural Oncology plc,ASCO,2024,,-12.33,6.8,-0.79,-3.08,-4.77,-10.88,-11.14
XOMA,XOMA Royalty Corporation,ASCO,2024,micro,-3.82,-0.63,6.37,-1.79,-1.15,2.34,-4.56
ALKS,Alkermes plc,ASCO,2024,mid,-3.12,-0.94,-0.21,-1.02,-0.78,-3.35,-1.24
ZNTL,Zentalis Pharmaceuticals Inc.,ASCO,2024,small,-10.66,9.01,-4.31,0.17,-5.93,-0.83,-11.35
INDP,Indaptus Therapeutics Inc.,ASCO,2024,nano,-6.75,0.0,13.53,3.52,0.43,5.53,11.91
CNTB,Connect Biopharma Holdings Limited,ATS,2024,micro,-4.84,29.2,22.07,-2.75,1.69,-11.3,-7.34
ARWR,Arrowhead Pharmaceuticals Inc.,ATS,2024,mid,-3.62,3.55,-1.55,12.28,1.01,-3.43,2.1
AMGN,Amgen Inc.,ATS,2024,large,16.07,14.92,4.34,1.3,0.76,-3.93,-1.63
MRUS,Merus N.V.,UNKNOWN,2024,,-1.15,7.87,-1.31,-5.96,0.56,-2.0,23.25
GMAB,Genmab A/S,UNKNOWN,2024,,-4.72,-2.27,0.95,-0.65,2.39,2.95,-2.88
MRK,Merck & Company Inc.,ASCO,2024,large,3.92,0.29,0.67,0.17,-1.23,-4.24,-0.33
IMMX,Immix Biopharma Inc.,ASGCT,2024,micro,-28.99,-21.01,2.35,-7.23,-0.92,13.3,3.21
FATE,Fate Therapeutics Inc.,ASGCT,2024,small,-49.59,-37.82,-4.39,-9.76,10.27,11.89,-7.3
FDMT,4D Molecular Therapeutics Inc.,ARVO,2024,small,-26.6,-4.95,11.9,-0.19,-2.39,-2.62,-4.48
REGN,Regeneron Pharmaceuticals Inc.,ASGCT,2024,large,0.67,3.61,7.0,7.36,-0.2,0.85,1.43
ANNX,Annexon Inc.,ARVO,2024,small,-27.56,-22.79,8.33,5.71,1.25,0.21,-0.21
VTRS,Viatris Inc.,ARVO,2024,large,-0.51,0.26,4.71,0.0,-0.51,-3.57,-6.03
ACRV,Acrivon Therapeutics Inc.,ACR,2024,micro,96.79,55.13,-5.49,-5.03,-13.75,-16.19,-16.19
NRSN,NeuroSense Therapeutics Ltd.,AAN,2024,nano,-23.08,-4.19,-22.33,-4.76,-11.25,-21.25,-20.63
PBLA,Panbela Therapeutics Inc.,AACR,2024,,-53.51,-22.83,-9.95,-11.03,-18.6,-14.73,-26.1
PFE,Pfizer Inc.,ASCO,2024,large,12.38,17.18,5.04,2.35,-2.43,-3.18,-3.45
BPMC,Blueprint Medicines Corporation,ASCO,2024,,11.34,13.2,-5.2,-3.69,0.1,2.77,0.61
HOOK,HOOKIPA Pharma Inc.,ASCO,2024,,21.74,21.59,22.5,20.84,-18.37,-18.98,-16.43
GMAB,Genmab A/S,UNKNOWN,2024,,0.24,8.56,3.47,0.54,-6.07,-5.4,-6.84
MRUS,Merus N.V.,UNKNOWN,2024,,0.72,-3.41,-3.81,-3.6,38.23,22.67,21.89
IOVA,Iovance Biotherapeutics Inc.,ASCO,2024,mid,-21.68,-10.49,-23.2,-0.96,-3.1,-14.04,-24.69
NBP,NovaBridge Biosciences,ASCO,2024,small,-2.76,-2.76,-2.76,-0.56,-0.57,-5.68,6.82
MOLN,Molecular Partners AG,ASCO,2024,micro,-2.81,-2.06,2.7,-1.81,0.0,-5.26,7.11
CGEM,Cullinan Therapeutics Inc.,ASCO,2024,small,33.22,20.21,-14.83,-2.81,4.28,1.56,-3.2
ELTX,Elicio Therapeutics Inc.,ASCO,2024,micro,-10.41,-2.64,-6.74,-5.54,-5.08,-10.84,-11.63
XLO,Xilio Therapeutics Inc.,ASCO,2024,nano,-15.44,13.86,-8.73,6.48,-8.7,-6.09,-8.7
REGN,Regeneron Pharmaceuticals Inc.,ASCO,2024,large,6.9,10.45,1.63,1.63,0.12,-0.37,1.95
BNTX,BioNTech SE,ASCO,2024,large,17.57,17.98,11.12,10.02,-5.23,-1.66,-1.92
PBYI,Puma Biotechnology Inc,ASCO,2024,micro,-22.95,-13.32,-11.69,-4.08,-5.44,-8.98,-16.55
CUE,Cue Biopharma Inc.,ASCO,2024,micro,8.52,35.46,-0.52,9.77,-14.66,-14.66,-22.51
CADL,Candel Therapeutics Inc.,ASCO,2024,small,45.33,64.54,6.12,-16.69,-26.28,-15.88,-32.42
AFMD,Affimed N.V.,ASCO,2024,,-18.78,-1.64,-8.4,-11.76,-12.71,-9.38,27.92
AGEN,Agenus Inc.,ASCO,2024,micro,34.27,43.49,1.62,13.43,14.36,31.74,39.38
EVAX,Evaxion A/S,ASCO,2024,micro,-2.06,-7.52,1.06,-0.52,6.04,-3.67,-11.02
KYMR,Kymera Therapeutics Inc.,EHA,2024,mid,-3.94,-2.05,8.6,5.79,-8.75,-9.81,-11.24
COGT,Cogent Biosciences Inc.,EHA,2024,small,23.18,20.21,12.11,7.03,-2.0,-1.0,-0.45
SNDX,Syndax Pharmaceuticals Inc.,EHA,2024,small,-5.31,-1.05,7.42,6.15,-3.96,-4.35,4.01
EDIT,Editas Medicine Inc.,EHA,2024,small,-2.31,-6.79,5.58,3.58,-7.65,-7.47,-16.03
GILD,Gilead Sciences Inc.,EHA,2024,large,-2.71,-6.34,-1.1,-1.76,1.12,11.28,7.99
BEAM,Beam Therapeutics Inc.,EHA,2024,mid,11.09,6.09,5.96,8.75,-4.79,-1.62,-8.68
BPTH,Bio-Path Holdings Inc.,EHA,2024,nano,-24.81,-14.53,-2.91,-19.35,19.5,6.5,-3.0
HCM,HUTCHMED (China) Limited,EHA,2024,large,-4.7,-11.07,0.59,4.95,-4.08,-3.38,-5.79
GLPG,Galapagos NV,EHA,2024,,-12.67,-12.96,-7.55,-3.89,0.08,1.79,-2.76
AUTL,Autolus Therapeutics plc,EHA,2024,small,10.22,11.3,8.11,13.25,-4.86,-17.88,-23.4
MBRX,Moleculin Biotech Inc.,EHA,2024,nano,-15.53,-13.52,-8.81,0.69,-9.43,-17.01,-20.69
STTK,Shattuck Labs Inc.,EHA,2024,small,-38.38,-12.76,-7.32,-2.56,-27.19,-42.11,-41.67
ZURA,Zura Bio Limited,EULAR,2024,micro,-14.45,-37.83,-28.95,-6.98,0.0,-9.38,-2.68
TNXP,Tonix Pharmaceuticals Holding Corp.,EULAR,2024,nano,-80.09,-81.24,-79.09,-67.28,2.75,9.17,-32.84
KROS,Keros Therapeutics Inc.,EHA,2024,small,-13.31,-8.32,5.61,1.66,-9.94,-6.1,-11.58
TAK,Takeda Pharmaceutical Company Limited American Depositary Shares (each representing 1/2 of a share of),EHA,2024,large,-1.43,-1.73,-2.02,-2.9,0.69,-1.53,-0.61
IRON,Disc Medicine Inc.,EHA,2024,small,35.03,22.68,15.35,0.1,14.56,14.86,18.67
SNY,Sanofi,EHA,2024,large,-3.18,-1.16,1.28,-2.16,-4.52,-2.54,0.17
IPHA,Innate Pharma S.A.,EHA,2024,micro,-2.36,-1.2,-9.82,-6.77,-5.24,-13.71,-21.77
NVO,Novo Nordisk A/S,EASL,2024,,12.64,11.26,5.03,5.35,-0.76,-1.76,2.82
RHHBY,Roche Holding AG ADR,EASL,2024,,10.91,8.4,6.17,3.74,-0.12,3.07,6.02
CMMB,Chemomab Therapeutics Ltd.,EASL,2024,small,92.54,77.93,53.57,21.7,-20.93,-10.85,-27.91
IMMP,Immutep Limited,ESMO,2024,mid,-33.11,-26.2,-27.8,1.01,15.5,-3.0,6.5
PHGE,BiomX Inc.,ERS,2024,micro,-46.88,-37.37,-13.14,-2.46,-9.24,-17.2,-8.4
MRK,Merck & Company Inc.,ESMO,2024,large,-5.92,2.87,1.06,-0.51,-2.13,0.1,-1.88
AMGN,Amgen Inc.,WCLC,2024,large,-4.27,-0.6,-2.51,-3.98,2.61,4.59,4.69
SVRA,Savara Inc.,ERS,2024,small,-0.9,11.06,1.14,3.51,-0.45,-2.26,4.3
SMMT,Summit Therapeutics Inc.,WCLC,2024,mid,6.23,13.82,-6.19,-5.47,87.2,140.26,78.57
KALV,KalVista Pharmaceuticals Inc.,AAAAI,2024,,-10.56,-1.38,3.62,-1.0,-7.77,-13.44,-18.49
CATX,Isoray. (DE),ASCO-GI,2024,small,20.56,-2.59,-4.91,0.33,6.32,17.8,31.2
CGTX,Cognition Therapeutics Inc.,AAIC,2024,micro,7.73,42.77,23.44,26.06,-53.59,-72.32,-76.01
CRVO,CervoMed Inc.,AAIC,2024,micro,-29.0,-18.05,-22.1,-8.42,-1.0,-4.99,-13.54
OCUL,Ocular Therapeutix Inc.,ASRS,2024,small,50.94,45.72,19.58,5.26,-1.88,3.5,0.88
MRUS,Merus N.V.,UNKNOWN,2024,,22.9,-0.69,-2.74,-9.85,4.41,8.92,4.57
GMAB,Genmab A/S,UNKNOWN,2024,,-14.32,-10.54,-1.88,1.63,0.39,3.92,8.85
RPTX,Repare Therapeutics Inc.,ESMO,2024,,-7.84,4.6,-10.26,-6.06,-0.88,-6.74,4.11
NVO,Novo Nordisk A/S,ISTH,2024,,10.34,4.71,-0.64,-0.38,3.49,2.44,-1.08
TAK,Takeda Pharmaceutical Company Limited American Depositary Shares (each representing 1/2 of a share of),ISTH,2024,large,-5.76,-3.23,-6.46,-3.82,3.02,3.17,4.37
XOMA,XOMA Royalty Corporation,ISTH,2024,micro,3.21,-2.51,1.66,-3.28,0.29,1.84,0.45
AGIO,Agios Pharmaceuticals Inc.,EHA,2024,mid,27.71,28.45,0.64,-6.59,-3.51,1.31,-4.67
DCOY,Decoy Therapeutics Inc.,EHA,2024,nano,-15.71,-14.65,-11.52,1.2,-11.54,-27.51,-34.91
NRIX,Nurix Therapeutics Inc.,EHA,2024,small,18.78,-8.5,-5.42,-0.91,21.48,37.02,24.7
PTGX,Protagonist Therapeutics Inc.,EHA,2024,mid,34.49,7.55,22.02,-1.29,-5.47,-6.81,2.47
CRNX,Crinetics Pharmaceuticals Inc.,ENDO,2024,mid,3.35,-5.91,-13.6,-6.45,6.58,1.35,0.68
LUMO,Lumos Pharma Inc.,ENDO,2024,,-13.13,-23.99,-11.42,-8.16,0.89,7.11,2.22
SWTX,SpringWorks Therapeutics Inc.,ASCO,2024,,3.39,-8.09,-7.54,-2.17,-6.15,-3.59,-11.55
MRNA,Moderna Inc.,ASCO,2024,large,40.57,14.04,7.26,-14.44,1.96,4.24,-3.26
GMAB,Genmab A/S,ASCO,2024,,-1.74,-5.11,-5.94,0.71,1.06,-0.99,-8.58
GSK,GSK plc American Depositary Shares (Each representing two),ASCO,2024,large,12.63,2.92,-0.47,-0.78,-7.64,-7.77,-9.18
MRK,Merck & Company Inc.,ASCO,2024,large,-0.19,-1.54,-4.31,-3.05,2.53,4.74,1.56
REPL,Replimune Group Inc.,ASCO,2024,small,-18.29,-24.17,-18.17,0.96,-3.8,70.78,48.2
PFE,Pfizer Inc.,ASCO,2024,large,10.23,3.06,0.07,-0.76,2.9,-2.06,-5.86
PPBT,Purple Biotech Ltd.,ASCO,2024,micro,77.47,52.36,45.76,8.39,-23.22,-31.85,-33.13
GILD,Gilead Sciences Inc.,ASCO,2024,large,-3.73,-0.79,-5.09,-2.15,-0.17,1.52,0.0
ERAS,Erasca Inc.,ASCO,2024,small,40.78,17.76,27.92,-4.18,3.57,-9.52,-20.63
ADAP,Adaptimmune Therapeutics plc,ASCO,2024,,15.7,-5.04,1.8,7.62,-10.62,-7.96,-17.08
RYTM,Rhythm Pharmaceuticals Inc.,ENDO,2024,mid,-6.13,-18.46,-6.01,-2.94,8.13,14.94,15.36
RCUS,Arcus Biosciences Inc.,ASCO,2024,small,3.29,-4.01,-10.83,-6.51,6.17,6.77,7.5
AMGN,Amgen Inc.,ASCO,2024,large,13.73,-1.75,-2.12,0.0,0.5,-0.37,-0.84
CRBU,Caribou Biosciences Inc.,ASCO,2024,micro,-25.19,-23.61,-15.04,-3.03,-24.65,-34.72,-39.24
FLGT,Fulgent Genetics Inc.,ASCO,2024,small,1.42,-3.95,-6.6,-3.46,0.58,-1.36,-5.47
NBTX,Nanobiotix S.A.,ASCO,2024,small,30.13,15.41,-2.63,6.67,-6.25,-20.17,-31.39
MNOV,MediciNova Inc.,ASCO,2024,micro,-2.16,3.82,-4.23,1.49,2.94,-2.21,-2.21
BRNS,Barinthus Biotherapeutics plc American Depositary Shares,EASL,2024,micro,-25.88,-16.74,-12.09,-9.57,0.53,0.53,-33.86
ABUS,Arbutus Biopharma Corporation,EASL,2024,small,21.45,17.61,4.05,-0.6,0.0,-2.69,-11.68
VIR,Vir Biotechnology Inc.,EASL,2024,small,30.14,6.55,3.62,4.75,13.23,-0.95,-15.41
ALNY,Alnylam Pharmaceuticals Inc.,EASL,2024,large,2.53,-2.96,0.09,1.93,-0.31,6.2,5.1
GILD,Gilead Sciences Inc.,EASL,2024,large,-4.28,-1.99,-4.65,1.04,-0.48,0.28,6.75
AVIR,Atea Pharmaceuticals Inc.,EASL,2024,small,1.07,-4.31,4.43,6.8,0.8,0.27,-9.28
ALT,Altimmune Inc.,EASL,2024,small,-2.51,1.51,-4.16,7.74,-8.81,-13.55,-19.51
CUE,Cue Biopharma Inc.,ASCO,2024,micro,5.1,-20.67,-11.76,1.85,0.0,-10.91,-18.18
BMY,Bristol-Myers Squibb Company,ASCO,2024,large,-15.0,-4.85,-3.67,3.16,-1.27,2.99,-2.3
AZN,AstraZeneca PLC,ASCO,2024,,14.2,6.88,2.47,-0.04,1.05,1.62,0.23
ATRA,Atara Biotherapeutics Inc.,ASCO,2024,micro,-17.1,-8.25,-18.59,-5.49,0.21,-2.77,-31.7
VIGL,Vigil Neuroscience Inc.,AAN,2024,,-6.77,3.06,-6.77,-5.02,-9.24,-8.58,-12.54
ALXO,ALX Oncology Holdings Inc.,ASCO,2024,small,-31.86,-30.79,-25.19,-19.29,-21.26,-18.44,-30.57
SPRB,Spruce Biosciences Inc.,ENDO,2024,nano,5.87,-0.39,-1.19,6.17,-5.94,-7.02,-11.87
PGEN,Precigen Inc.,ASCO,2024,small,5.26,-1.41,1.45,2.94,17.86,21.43,16.43
BCTX,BriaCell Therapeutics Corp.,ASCO,2024,nano,-16.34,-25.22,21.58,17.36,-17.16,-17.75,-12.43
HURA,TuHURA Biosciences Inc.,ASCO,2024,large,155.9,105.49,116.57,84.52,-28.11,-31.89,-42.3
KTRA,TuHURA Biosciences Inc.,ASCO,2024,,155.53,104.91,117.2,84.69,-28.18,-31.95,-42.36
ENTX,Entera Bio Ltd.,ENDO,2024,micro,13.07,4.17,-7.79,-3.02,-6.67,-9.33,-8.0
ALNY,Alnylam Pharmaceuticals Inc.,AASLD,2023,large,-9.54,-3.2,6.92,-3.15,5.0,2.08,-0.33
CYBN,Cybin Inc.,ACNP,2023,,-7.31,-21.51,-0.93,-11.92,-3.88,-10.35,-10.59
OLMA,Olema Pharmaceuticals Inc.,SABCS,2023,small,39.91,1.33,-4.39,12.55,-23.15,-18.36,-11.34
STOK,Stoke Therapeutics Inc.,AES,2023,micro,2.43,-8.01,-9.11,-5.72,10.82,25.86,35.09
BGNE,BeiGene Ltd.,ASH,2023,,5.19,-1.96,-7.99,-2.62,0.09,0.65,-1.85
ONC,BeOne Medicines Ltd.,ASH,2023,large,5.19,-1.96,-7.99,-2.62,0.09,0.65,-1.85
VBIV,VBI Vaccines Inc.,SNO,2023,,2.5,22.27,2.48,-6.68,13.82,-0.81,1.46
ARWR,Arrowhead Pharmaceuticals Inc.,AHA,2023,mid,2.7,1.7,16.11,0.11,1.63,7.2,7.27
NVO,Novo Nordisk A/S,AHA,2023,,10.23,0.04,4.97,0.11,-1.97,2.37,0.24
STRO,Sutro Biopharma Inc.,ESMO,2023,micro,-40.57,-43.94,-19.38,-22.39,13.94,33.17,9.62
IPSEY,Ipsen ADR,AASLD,2023,,-15.22,-12.79,-7.98,-5.69,2.56,4.69,1.19
GNFT,GENFIT S.A.,AASLD,2023,,3.94,2.78,3.6,0.71,4.85,1.76,0.22
PLRX,Pliant Therapeutics Inc.,AASLD,2023,small,-13.83,-10.19,-0.86,-10.49,-4.77,3.83,2.39
LPCN,Lipocine Inc.,AASLD,2023,nano,-11.66,-10.39,5.93,-3.85,7.4,-4.0,-1.2
VIR,Vir Biotechnology Inc.,AASLD,2023,small,-2.22,3.17,9.19,1.85,12.17,11.49,9.22
AVIR,Atea Pharmaceuticals Inc.,AASLD,2023,micro,-3.33,-3.33,-6.45,-10.49,3.45,3.79,0.0
ZLDPF,Zealand Pharma A/S.,AHA,2023,,-7.04,-8.56,-5.7,-3.6,3.12,3.09,16.14
VERV,Verve Therapeutics Inc.,AHA,2023,,33.28,35.7,66.84,4.81,-31.4,-21.27,-24.01
LLY,Eli Lilly and Company,AHA,2023,large,11.04,-3.07,5.66,0.42,2.19,-0.02,-1.02
MIST,Milestone Pharmaceuticals Inc.,AHA,2023,micro,-2.35,-2.68,22.27,2.11,-23.02,-21.65,-2.75
NVS,Novartis AG,SABCS,2023,large,1.73,2.9,-2.25,-2.24,1.41,1.53,2.94
BPMC,Blueprint Medicines Corporation,ASH,2023,,34.98,25.71,7.03,1.73,14.9,18.42,22.75
ABBV,AbbVie Inc.,ASH,2023,large,7.45,7.71,7.33,3.56,2.65,2.77,3.58
APTO,Aptose Biosciences Inc.,ASH,2023,,-11.95,14.29,26.13,14.75,-12.86,-16.07,-17.68
GMAB,Genmab A/S,ASH,2023,,13.58,2.64,5.15,0.03,-6.26,-5.2,-1.89
KROS,Keros Therapeutics Inc.,ASH,2023,small,28.89,20.56,18.16,12.0,-16.8,-7.85,12.88
TAK,Takeda Pharmaceutical Company Limited American Depositary Shares (each representing 1/2 of a share of),ASH,2023,large,4.38,2.7,-0.07,-0.28,0.0,-1.85,0.0
PFE,Pfizer Inc.,ASH,2023,large,-4.42,-2.37,-4.51,-1.71,-0.69,-5.98,-1.29
XFOR,X4 Pharmaceuticals Inc.,ASH,2023,micro,24.34,17.33,14.33,7.14,-29.38,-20.83,-4.28
AUTL,Autolus Therapeutics plc,ASH,2023,small,65.15,27.11,-8.79,11.79,3.21,18.81,50.0
ALLO,Allogene Therapeutics Inc.,ASH,2023,small,-2.37,-1.2,-2.76,-3.52,-4.45,17.81,24.7
ALGS,Aligos Therapeutics Inc.,AASLD,2023,nano,-12.65,-8.68,9.19,-8.05,-15.28,2.75,0.17
EFTR,eFFECTOR Therapeutics Inc.,SABCS,2023,,7.45,-0.9,-17.28,1.93,-31.6,-34.13,-24.53
INTS,Intensity Therapeutics Inc.,SABCS,2023,micro,26.58,42.67,72.03,26.98,100.25,101.5,54.25
AMGN,Amgen Inc.,ASH,2023,large,0.59,2.75,2.2,-0.42,0.31,1.53,4.74
ACLX,Arcellx Inc.,ASH,2023,,81.3,30.21,8.65,5.29,-9.55,-11.69,-6.98
GILD,Gilead Sciences Inc.,ASH,2023,large,-0.57,4.09,3.54,0.52,2.61,2.92,2.06
ONCY,Oncolytics Biotech Inc.,SABCS,2023,micro,-10.46,-12.74,-14.37,-5.52,2.19,0.73,-8.76
RHHBY,Roche Holding AG ADR,SABCS,2023,,9.03,8.83,7.5,6.41,0.42,-1.26,-0.56
CHRS,Coherus Oncology Inc.,ESMO,2023,micro,-32.72,-10.93,10.55,0.92,4.55,7.73,-11.82
ARVN,Arvinas Inc.,SABCS,2023,small,65.64,42.35,10.7,-1.31,25.73,34.65,57.14
JNJ,Johnson & Johnson,ACNP,2023,large,4.95,4.73,5.98,4.78,-1.42,-2.4,-1.52
PFE,Pfizer Inc.,SABCS,2023,large,-5.06,-6.09,-2.33,-1.38,-1.67,-2.39,-3.83
CADL,Candel Therapeutics Inc.,SITC,2023,nano,-24.56,-7.5,-4.44,-4.42,8.14,5.0,4.65
RCUS,Arcus Biosciences Inc.,ASCO,2023,small,-12.27,-0.24,1.17,9.5,0.49,-17.96,-14.72
TVTX,Travere Therapeutics Inc.,ASN,2023,small,-16.18,-13.42,-8.99,-3.24,0.91,-15.2,-11.09
IPHA,Innate Pharma S.A.,ASH,2023,micro,-16.48,-6.69,-5.11,-10.08,16.59,6.28,9.87
LGND,Ligand Pharmaceuticals Incorporated,ASN,2023,small,-12.31,-10.9,-0.54,4.52,2.7,6.89,11.6
XAIR,Beyond Air Inc.,SITC,2023,micro,-7.52,1.65,6.96,11.82,-15.24,-16.67,-39.02
XLO,Xilio Therapeutics Inc.,SITC,2023,micro,12.61,21.91,28.87,20.77,-13.6,-42.8,-50.0
CUE,Cue Biopharma Inc.,SITC,2023,micro,-3.06,2.3,22.65,24.02,14.86,4.05,9.01
SRRK,Scholar Rock Holding Corporation,SITC,2023,small,97.17,70.15,64.14,21.28,-2.95,-19.9,-3.27
MOLN,Molecular Partners AG,SITC,2023,micro,-11.06,1.95,5.82,11.76,10.53,-0.78,3.83
GILD,Gilead Sciences Inc.,ASCO,2023,large,9.03,8.7,5.2,4.91,-1.2,-8.16,-6.85
INAB,IN8bio Inc.,ASH,2023,nano,-15.52,0.0,2.08,-2.0,6.12,3.06,-6.02
ALPN,Alpine Immune Sciences Inc.,ASN,2023,,-10.54,-13.7,4.89,23.19,52.76,14.64,20.34
VRTX,Vertex Pharmaceuticals Incorporated,ASN,2023,large,4.25,4.0,1.24,2.23,1.86,-0.21,-7.13
MRK,Merck & Company Inc.,ASH,2023,large,-3.64,-0.72,2.41,-2.56,0.52,-0.46,-0.84
MOLN,Molecular Partners AG,ASH,2023,micro,-17.51,-11.84,-6.53,-4.0,26.58,20.82,24.66
IPSC,Century Therapeutics Inc.,ASH,2023,micro,-31.34,-12.35,-0.33,1.36,18.12,-6.71,-10.74
TAK,Takeda Pharmaceutical Company Limited American Depositary Shares (each representing 1/2 of a share of),ASH,2023,large,-14.31,-8.27,-6.06,2.02,2.64,-0.44,0.51
KROS,Keros Therapeutics Inc.,ASH,2023,small,-13.39,-12.94,2.33,1.49,11.72,3.08,10.11
SONN,Sonnet BioTherapeutics Holdings Inc.,CTAD,2023,,-62.31,-51.79,-50.0,-2.42,6.61,1.65,7.85
OPK,Opko Health Inc.,ASH,2023,small,-22.84,-17.22,-2.34,-0.79,8.0,2.4,14.4
MLYS,Mineralys Therapeutics Inc.,ASN,2023,small,-27.71,-21.24,-4.91,-3.73,7.23,-4.52,-13.42
RGNX,REGENXBIO Inc.,AAO,2023,small,-8.04,-6.12,-0.75,22.5,3.93,20.65,26.03
IVA,Inventiva S.A.,AASLD,2023,micro,-8.44,-5.63,-1.07,-2.25,3.42,9.02,15.72
PHVS,Pharvaris N.V.,ACAAI,2023,small,-19.74,-11.38,-5.47,-9.36,0.6,-3.58,2.69
ATXS,Astria Therapeutics Inc.,ACAAI,2023,,-37.8,-27.27,-4.53,-6.07,-3.23,-4.74,1.51
SGMT,Sagimet Biosciences Inc.,AASLD,2023,micro,-68.18,-49.46,-24.53,-31.37,-20.36,5.71,39.29
ASMB,Assembly Biosciences Inc.,AASLD,2023,micro,-2.3,13.33,4.94,-2.3,-11.76,-17.65,-15.29
DBVT,DBV Technologies S.A.,ACAAI,2023,micro,-25.76,-20.97,-9.26,-2.0,-3.06,-12.76,-18.37
ABUS,Arbutus Biopharma Corporation,AASLD,2023,small,-6.5,1.63,6.25,3.31,-5.35,-1.07,0.0
BRNS,Barinthus Biotherapeutics plc American Depositary Shares,AASLD,2023,micro,-3.37,-22.01,-14.07,-35.21,5.23,2.79,2.79
HCWB,HCW Biologics Inc.,SITC,2023,micro,-18.37,-14.44,-13.1,0.63,-7.5,-42.5,-30.94
CRVS,Corvus Pharmaceuticals Inc.,ASH,2023,micro,71.43,38.13,28.86,18.52,-23.96,-19.79,-10.42
BYSI,BeyondSpring Inc.,SITC,2023,nano,25.88,41.84,-5.54,-1.73,-1.33,-7.49,-6.47
CLSD,Clearside Biomedical Inc.,AAO,2023,,32.56,27.23,52.0,57.31,-9.65,-16.78,-16.67
ABBV,AbbVie Inc.,AAO,2023,large,-8.26,-5.16,-3.49,0.01,0.59,-2.22,-1.75
AURA,Aura Biosciences Inc.,AAO,2023,small,27.45,40.12,40.94,60.37,-38.06,-35.31,-30.63
MRK,Merck & Company Inc.,SITC,2023,large,-2.32,-1.07,0.03,0.68,0.6,-0.88,-0.68
MDNA,Medicenna Therapeutics Corp.,SITC,2023,,-12.37,-4.8,-6.99,45.47,25.95,41.6,18.32
EQ,Equillium Inc.,ASN,2023,nano,-33.34,-30.72,-14.37,-5.54,-1.78,0.0,-0.02
INDP,Indaptus Therapeutics Inc.,SITC,2023,nano,0.4,0.6,0.4,10.24,-3.6,-11.2,-19.6
PMVP,PMV Pharmaceuticals Inc.,UNKNOWN,2024,micro,-1.12,14.29,-5.88,7.98,-3.98,-3.41,1.7
ADCT,ADC Therapeutics SA,AACR,2024,small,6.84,11.11,10.13,12.61,-4.4,-12.6,-6.4
CRDF,Cardiff Oncology Inc.,AACR,2024,micro,249.7,41.06,-0.17,1.92,-3.08,-9.59,-25.34
PSTX,Poseida Therapeutics Inc.,AACR,2024,,-8.0,-26.54,-3.86,-3.55,0.67,-18.73,-28.09
VINC,Vincerx Pharma Inc.,AACR,2024,,55.03,-29.92,10.56,-5.13,-80.9,-84.32,-84.34
ARWR,Arrowhead Pharmaceuticals Inc.,ACC,2024,mid,-18.42,-22.93,-5.26,-8.71,1.82,-6.87,-7.21
BNTX,BioNTech SE,AACR,2024,large,-3.67,-0.82,-1.43,-2.79,-0.52,-2.91,-2.77
REPL,Replimune Group Inc.,AACR,2024,small,-10.57,-18.49,-10.24,-4.79,-1.09,-3.26,-12.77
NVCR,NovoCure Limited,ASCO,2024,small,-1.88,-3.82,11.8,18.32,-7.93,-9.28,-18.62
BNOX,Bionomics Limited,ACNP,2024,,16.6,-9.42,-10.97,1.13,-7.84,-1.12,-3.04
MRK,Merck & Company Inc.,UNKNOWN,2024,large,-3.87,-4.91,-2.04,-1.02,0.56,3.12,7.27
ALXO,ALX Oncology Holdings Inc.,AACR,2024,small,-22.84,-19.59,4.17,10.98,0.9,5.4,16.35
WHWK,Whitehawk Therapeutics Inc.,SGO,2024,micro,24.71,14.21,-11.07,0.93,-1.84,0.0,0.46
PCRX,Pacira BioSciences Inc.,ACR,2024,small,-7.59,4.62,2.17,1.49,-4.25,-1.77,-4.97
AMGN,Amgen Inc.,AAD,2024,large,-12.19,-5.97,-4.41,-2.02,1.02,-1.04,2.58
JNJ,Johnson & Johnson,AAD,2024,large,0.01,1.76,-0.79,-0.2,2.02,-1.73,-2.7
PTGX,Protagonist Therapeutics Inc.,AAD,2024,small,21.62,13.6,2.68,-4.2,-1.48,-6.13,-8.01
ARQT,Arcutis Biotherapeutics Inc.,AAD,2024,small,110.38,69.71,15.07,1.83,-9.33,-8.16,-16.95
TLSA,Tiziana Life Sciences Ltd,ADPD,2024,micro,-8.21,-1.01,3.7,10.36,-3.8,-3.66,-10.35
MNKD,MannKind Corporation,ATTD,2024,small,49.71,50.15,45.07,14.44,-10.49,-13.2,-4.47
LONA,LeonaBio Inc.,ADPD,2024,micro,34.74,30.91,5.6,5.33,-29.88,-36.87,-38.55
MTEM,Molecular Templates Inc.,AACR,2024,,-50.13,-37.93,-17.15,4.21,-7.07,-16.16,-21.72
SNY,Sanofi,AAN,2024,large,-3.58,-3.54,-4.5,-2.82,-0.9,1.77,9.24
ZLAB,Zai Lab Limited,AAN,2024,large,-30.46,-21.46,-11.47,-11.36,-3.38,6.48,11.27
HALO,Halozyme Therapeutics Inc.,AAN,2024,mid,-5.4,-4.09,-4.23,-3.51,-1.81,0.65,-1.6
ARGX,argenx SE,AAN,2024,large,-3.6,4.07,-5.25,-2.05,-2.67,-0.31,-0.2
ABOS,Acumen Pharmaceuticals Inc.,AAN,2024,micro,-21.21,-11.31,-6.86,-8.07,-1.7,-10.48,-8.78
LBPH,Longboard Pharmaceuticals Inc.,AAN,2024,,-10.03,-0.62,-8.79,5.61,-4.95,-2.76,10.57
ATHE,Alterity Therapeutics Limited,AAN,2024,mid,69.94,67.05,50.77,56.38,-30.27,-27.55,-25.51
ABBV,AbbVie Inc.,AAN,2024,large,-4.85,-7.55,-8.01,-1.46,-3.49,-0.66,-4.72
REGN,Regeneron Pharmaceuticals Inc.,AACR,2024,large,-4.98,-2.75,-2.04,-0.74,-2.5,-4.52,-3.96
BNTX,BioNTech SE,AACR,2024,large,-2.95,-5.93,-1.8,-0.8,-3.38,-4.05,-2.18
AZN,AstraZeneca PLC,AACR,2024,,5.12,2.44,2.57,3.78,-0.29,-0.97,2.68
ATHA,LeonaBio Inc Com (New),ADPD,2024,,34.74,30.91,5.6,5.33,-29.88,-36.87,-38.55
NRIX,Nurix Therapeutics Inc.,AACR,2024,small,23.77,-2.34,2.0,-7.13,13.7,6.16,2.39
IOBT,IO Biotech Inc.,AACR,2024,,-0.65,-9.94,-10.98,-9.94,2.6,-1.95,-4.55
ONC,BeOne Medicines Ltd.,AACR,2024,large,-6.56,-8.98,-2.71,-2.28,0.01,-10.48,-7.19
BGNE,BeiGene Ltd.,AACR,2024,,-6.56,-8.98,-2.71,-2.28,0.01,-10.48,-7.19
ALXO,ALX Oncology Holdings Inc.,AACR,2024,small,-26.2,-9.81,3.58,13.25,-0.74,19.36,27.68
CCCC,C4 Therapeutics Inc.,AACR,2024,small,-19.45,-27.94,-6.7,-0.26,0.78,-10.84,-9.92
ELTX,Elicio Therapeutics Inc.,AACR,2024,micro,115.85,79.88,29.77,24.3,-0.56,4.29,10.06
NVCT,Nuvectis Pharma Inc.,AACR,2024,micro,3.46,-24.17,-13.75,-1.89,-1.16,-17.61,-8.74
PTN,Palatin Technologies Inc.,ASCRS,2024,nano,-43.77,-4.35,13.55,0.0,18.18,3.41,-2.27
IPHA,Innate Pharma S.A.,ASH,2023,micro,4.03,8.86,3.2,8.4,-7.36,-5.04,3.1
ATNM,Actinium Pharmaceuticals Inc.,ASH,2023,micro,-1.48,20.63,24.59,-4.32,-13.16,-10.15,8.08
MEIP,MEI Pharma Inc.,ASH,2023,,-2.89,-5.75,1.66,5.49,-2.38,-7.89,-8.48
ADCT,ADC Therapeutics SA,ASH,2023,micro,45.71,117.02,40.98,-8.11,0.98,38.24,61.76
NRIX,Nurix Therapeutics Inc.,ASH,2023,small,95.45,63.19,44.78,14.51,-3.6,4.65,12.56
AFMD,Affimed N.V.,ASH,2023,,32.49,32.08,-6.67,-7.49,-16.9,-4.76,8.57
CRIS,Curis Inc.,ASH,2023,nano,192.89,88.25,5.87,10.54,-3.81,-2.34,21.75
MBRX,Moleculin Biotech Inc.,ASH,2023,nano,14.58,1.85,-0.24,-7.2,-7.27,13.7,17.82
COGT,Cogent Biosciences Inc.,ASH,2023,small,4.98,25.22,28.38,4.47,-48.5,-47.8,-33.68
SDGR,Schrodinger Inc.,ASH,2023,small,47.58,16.9,2.5,-0.96,-1.5,6.6,16.15
MRK,Merck & Company Inc.,ASH,2023,large,0.9,2.33,2.29,-1.25,0.59,2.21,3.74
AZN,AstraZeneca PLC,ASH,2023,,2.97,0.62,-2.87,-2.69,1.14,2.35,7.47
MOLN,Molecular Partners AG,ASH,2023,micro,14.71,3.44,-2.5,0.7,-6.53,1.4,0.93
KYMR,Kymera Therapeutics Inc.,ASH,2023,small,109.66,58.4,17.11,8.13,-1.57,9.96,16.7
JSPR,Jasper Therapeutics Inc.,ASH,2023,micro,-26.19,-26.09,-21.66,-15.0,-11.96,-9.8,13.33
SNY,Sanofi,ASH,2023,large,7.4,0.87,-2.79,-1.49,2.18,4.79,5.96
GLPG,Galapagos NV,ASH,2023,,23.91,8.67,5.25,2.95,0.15,-0.56,1.6
BMY,Bristol-Myers Squibb Company,ASH,2023,large,-1.39,-0.59,2.63,0.66,0.4,2.05,2.27
MRK,Merck & Company Inc.,ASH,2023,large,0.9,2.33,2.29,-1.25,0.59,2.21,3.74
IPHA,Innate Pharma S.A.,ASH,2023,micro,4.03,8.86,3.2,8.4,-7.36,-5.04,3.1
IPSC,Century Therapeutics Inc.,ASH,2023,micro,66.43,84.5,65.28,47.83,10.5,7.14,21.01
AZN,AstraZeneca PLC,ASCO-GI,2024,,5.17,-0.47,-3.5,-3.48,3.05,-0.38,-0.26
BMEA,Biomea Fusion Inc.,ATTD,2024,small,16.88,-6.16,14.29,-5.35,-9.25,-0.68,-9.93
CRVO,CervoMed Inc.,ADPD,2024,micro,41.11,49.06,-18.85,-3.64,24.72,38.35,92.44
KALV,KalVista Pharmaceuticals Inc.,AAAAI,2024,,-4.12,-5.91,-21.38,-15.34,16.22,11.53,4.13
CLDX,Celldex Therapeutics Inc.,AAAAI,2024,mid,-7.99,3.23,-0.76,-1.31,35.21,34.33,23.28
HCM,HUTCHMED (China) Limited,ASCO,2024,large,-19.82,-15.88,-0.3,8.08,3.11,0.15,15.91
HALO,Halozyme Therapeutics Inc.,ASCO-GU,2024,mid,-18.74,-7.91,-0.64,0.59,-1.29,-1.55,4.33
BMY,Bristol-Myers Squibb Company,ASCO-GU,2024,large,-4.17,-2.97,-1.21,0.26,-0.62,-3.46,0.1
EPIX,ESSA Pharma Inc.,ASCO-GU,2024,,64.3,19.59,9.6,2.57,-11.38,1.82,18.89
IPSEY,Ipsen ADR,ASCO-GU,2024,,2.84,-3.75,-4.65,-1.4,5.09,2.05,0.81
EXEL,Exelixis Inc.,ASCO-GU,2024,mid,0.27,-7.95,-3.28,-0.72,0.05,-1.63,-8.77
AGEN,Agenus Inc.,ASCO-GI,2024,micro,-26.13,-23.24,-25.75,-9.69,3.46,20.16,9.43
PRLD,Prelude Therapeutics Incorporated,ESMO,2024,micro,-16.23,-4.9,-9.68,-6.73,10.93,-46.39,-51.13
RCUS,Arcus Biosciences Inc.,ASCO-GI,2024,small,4.47,-10.74,-13.84,-5.65,-7.7,-7.57,-8.61
CHRS,Coherus Oncology Inc.,ASCO,2024,micro,6.96,21.18,-18.54,-13.99,-0.81,-3.66,-15.04
SNDX,Syndax Pharmaceuticals Inc.,ASH,2023,small,37.47,29.44,14.56,6.98,3.9,14.05,20.79
CRIS,Curis Inc.,ASH,2023,nano,150.84,94.27,-12.2,-2.05,12.94,14.75,34.16
ORIC,Oric Pharmaceuticals Inc.,ASH,2023,small,50.16,51.12,27.95,11.6,-8.27,-9.86,-2.86
IRON,Disc Medicine Inc.,ASH,2023,small,40.41,25.61,14.32,9.73,-1.93,-4.06,-0.02
INAB,IN8bio Inc.,ASH,2023,nano,6.45,-4.81,43.48,10.0,65.66,36.36,44.44
GILD,Gilead Sciences Inc.,ASH,2023,large,3.13,4.08,5.47,0.87,2.28,0.61,1.18
GMAB,Genmab A/S,ENA,2025,,26.23,15.72,6.55,0.12,0.12,-7.8,-10.86
OLMA,Olema Pharmaceuticals Inc.,ESMO,2025,small,23.48,12.36,-15.37,-12.93,-11.54,-6.09,-10.04
ALPMY,Astellas Pharma Inc. ADR,ESMO,2025,,-8.88,-5.99,-3.79,1.62,-0.19,-0.19,1.31
MRK,Merck & Company Inc.,ESMO,2025,large,0.83,5.46,-4.52,-1.06,3.34,3.79,-2.71
REGN,Regeneron Pharmaceuticals Inc.,ESMO,2025,large,-0.73,-3.85,-5.14,0.8,1.34,1.54,14.52
MRK,Merck & Company Inc.,ESMO,2025,large,-0.93,2.96,-5.91,-2.41,2.86,4.25,2.45
LLY,Eli Lilly and Company,ESMO,2025,large,12.67,8.96,-2.44,-1.69,-1.27,0.74,5.31
AZN,AstraZeneca PLC,ESMO,2025,,2.81,9.55,-0.82,-0.13,-1.27,-3.18,-2.55
SNSE,Sensei Biotherapeutics Inc.,ESMO,2025,,111.3,95.33,84.08,56.13,-37.32,-39.93,-47.84
EVAX,Evaxion A/S,ESMO,2025,small,228.77,210.68,76.8,62.71,-26.15,-38.65,-40.1
TEM,Tempus AI Inc.,ESMO,2025,,17.8,3.96,2.14,-12.96,1.28,-5.12,-1.15
MRUS,Merus N.V.,ENA,2025,,43.06,41.78,0.74,0.49,0.11,-0.26,0.05
PFE,Pfizer Inc.,ESMO,2025,large,-0.16,1.96,-7.26,-0.89,1.39,1.06,0.61
CGEN,Compugen Ltd.,ESMO,2025,micro,31.21,34.06,28.47,3.35,14.05,-0.54,-7.57
CLRB,Cellectar Biosciences Inc.,AACR,2025,nano,15.11,12.24,5.46,4.04,6.65,-5.18,-8.13
CNTB,Connect Biopharma Holdings Limited,ERS,2025,micro,-22.93,-23.3,-1.25,0.0,-4.43,1.27,15.19
CLNN,Clene Inc.,ECTRIMS,2025,micro,65.75,12.45,-2.1,-4.27,-2.81,32.4,56.03
PMVP,PMV Pharmaceuticals Inc.,UNKNOWN,2025,micro,11.11,12.68,11.11,3.23,-23.13,-21.88,-8.13
MRK,Merck & Company Inc.,UNKNOWN,2025,large,2.4,5.37,-0.45,0.51,0.64,-4.1,-5.84
PSTV,PLUS THERAPEUTICS Inc.,ASCO,2025,micro,83.0,45.96,-7.31,-31.79,-1.18,-10.47,-15.93
ALNY,Alnylam Pharmaceuticals Inc.,AAIC,2025,large,10.07,3.04,4.65,3.6,18.25,28.05,30.29
RYTM,Rhythm Pharmaceuticals Inc.,ENDO,2025,mid,40.11,37.58,38.21,30.59,3.07,2.23,-1.18
NVCR,NovoCure Limited,ESMO,2025,small,-0.5,4.46,-0.61,4.71,0.45,2.19,-6.8
CELC,Celcuity Inc.,ASCO,2025,small,19.2,17.97,3.55,9.52,-0.4,6.86,9.89
ZYME,Zymeworks Inc.,ENA,2025,small,8.27,9.34,4.43,-4.74,0.4,8.21,1.3
MRKR,Marker Therapeutics Inc.,ASH,2025,nano,9.74,-8.55,-4.11,-3.17,-8.67,-1.85,-3.33
ANAB,AnaptysBio Inc.,ACR,2025,small,82.51,13.14,5.47,7.49,0.83,-0.46,-8.5
PCRX,Pacira BioSciences Inc.,ACR,2025,small,-19.54,-17.23,-6.16,-3.13,-1.5,5.2,13.08
NVCT,Nuvectis Pharma Inc.,ENA,2025,micro,0.16,4.73,0.16,0.0,3.71,2.58,-2.1
PMVP,PMV Pharmaceuticals Inc.,ENA,2025,micro,28.46,6.76,17.04,12.86,0.0,-10.76,-17.09
XNCR,Xencor Inc.,ENA,2025,small,43.49,6.66,-5.3,-16.45,15.64,19.21,12.64
GMAB,Genmab A/S,ENA,2025,,7.37,2.75,-6.1,-9.95,-2.81,-4.22,-4.05
MRUS,Merus N.V.,ENA,2025,,35.7,37.06,0.05,-0.5,0.19,0.47,0.86
ZLAB,Zai Lab Limited,ENA,2025,large,-14.57,-11.39,-7.34,-0.95,-6.0,-6.75,-21.84
MRK,Merck & Company Inc.,ENA,2025,large,5.28,10.97,1.38,2.82,0.94,-1.38,-1.03
APRE,Aprea Therapeutics Inc.,AACR,2025,nano,-1.3,4.11,7.04,-3.18,-11.84,-7.89,-19.08
RHHBY,Roche Holding AG ADR,ISTH,2025,,0.23,0.31,-4.06,-5.13,4.06,3.98,2.27
DVAX,Dynavax Technologies Corporation,IDWEEK,2025,,1.51,5.01,-0.69,2.44,0.79,3.87,-0.2
CATX,Isoray. (DE),ASCO-GI,2025,small,30.9,36.06,26.48,-7.04,-30.73,-30.96,-42.09
IOBT,IO Biotech Inc.,ESMO,2025,,-63.6,-56.03,36.02,12.83,55.68,38.72,38.98
IDYA,IDEAYA Biosciences Inc.,ESMO,2025,mid,25.1,12.89,6.44,9.3,-0.21,10.63,7.18
BCAB,BioAtla Inc.,ESMO,2025,nano,35.77,32.64,1.2,-8.83,-16.85,-14.82,-19.93
IMMP,Immutep Limited,ESMO,2025,mid,20.35,21.05,6.15,4.02,-0.48,-1.45,-11.59
AZN,AstraZeneca PLC,ESMO,2025,,4.76,8.97,-0.82,1.1,-1.52,-4.03,-5.26
NUVL,Nuvalent Inc.,ESMO,2025,micro,15.9,17.26,10.34,3.09,5.04,5.61,0.54
INCY,Incyte Corporation,ESMO,2025,large,1.17,3.35,0.39,3.35,-0.31,6.29,15.99
RHHBY,Roche Holding AG ADR,ESMO,2025,,5.75,5.27,-0.99,-0.82,-1.98,-6.28,-10.6
AZN,AstraZeneca PLC,ESMO,2025,,4.76,8.97,-0.82,1.1,-1.52,-4.03,-5.26
CLSD,Clearside Biomedical Inc.,ARVO,2025,,-17.54,13.35,0.87,-2.38,4.87,3.45,1.65
MRK,Merck & Company Inc.,ASCO,2025,large,0.37,-5.92,2.46,2.34,-0.32,-2.04,1.91
PDSB,PDS Biotechnology Corporation,ASCO,2025,micro,62.98,25.6,30.83,10.56,-8.92,-10.19,8.92
IMNN,Imunon Inc.,ASCO,2025,nano,-51.71,-52.66,-48.08,-14.19,446.55,504.33,220.22
GMAB,Genmab A/S,UNKNOWN,2025,,16.77,2.14,8.63,5.78,1.19,3.52,5.8
MRUS,Merus N.V.,UNKNOWN,2025,,7.72,-4.52,1.71,0.1,22.12,40.7,32.0
BCTX,BriaCell Therapeutics Corp.,ASCO,2025,nano,-14.96,-34.42,9.65,15.99,-8.5,1.76,2.05
AZN,AstraZeneca PLC,ATS,2025,,-1.6,1.57,-7.88,-0.66,3.14,7.08,5.96
ZLAB,Zai Lab Limited,UNKNOWN,2025,large,-2.64,4.11,-0.06,5.2,5.5,0.29,0.65
DAWN,Day One Biopharmaceuticals Inc.,ESMO,2025,,-22.33,-8.43,-18.77,-8.43,0.97,1.29,3.07
RCKT,Rocket Pharmaceuticals Inc.,ASGCT,2025,small,-3.81,-1.46,-22.9,-13.92,7.26,8.25,-58.58
MDGL,Madrigal Pharmaceuticals Inc.,EASL,2025,mid,-10.14,-7.1,-11.06,-3.83,0.24,-1.33,-7.83
GILD,Gilead Sciences Inc.,ASCO,2025,large,5.27,3.46,10.14,4.14,2.2,2.03,5.86
MIRM,Mirum Pharmaceuticals Inc.,EASL,2025,mid,-1.82,15.64,10.88,3.55,0.73,-0.51,-2.74
ALGS,Aligos Therapeutics Inc.,EASL,2025,nano,-54.87,-13.32,-25.21,-27.81,2.75,33.03,30.05
GILD,Gilead Sciences Inc.,EASL,2025,large,-9.49,-6.03,-6.83,-4.21,-2.01,1.46,7.93
ABUS,Arbutus Biopharma Corporation,EASL,2025,small,-1.79,3.79,-1.5,-8.86,-1.82,-5.17,-2.13
BRNS,Barinthus Biotherapeutics plc American Depositary Shares,EASL,2025,nano,-6.62,44.14,21.3,-9.19,-12.41,-12.12,-18.17
MNPR,Monopar Therapeutics Inc.,EASL,2025,micro,3.19,34.09,-6.49,-7.27,9.26,-4.31,-8.3
AZN,AstraZeneca PLC,EASL,2025,,-5.84,4.94,2.35,-4.6,-3.48,-4.66,-0.5
PPBT,Purple Biotech Ltd.,AACR,2025,small,-6.26,-4.13,1.24,-5.28,-7.15,-11.5,-11.5
NVCT,Nuvectis Pharma Inc.,AACR,2025,micro,9.43,10.48,8.39,-0.77,-6.87,-15.2,-10.55
PFE,Pfizer Inc.,ASCO,2025,large,6.1,-2.93,2.89,0.73,-0.6,2.04,3.87
SANA,Sana Biotechnology Inc.,ADA,2025,small,44.2,30.5,-8.1,0.77,13.79,4.6,49.04
INCY,Incyte Corporation,EHA,2025,large,8.35,7.01,3.74,-3.06,1.56,1.86,1.45
GMAB,Genmab A/S,EHA,2025,,6.24,14.79,4.82,2.56,-3.46,-9.11,-9.11
BMEA,Biomea Fusion Inc.,EHA,2025,micro,28.57,82.52,81.25,4.82,0.77,-35.25,-31.03
ELVN,Enliven Therapeutics Inc.,EHA,2025,small,-0.96,10.33,10.64,-5.21,17.45,3.2,2.03
SNDX,Syndax Pharmaceuticals Inc.,EHA,2025,small,-22.97,17.46,2.64,-2.33,-5.96,-13.03,-17.06
NRIX,Nurix Therapeutics Inc.,EHA,2025,small,9.54,31.84,18.7,1.04,-5.54,-9.03,-7.84
CABA,Cabaletta Bio Inc.,EULAR,2025,micro,83.59,78.03,25.67,6.33,-23.4,-26.38,-27.66
FATE,Fate Therapeutics Inc.,EULAR,2025,micro,42.74,67.0,31.5,17.61,-16.17,-27.54,-34.13
ANAB,AnaptysBio Inc.,ASCO,2025,small,8.96,16.93,11.44,12.56,-10.14,0.32,-0.57
INAB,IN8bio Inc.,ASCO,2025,nano,-7.87,-12.57,15.28,2.3,-16.63,-30.79,-50.34
ELDN,Eledon Pharmaceuticals Inc.,ASN,2025,micro,63.16,35.23,22.49,-7.36,-48.88,-56.33,-65.51
ARVN,Arvinas Inc.,ASCO,2025,small,-16.28,-6.74,10.94,10.6,-2.78,8.75,2.36
GILD,Gilead Sciences Inc.,ASCO,2025,large,5.3,6.17,7.4,2.52,-0.68,2.65,0.68
MRK,Merck & Company Inc.,ASCO,2025,large,-1.49,-7.62,1.03,-0.95,0.39,3.24,5.36
CLLS,Cellectis S.A.,ASCO,2025,micro,0.69,-8.18,-7.59,-0.68,0.0,-2.05,-4.79
AMGN,Amgen Inc.,ASCO,2025,large,3.93,2.47,5.79,6.08,0.48,0.62,2.56
ALLO,Allogene Therapeutics Inc.,ASCO,2025,micro,-19.31,-31.18,5.41,10.38,15.38,20.51,17.09
XLO,Xilio Therapeutics Inc.,ASCO,2025,micro,42.4,42.67,24.52,21.1,-36.85,-34.58,-35.91
AZN,AstraZeneca PLC,ASCO,2025,,1.22,-3.57,5.24,-1.22,0.69,3.55,4.84
GH,Guardant Health Inc.,ASCO,2025,mid,-9.67,-13.3,-0.12,6.89,12.73,21.94,21.37
THAR,Canton Strategic Holdings Inc Com Par,EASL,2025,,28.32,-5.23,9.02,6.62,7.59,10.34,-8.97
AGEN,Agenus Inc.,ASCO,2025,micro,64.9,10.29,-1.44,-10.21,45.77,61.81,49.85
CATX,Isoray. (DE),ASCO-GI,2026,micro,28.31,10.2,0.0,0.72,-14.23,-17.08,-7.83
BLUE,bluebird bio Inc.,EHA,2017,,35.97,48.5,5.9,8.97,-6.24,-11.35,-20.68
IOVA,Iovance Biotherapeutics Inc.,ASCO,2017,small,-6.06,2.48,6.9,9.73,0.0,-2.42,7.26
BMY,Bristol-Myers Squibb Company,ASCO,2017,large,2.79,-0.33,1.76,1.85,-6.02,-1.11,0.45
BLUE,bluebird bio Inc.,ASCO,2017,,2.12,-6.81,2.06,6.92,16.7,30.48,33.87
MRK,Merck & Company Inc.,ASCO,2017,large,5.8,2.34,2.65,0.86,-1.23,-1.65,-2.74
HALO,Halozyme Therapeutics Inc.,ASCO,2017,small,-4.55,-9.36,-1.78,2.18,0.79,1.34,11.75
AZN,AstraZeneca PLC,ASCO,2017,,18.76,13.81,1.22,3.72,1.82,-0.74,0.95
JNJ,Johnson & Johnson,ASCO,2017,large,6.83,5.32,2.43,2.49,0.58,1.34,3.07
LCTX,"Lineage Cell Therapeutics, Inc.",ARVO,2017,micro,-5.83,-7.81,-10.5,-3.76,-0.65,5.21,8.79
ACTU,Actuate Therapeutics Inc.,ASCO-GI,2026,micro,-11.01,-17.25,-5.1,-3.15,-10.1,-9.45,-11.24
LLY,Eli Lilly and Company,ESMO,2017,large,-1.78,-0.62,3.4,0.31,1.34,1.1,2.91
RNXT,RenovoRx Inc.,ASCO-GI,2026,nano,28.56,5.21,10.99,20.22,10.89,1.98,-1.41
JAZZ,Jazz Pharmaceuticals plc,ASCO-GI,2026,large,-6.37,4.38,-0.06,-0.37,-4.87,1.06,-0.39
ZYME,Zymeworks Inc.,ASCO-GI,2026,small,-0.56,-3.72,-7.24,-5.62,-6.76,-4.91,-6.48
ONC,BeOne Medicines Ltd.,ASCO-GI,2026,large,0.35,4.76,6.9,9.89,1.2,1.32,1.63
AGEN,Agenus Inc.,ESMO,2025,micro,-16.63,-18.18,-10.46,-5.65,-4.56,-10.54,6.84
ATOS,Atossa Therapeutics Inc.,SABCS,2025,micro,-7.2,3.17,11.23,5.63,-12.2,-13.09,-24.72
INTS,Intensity Therapeutics Inc.,SABCS,2025,nano,106.15,7.42,38.75,19.46,-14.55,-24.07,-28.58
NTRA,Natera Inc.,SABCS,2025,large,24.24,13.94,-0.41,-1.13,-1.9,-4.26,0.0
PFE,Pfizer Inc.,SABCS,2025,large,3.39,-0.71,-1.52,-0.94,1.86,-1.14,-1.18
AAPG,Ascentage Pharma Group International,ASH,2025,large,-9.4,-3.36,-2.25,-3.48,-5.84,-5.97,-10.95
NVS,Novartis AG,ASH,2025,large,0.8,2.33,2.87,-1.6,0.78,3.73,6.88
BMY,Bristol-Myers Squibb Company,SITC,2017,large,-5.73,-4.38,0.03,-1.33,0.64,-0.1,2.73
BMY,Bristol-Myers Squibb Company,ASCO,2018,large,3.83,3.51,0.8,0.68,-2.28,-0.02,0.98
BLUE,bluebird bio Inc.,ASH,2017,,21.56,12.78,2.03,5.45,11.57,7.71,5.81
TAK,Takeda Pharmaceutical Company Limited American Depositary Shares (each representing 1/2 of a share of),ASCO-GI,2018,,5.75,4.72,2.85,-0.14,-0.68,2.8,2.39
TGTX,TG Therapeutics Inc.,AAN,2017,small,-14.03,4.37,20.71,16.02,-8.79,-15.9,-1.67
EXEL,Exelixis Inc.,ASCO-GI,2018,mid,12.19,17.07,-0.07,3.69,-9.51,0.07,0.39
ARGX,argenx SE,ASH,2017,,32.39,26.09,17.89,-0.72,80.62,90.67,101.58
BMY,Bristol-Myers Squibb Company,ASH,2017,large,4.14,2.56,1.31,-0.08,1.38,-0.03,-1.86
TGTX,TG Therapeutics Inc.,ASH,2017,small,4.29,0.59,11.84,4.29,-5.29,-1.18,-0.59
FBIO,Fortress Biotech Inc.,ASH,2017,micro,-4.21,-6.67,-9.23,-4.21,-2.75,-4.95,-10.44
GERN,Geron Corporation,ASH,2017,small,-1.46,-1.46,5.18,7.41,-2.96,-1.48,-7.39
AFMD,Affimed N.V.,ASH,2017,,-1.27,-2.5,0.0,-2.5,-35.9,-35.9,-35.9
APVO,Aptevo Therapeutics Inc.,ASH,2025,nano,-10.67,-14.1,13.56,5.51,-10.45,-17.91,-23.88
NKTR,Nektar Therapeutics,SITC,2017,mid,31.21,37.3,38.24,33.86,21.72,42.77,60.37
INO,Inovio Pharmaceuticals Inc.,SITC,2017,small,-30.13,-29.01,-24.01,-23.22,2.71,6.55,2.03
AZN,AstraZeneca PLC,SITC,2017,,-2.27,-1.97,-1.13,-3.97,-0.6,-0.26,1.72
IOVA,Iovance Biotherapeutics Inc.,SITC,2017,small,-8.48,-1.63,2.55,-2.3,11.34,9.27,24.48
ENTA,Enanta Pharmaceuticals Inc.,AASLD,2017,small,13.03,10.71,-0.13,0.54,0.33,2.93,4.44
BMY,Bristol-Myers Squibb Company,ESMO,2017,large,13.3,10.38,7.28,4.54,0.64,0.13,0.91
EXEL,Exelixis Inc.,ESMO,2017,mid,-6.01,-2.04,-4.38,-10.39,3.77,6.2,-10.09
AZN,AstraZeneca PLC,ESMO,2017,,7.0,10.72,8.93,6.17,0.78,-1.33,3.45
GMAB,Genmab A/S,ESMO,2017,,3.97,11.01,1.92,-0.47,0.77,-2.36,-1.42
PFE,Pfizer Inc.,ESMO,2017,large,3.01,1.7,2.29,0.22,0.96,4.03,5.8
MRK,Merck & Company Inc.,ESMO,2017,large,0.99,3.44,2.56,0.72,1.26,2.87,1.26
XLO,Xilio Therapeutics Inc.,SITC,2025,nano,4.49,4.68,5.24,4.39,-3.18,-14.95,-9.45
AIM,AIM ImmunoTech Inc.,SITC,2025,nano,-38.76,-34.71,-35.77,-16.4,-6.33,-8.86,-14.56
MDGL,Madrigal Pharmaceuticals Inc.,AASLD,2025,large,10.42,14.39,12.27,18.65,10.68,13.11,20.17
VRCA,Verrica Pharmaceuticals Inc.,SITC,2025,nano,-19.53,-15.61,-7.98,-2.81,5.78,7.8,36.42
VOR,Vor Biopharma Inc.,ASN,2025,micro,-53.12,-42.09,-33.52,-16.56,-47.38,-46.42,-55.29
MNPR,Monopar Therapeutics Inc.,AASLD,2025,small,6.65,-20.68,-0.36,-3.63,3.06,-5.58,14.58
AZN,AstraZeneca PLC,AASLD,2025,,13.74,-1.69,1.33,2.64,5.43,5.46,9.95
AMRN,Amarin Corporation plc,AHA,2025,mid,-2.3,-18.05,-18.35,0.32,2.42,2.1,1.85
CHRS,Coherus Oncology Inc.,SITC,2025,micro,-21.18,-22.54,-16.25,-16.25,0.75,-15.67,-4.48
TNYA,Tenaya Therapeutics Inc.,AHA,2025,micro,-18.99,-35.35,-22.89,-10.49,10.94,-1.56,-4.69
BCAB,BioAtla Inc.,SITC,2025,nano,-4.3,-26.19,-15.74,-8.44,-0.25,23.36,35.73
KZR,Kezar Life Sciences Inc.,AASLD,2025,,65.75,43.36,-1.79,-2.58,2.31,2.15,3.31
GALT,Galectin Therapeutics Inc.,AASLD,2025,small,23.22,1.96,1.96,-13.33,5.77,15.38,5.96
GILD,Gilead Sciences Inc.,SITC,2025,large,10.08,5.31,2.03,3.01,-4.25,1.31,2.63
MLYS,Mineralys Therapeutics Inc.,ASN,2025,mid,-7.45,-12.22,-7.24,-9.42,20.24,10.38,13.13
MTVA,MetaVia Inc.,AASLD,2025,nano,-12.37,-13.1,-13.27,-14.38,-5.88,-17.75,-18.29
TVTX,Travere Therapeutics Inc.,ASN,2025,mid,31.62,32.35,18.67,-5.29,3.24,3.6,4.17
SMMT,Summit Therapeutics Inc.,SITC,2025,large,-11.93,-13.58,-4.3,-2.43,-0.81,-2.28,-12.25
VKTX,Viking Therapeutics Inc.,OBESITYWEEK,2025,,45.36,4.26,7.52,-4.45,0.82,6.94,-6.03
CMMB,Chemomab Therapeutics Ltd.,AASLD,2025,small,6.8,-20.77,-8.25,-10.4,-1.12,-4.49,-8.99
VERA,Vera Therapeutics Inc.,ASN,2025,small,-10.61,-21.06,-14.54,-18.77,0.37,17.72,15.64
KALV,KalVista Pharmaceuticals Inc.,ACAAI,2025,,-9.17,-6.94,-0.09,0.18,-1.91,19.11,18.47
ATXS,Astria Therapeutics Inc.,ACAAI,2025,,76.5,49.35,1.94,0.88,-0.87,-1.43,-1.35
COGT,Cogent Biosciences Inc.,ASH,2025,mid,156.25,161.61,5.47,-2.49,-0.62,3.79,1.47
RHHBY,Roche Holding AG ADR,ASH,2025,,16.18,11.52,2.75,0.41,3.13,2.72,7.55
ONC,BeOne Medicines Ltd.,ASH,2025,large,3.89,0.92,-7.14,-3.78,-1.3,-3.79,-2.95
CGEM,Cullinan Therapeutics Inc.,ASH,2025,small,36.47,47.29,11.83,-1.49,16.71,2.17,-2.36
IPSEY,Ipsen ADR,ASH,2025,,1.12,-0.59,-4.46,-4.38,2.51,1.25,-0.48
GILD,Gilead Sciences Inc.,ASH,2025,large,0.23,2.0,-4.28,-2.5,-1.53,-1.19,2.43
CASI,CASI Pharmaceuticals Inc.,ASH,2025,,-41.46,-30.43,-21.94,-2.61,-10.75,-9.38,-16.64
AAPG,Ascentage Pharma Group International,ASH,2025,large,-7.28,3.62,7.31,1.17,-8.58,-16.06,-19.43
GILD,Gilead Sciences Inc.,ASH,2025,large,0.23,2.0,-4.28,-2.5,-1.53,-1.19,2.43
IRON,Disc Medicine Inc.,ASH,2025,mid,8.91,11.22,0.71,1.71,-1.65,-1.35,-14.71
ARVN,Arvinas Inc.,ASH,2025,small,38.87,20.32,11.02,8.3,2.42,-3.52,-3.67
GMAB,Genmab A/S,ASH,2025,,6.19,10.75,4.24,1.12,-2.55,-0.54,4.16
ACLX,Arcellx Inc.,ASH,2025,,-17.86,-19.63,-22.87,-1.02,1.84,-1.75,-6.3
TARA,Protara Therapeutics Inc.,ASCO-GU,2025,micro,15.19,34.05,-7.85,-17.72,10.45,-7.72,-13.99
PRTA,Prothena Corporation plc,AHA,2025,small,7.89,4.05,-0.09,2.63,3.04,-1.61,-0.28
NVO,Novo Nordisk A/S,AHA,2025,,-17.21,-18.92,-11.74,-4.79,9.4,3.5,2.44
PHVS,Pharvaris N.V.,ACAAI,2025,small,-11.01,-2.17,-5.39,-4.04,11.72,15.42,17.6
INKT,MiNK Therapeutics Inc.,SITC,2025,micro,-3.43,-6.1,-9.01,-1.64,3.25,-9.3,-16.7
ELTX,Elicio Therapeutics Inc.,SITC,2025,micro,-18.17,-16.71,-8.56,-4.11,4.06,-1.69,-2.82
ALGS,Aligos Therapeutics Inc.,AASLD,2025,nano,-26.51,-25.34,-27.64,-6.11,-5.52,-0.71,34.65
CMPX,Compass Therapeutics Inc.,SITC,2024,micro,-2.13,-7.07,6.98,8.24,3.26,-25.0,-19.02
AMGN,Amgen Inc.,ACR,2024,large,-7.42,-8.0,-7.3,-9.02,-5.8,-0.47,-6.03
APVO,Aptevo Therapeutics Inc.,SITC,2024,nano,53.89,96.45,16.39,-1.77,-0.72,-22.02,11.19
CUE,Cue Biopharma Inc.,SITC,2024,micro,127.11,42.15,-3.37,15.44,-1.16,-36.05,-38.37
ADAG,Adagene Inc.,SITC,2024,micro,18.92,19.46,-12.58,-13.44,-7.2,-15.15,-14.02
REPL,Replimune Group Inc.,SITC,2024,small,13.5,16.59,3.24,3.49,-2.01,-13.42,6.59
SRRK,Scholar Rock Holding Corporation,SITC,2024,mid,263.05,1.96,-4.44,5.1,-8.32,-9.28,29.71
NBP,NovaBridge Biosciences,SITC,2024,micro,-11.29,-20.29,-7.56,0.92,-3.64,-8.18,-14.55
RCUS,Arcus Biosciences Inc.,SITC,2024,small,16.74,-1.33,7.14,14.72,-6.05,-19.16,-18.43
ELTX,Elicio Therapeutics Inc.,SITC,2024,nano,-8.89,-3.56,-0.86,0.44,9.54,18.87,6.94
IMNN,Imunon Inc.,SITC,2024,nano,-21.03,-19.48,-11.43,-13.54,0.89,-12.26,-1.14
REGN,Regeneron Pharmaceuticals Inc.,SITC,2024,large,-20.93,-18.82,-11.63,-2.27,0.15,-8.21,-10.49
ALT,Altimmune Inc.,AASLD,2024,small,35.79,22.97,25.52,10.16,-15.48,2.6,4.61
ANIX,Anixa Biosciences Inc.,SITC,2024,micro,13.48,20.27,11.38,-1.09,-8.01,-14.92,-11.6
CUE,Cue Biopharma Inc.,SITC,2024,micro,162.02,44.72,20.27,17.11,5.06,-29.78,-42.7
MAIA,MAIA Biotechnology Inc.,SITC,2024,micro,27.2,22.51,32.27,20.73,-20.78,-31.93,-37.35
IOVA,Iovance Biotherapeutics Inc.,ASCO,2024,mid,27.78,26.08,15.09,9.74,-13.27,-33.39,-30.37
ALLO,Allogene Therapeutics Inc.,SITC,2024,small,18.38,22.9,26.77,25.78,-4.35,-23.6,-34.47
HOWL,Werewolf Therapeutics Inc.,SITC,2024,micro,16.19,34.81,-20.26,-4.69,-5.74,-20.9,-27.05
IOBT,IO Biotech Inc.,SITC,2024,,8.41,12.62,-4.92,-6.45,-5.17,-23.28,-41.21
CLLS,Cellectis S.A.,SITC,2024,micro,-19.18,-11.5,-6.84,-0.56,0.0,7.91,5.08
NXTC,NextCure Inc.,SITC,2024,nano,-4.38,3.15,-4.38,-2.96,0.76,7.63,-0.76
HCM,HUTCHMED (China) Limited,ESMO,2024,large,6.46,-7.27,-12.79,-1.74,0.43,-8.49,-3.54
CRVO,CervoMed Inc.,CTAD,2024,micro,-17.88,-4.83,-2.81,-2.29,-4.61,-5.23,-18.74
ACET,Adicet Bio Inc.,ACR,2024,micro,-32.85,-36.45,-24.85,-24.85,8.78,-4.55,16.17
PSTV,PLUS THERAPEUTICS Inc.,SNO,2024,nano,-12.41,-11.11,-2.44,2.56,2.5,7.5,12.5
CATX,Isoray. (DE),ASCO-GI,2024,micro,-76.3,-73.98,-73.33,-61.93,23.0,38.33,25.67
CMMB,Chemomab Therapeutics Ltd.,AASLD,2024,small,21.32,4.43,15.38,-10.81,-0.61,-3.64,1.21
VKTX,Viking Therapeutics Inc.,AASLD,2024,mid,-26.35,-20.83,-24.01,-18.96,4.93,8.78,4.34
LGND,Ligand Pharmaceuticals Incorporated,AASLD,2024,mid,8.45,4.85,0.49,-7.51,-0.1,11.34,8.34
FATE,Fate Therapeutics Inc.,ACR,2024,micro,-33.77,-35.87,-26.81,-21.09,7.92,19.8,30.2
CABA,Cabaletta Bio Inc.,ACR,2024,micro,-24.44,-32.96,-24.25,-32.06,-16.17,-24.42,17.49
MIRM,Mirum Pharmaceuticals Inc.,AASLD,2024,mid,14.84,13.09,10.01,6.95,-5.42,-0.52,2.45
BMEA,Biomea Fusion Inc.,ATTD,2024,micro,-37.39,-41.9,-26.13,-18.68,-1.68,6.13,5.21
ABOS,Acumen Pharmaceuticals Inc.,CTAD,2024,micro,17.44,26.78,13.91,10.58,-5.94,4.62,-13.86
ALGS,Aligos Therapeutics Inc.,AASLD,2024,micro,155.6,162.96,102.22,37.03,-3.5,6.73,39.54
NAMS,NewAmsterdam Pharma Company N.V.,AHA,2024,mid,40.28,30.91,38.1,1.26,-4.9,-15.46,-19.76
SLN,Silence Therapeutics Plc,AHA,2024,small,-31.76,-29.33,-28.77,-27.59,-45.12,-43.23,-39.61
TNXP,Tonix Pharmaceuticals Holding Corp.,ACR,2024,nano,-8.9,-30.96,-7.55,-6.56,24.1,46.45,41.11
PLRX,Pliant Therapeutics Inc.,AASLD,2024,small,11.78,-15.21,-14.22,-14.33,2.9,8.29,17.7
IVA,Inventiva S.A.,AASLD,2024,micro,60.95,-0.37,-1.45,0.74,0.74,-1.84,-4.41
NVO,Novo Nordisk A/S,AASLD,2024,,-13.61,-13.29,-7.27,-6.74,0.87,2.77,7.33
NTLA,Intellia Therapeutics Inc.,AHA,2024,small,-21.69,-32.41,-7.73,-20.17,1.15,5.87,4.87
REGN,Regeneron Pharmaceuticals Inc.,AHA,2024,large,-24.02,-21.86,-8.69,-8.34,-1.61,-0.96,-0.96
RHHBY,Roche Holding AG ADR,AASLD,2024,,-4.32,-8.65,-7.95,-3.91,-1.3,-1.94,-0.17
ABUS,Arbutus Biopharma Corporation,AASLD,2024,small,-5.47,-12.53,-8.33,-3.2,-3.03,-3.31,-4.68
PRLD,Prelude Therapeutics Incorporated,ESMO,2024,micro,-14.51,-16.29,-7.12,-0.41,-46.17,-47.2,-56.11
EVAX,Evaxion A/S,ESMO,2024,micro,13.21,-6.66,-1.64,-7.69,1.0,-1.67,3.67
MRK,Merck & Company Inc.,ESMO,2024,large,0.57,1.93,-2.19,0.39,2.1,-0.2,-1.99
ZYME,Zymeworks Inc.,ESMO,2024,small,22.94,19.66,6.91,7.18,-1.91,1.75,0.08
NXTC,NextCure Inc.,ESMO,2024,nano,-12.5,-10.26,-4.76,0.72,-1.43,0.0,-2.14
PDSB,PDS Biotechnology Corporation,ESMO,2024,micro,-6.83,-7.69,-6.25,-0.33,4.0,4.67,27.33
AMGN,Amgen Inc.,ESMO,2024,large,-0.46,3.43,-0.41,2.0,0.11,0.95,-3.08
IMMP,Immutep Limited,ESMO,2024,mid,32.0,16.81,0.38,1.15,-15.53,-13.26,-16.29
APVO,Aptevo Therapeutics Inc.,ESMO,2024,nano,-14.87,-15.07,-1.39,1.72,-42.25,-50.42,-49.3
ACRV,Acrivon Therapeutics Inc.,ESMO,2024,micro,18.01,17.24,-6.11,12.78,-14.7,-18.86,-21.44
MRK,Merck & Company Inc.,ESMO,2024,large,1.26,1.71,-1.88,-2.2,2.35,1.67,-1.35
ASND,Ascendis Pharma A/S,ESMO,2024,mid,-9.86,-14.13,-13.89,2.04,22.96,22.97,25.24
CCCC,C4 Therapeutics Inc.,ESMO,2024,small,-4.04,9.39,-0.31,18.7,-0.78,-0.94,-8.11
PFE,Pfizer Inc.,ESMO,2024,large,-4.86,1.57,1.53,2.1,3.12,0.89,-0.24
BYSI,BeyondSpring Inc.,WCLC,2024,micro,4.64,8.56,2.01,5.18,6.4,9.36,2.46
CVAC,CureVac N.V.,ESMO,2024,,-26.34,-16.46,-17.22,-12.74,11.31,19.34,12.77
NUVL,Nuvalent Inc.,ESMO,2024,micro,5.69,23.23,1.09,1.32,1.44,30.05,18.32
PDSB,PDS Biotechnology Corporation,ESMO,2024,micro,-24.48,-3.62,-12.54,-8.44,2.73,4.44,7.17
CCCC,C4 Therapeutics Inc.,ESMO,2024,small,-16.92,0.0,-18.67,-14.56,20.74,17.78,14.26
RPRX,Royalty Pharma plc,ESMO,2024,large,-0.31,9.29,1.81,-1.14,-2.23,-1.53,-3.45
PLRX,Pliant Therapeutics Inc.,ERS,2024,small,-3.74,4.8,-4.31,-3.16,0.85,-7.77,-12.04
AVBP,ArriVent BioPharma Inc.,WCLC,2024,small,25.16,28.9,15.41,4.79,-2.57,-12.39,-19.17
ATXS,Astria Therapeutics Inc.,ACAAI,2024,,4.85,4.85,0.52,1.92,3.6,-3.08,1.2
VCNX,Vaccinex Inc.,CTAD,2024,nano,-11.43,42.91,59.92,18.88,-26.8,-18.11,-9.43
CGTX,Cognition Therapeutics Inc.,CTAD,2024,nano,-7.85,23.15,28.76,12.35,-2.05,-9.94,10.39
LGVN,Longeveron Inc.,CTAD,2024,,8.46,15.96,12.37,6.34,-0.92,3.21,5.5
HUMA,Humacyte Inc.,ASN,2024,small,5.87,2.76,-1.41,4.68,-4.83,-9.3,-1.25
BIIB,Biogen Inc.,ASN,2024,large,-8.96,-6.27,-5.15,-1.6,0.98,-4.5,-5.32
APLS,Apellis Pharmaceuticals Inc.,ASN,2024,,-26.52,-7.49,-2.56,-0.74,2.74,7.05,10.87
GILD,Gilead Sciences Inc.,AACR,2024,large,7.21,6.18,4.51,2.38,-0.02,0.82,8.77
IDYA,IDEAYA Biosciences Inc.,AACR,2024,mid,-22.05,-5.19,-5.5,-4.39,2.77,-2.05,7.12
TYRA,Tyra Biosciences Inc.,AACR,2024,small,34.7,22.58,30.4,4.68,-30.48,-42.71,-43.69
IRON,Disc Medicine Inc.,ASN,2024,small,-3.75,-8.13,-3.66,-9.02,0.41,2.46,41.3
KALV,KalVista Pharmaceuticals Inc.,AAAAI,2024,,8.35,-2.19,3.78,-3.44,0.17,-12.1,-5.47
INAB,IN8bio Inc.,SNO,2024,nano,39.94,5.54,-4.32,-4.22,-2.41,0.52,-3.99
RVMD,Revolution Medicines Inc - Ordinary Shares,ENA,2024,mid,8.12,6.97,-6.4,-6.31,1.06,16.59,27.92
ZLAB,Zai Lab Limited,ENA,2024,large,40.42,28.05,14.25,9.79,11.85,4.42,6.46
RCUS,Arcus Biosciences Inc.,AACR,2024,small,-0.35,12.61,1.35,-4.99,-5.83,-11.71,-5.02
NTLA,Intellia Therapeutics Inc.,ACAAI,2024,mid,-3.53,-3.06,12.09,-4.96,-20.01,-28.69,-19.76
PHVS,Pharvaris N.V.,ACAAI,2024,small,8.24,17.58,24.57,4.52,-2.25,11.98,0.5
IMMX,Immix Biopharma Inc.,ASGCT,2024,nano,-31.8,-26.37,-16.85,-10.3,-9.46,4.05,-2.7
RPTX,Repare Therapeutics Inc.,AACR,2024,,21.8,16.94,23.94,6.02,-4.26,-2.27,-1.99
TGTX,TG Therapeutics Inc.,ECTRIMS,2024,mid,21.87,1.5,13.59,8.71,0.8,-6.9,-10.77
BYSI,BeyondSpring Inc.,ESMO,2024,micro,24.32,22.99,12.75,13.3,-3.48,-9.57,-0.43
IMMP,Immutep Limited,ESMO,2024,mid,21.03,26.2,18.59,22.28,-7.63,-10.17,-14.83
RCUS,Arcus Biosciences Inc.,ASCO-GU,2025,small,-13.42,-6.63,-0.76,5.22,-15.27,-21.83,-26.03
ENGN,enGene Holdings Inc.,ASCO-GU,2025,small,-6.02,-10.84,-6.72,-0.79,-4.48,-2.4,-6.56
VCYT,Veracyte Inc.,ASCO-GU,2025,mid,-0.03,-3.67,-12.95,-4.74,2.1,-0.58,-15.23
KALV,KalVista Pharmaceuticals Inc.,AAAAI,2025,,5.02,17.2,4.9,-0.22,0.76,6.3,17.17
RNXT,RenovoRx Inc.,ASCO-GI,2025,nano,0.73,6.98,3.76,-8.0,-2.17,-0.72,-16.67
CATX,Isoray. (DE),ASCO-GI,2025,micro,-3.71,15.61,2.83,14.87,5.51,-2.2,-8.82
RCUS,Arcus Biosciences Inc.,ASCO,2025,small,3.01,-11.98,-2.59,-1.38,1.2,-8.23,-11.02
PSTV,PLUS THERAPEUTICS Inc.,SABCS,2024,nano,-13.97,-1.68,-12.69,-10.69,-14.53,-7.69,0.85
MRUS,Merus N.V.,UNKNOWN,2024,,-16.46,-3.32,-7.38,-0.33,-0.84,-0.91,-1.17
GMAB,Genmab A/S,UNKNOWN,2024,,-12.12,-3.14,-7.74,-8.29,0.6,2.25,4.9
ELTX,Elicio Therapeutics Inc.,ESMO,2024,micro,27.88,2.31,5.35,10.6,-4.7,-4.51,-3.2
INKT,MiNK Therapeutics Inc.,AACR,2025,nano,45.69,20.48,6.93,7.04,-12.49,-23.94,-26.67
BCYC,Bicycle Therapeutics plc,SABCS,2024,small,-12.23,-9.17,3.64,9.79,-34.52,-28.88,-31.01
CELC,Celcuity Inc.,SABCS,2024,small,-19.99,-14.79,-2.45,0.16,-0.94,-4.95,2.75
LLY,Eli Lilly and Company,SABCS,2024,large,-11.51,-2.35,1.3,-3.65,-2.15,-4.36,-0.68
INAB,IN8bio Inc.,ASH,2024,nano,11.63,1.2,10.65,5.22,-4.46,-14.29,-30.16
OLMA,Olema Pharmaceuticals Inc.,SABCS,2024,small,-20.07,-25.79,5.95,-5.6,-10.91,-34.96,-33.05
ALXO,ALX Oncology Holdings Inc.,SABCS,2024,micro,17.81,16.22,17.01,10.97,-12.21,4.07,6.4
ZYME,Zymeworks Inc.,SABCS,2024,small,-0.76,-24.18,-7.46,-5.81,-0.3,1.75,7.61
NVS,Novartis AG,ASH,2024,large,-12.06,-3.78,-1.8,-2.75,-2.47,-2.54,-3.27
XNCR,Xencor Inc.,ASH,2024,small,16.83,8.11,-3.3,-5.26,0.24,-0.63,-3.61
IMMX,Immix Biopharma Inc.,ASH,2024,micro,51.19,43.5,47.67,13.39,-8.66,-9.84,-14.17
INCY,Incyte Corporation,ASH,2024,large,9.77,-11.55,-1.92,0.11,0.53,-3.76,-3.05
ACIU,AC Immune SA,ADPD,2025,micro,-33.09,-28.0,-18.92,-9.55,-1.67,-15.0,-16.67
MRK,Merck & Company Inc.,AACR,2025,large,-12.51,-7.27,4.5,6.28,2.38,0.12,-2.79
EVAX,Evaxion A/S,AACR,2025,micro,-7.3,-6.25,22.22,25.95,-9.09,-12.12,-9.7
CHRS,Coherus Oncology Inc.,AACR,2025,micro,11.94,22.82,23.22,-2.83,-2.95,-0.97,-0.97
TARA,Protara Therapeutics Inc.,ASCO-GU,2025,micro,0.23,-5.68,10.49,12.21,-21.3,-21.53,-24.31
ALXO,ALX Oncology Holdings Inc.,AACR,2025,nano,-27.71,-15.85,25.21,9.27,-11.76,-11.33,-29.73
BMY,Bristol-Myers Squibb Company,AACR,2025,large,-19.23,-17.33,-3.51,-1.1,-0.47,3.86,-4.6
BOLT,Bolt Biotherapeutics Inc.,AACR,2025,nano,-7.05,-11.49,21.18,11.14,-4.88,-9.13,-7.97
VCNX,Vaccinex Inc.,AACR,2025,nano,18.57,36.07,13.7,12.16,-19.28,-19.28,-18.07
ATHE,Alterity Therapeutics Limited,AAN,2025,large,-28.68,-26.98,-21.14,-5.8,13.77,26.81,26.09
NRSN,NeuroSense Therapeutics Ltd.,AAN,2025,nano,-11.42,-13.04,-13.04,3.18,4.31,8.67,5.5
ARVN,Arvinas Inc.,ADPD,2025,small,-61.17,-62.25,-21.14,-9.09,-7.68,0.72,26.81
TCRX,TScan Therapeutics Inc.,ASH,2024,micro,-5.11,-18.6,2.65,3.34,-33.62,-35.99,-37.28
INMB,INmune Bio Inc.,ADPD,2025,micro,-14.92,-3.58,8.62,-11.85,3.33,-12.42,-4.35
AZN,AstraZeneca PLC,ACC,2025,,-0.83,-2.44,-4.85,2.83,0.44,-11.91,-10.96
MRK,Merck & Company Inc.,ACC,2025,large,7.49,-4.21,-5.87,-3.34,-2.36,-9.02,-11.27
BMEA,Biomea Fusion Inc.,ATTD,2025,micro,-23.47,-14.07,14.34,13.89,-6.27,-25.78,-29.97
DYN,Dyne Therapeutics Inc.,MDA,2025,small,-15.26,-13.37,-2.19,4.78,4.4,2.82,-13.2
ZNTL,Zentalis Pharmaceuticals Inc.,SGO,2025,micro,1.72,-27.16,-7.81,-1.12,0.0,11.86,-10.17
QTTB,Q32 Bio Inc.,AAD,2025,nano,-36.93,-29.52,-12.6,2.78,-14.41,-1.35,-1.8
HOTH,Hoth Therapeutics Inc.,AAD,2025,,-12.68,1.64,14.81,31.3,-15.32,-10.48,-16.13
JSPR,Jasper Therapeutics Inc.,AAAAI,2025,micro,11.05,-2.15,-2.47,3.67,-6.75,-10.96,-4.72
COGT,Cogent Biosciences Inc.,AAAAI,2025,small,-8.96,-27.85,-17.57,-17.06,12.22,10.43,8.64
AGEN,Agenus Inc.,AACR,2025,micro,1.28,-12.22,-2.17,-10.23,-0.95,-18.35,-35.13
COGT,Cogent Biosciences Inc.,ASH,2024,small,-25.73,-12.93,-2.63,-6.12,6.86,-7.09,-12.71
RHHBY,Roche Holding AG ADR,ASH,2024,,-10.01,-2.92,3.02,1.19,-2.38,-2.66,-4.44
GILD,Gilead Sciences Inc.,ASH,2024,large,3.52,-4.6,2.15,-2.01,0.23,-0.09,1.38
KURA,Kura Oncology Inc.,ASH,2024,small,-39.06,-39.65,-1.2,-4.73,-3.56,-6.47,-16.21
KYKOF,Kyowa Kirin Co. Ltd.,ASH,2024,,-3.78,-3.78,-4.18,0.0,0.0,0.0,-6.73
ACLX,Arcellx Inc.,ASH,2024,,0.28,-17.96,-6.51,-11.67,-2.7,-1.34,-9.18
COGT,Cogent Biosciences Inc.,ASH,2024,small,-25.73,-12.93,-2.63,-6.12,6.86,-7.09,-12.71
ADCT,ADC Therapeutics SA,ASH,2024,small,6.1,6.83,57.29,34.91,11.18,-36.1,-36.42
SNDX,Syndax Pharmaceuticals Inc.,ASH,2024,small,-9.28,-22.01,5.72,1.86,-12.17,-18.93,-21.75
BNOX,Bionomics Limited,ACNP,2024,,21.28,-26.13,1.7,-0.83,-0.28,-4.74,-15.32
VOR,Vor Biopharma Inc.,ASH,2024,micro,12.72,-14.46,3.73,-5.7,23.25,24.47,5.92
AGIO,Agios Pharmaceuticals Inc.,ASH,2024,mid,36.7,4.37,10.7,4.71,-25.34,-30.74,-42.65
ABBV,AbbVie Inc.,ASH,2024,large,-6.21,-11.68,-0.43,-3.07,-0.3,-2.59,1.25
SLS,SELLAS Life Sciences Group Inc.,ASH,2024,micro,-7.32,-7.32,-2.56,-1.72,-8.77,-19.29,-20.25
AFMD,Affimed N.V.,ASH,2024,,-30.03,-39.48,-11.07,-16.19,-0.43,-8.58,-48.93
IRON,Disc Medicine Inc.,ASH,2024,small,40.88,-0.28,-0.22,0.93,4.09,2.1,-1.56
IPHA,Innate Pharma S.A.,ASH,2024,micro,-18.33,-20.11,-9.82,0.68,22.45,61.22,42.86
PSTX,Poseida Therapeutics Inc.,ASH,2024,,288.38,203.9,242.86,0.43,0.96,1.6,1.28
BEAM,Beam Therapeutics Inc.,ASH,2024,mid,23.94,-1.29,6.63,-5.62,13.07,8.31,7.45
STOK,Stoke Therapeutics Inc.,AES,2024,small,4.32,-5.28,11.54,3.8,9.47,-4.06,-7.08
XENE,Xenon Pharmaceuticals Inc.,AES,2024,mid,-1.05,-9.47,4.05,-2.86,1.55,-3.28,-6.71
TARA,Protara Therapeutics Inc.,ASCO-GU,2024,micro,88.3,44.49,53.25,16.45,66.95,76.55,46.33
GMAB,Genmab A/S,UNKNOWN,2024,,-6.44,-4.7,4.42,4.12,0.93,2.84,-6.88
MRUS,Merus N.V.,UNKNOWN,2024,,-14.9,-10.85,-3.74,-1.43,3.06,-2.45,-4.55
BGNE,BeiGene Ltd.,ASH,2024,,-3.38,0.07,7.93,-0.06,-8.81,-14.24,-13.58
EDIT,Editas Medicine Inc.,ASH,2024,micro,-32.7,-31.41,-12.3,-2.28,-1.87,-30.84,-41.59
RIGL,Rigel Pharmaceuticals Inc.,ASH,2024,small,79.73,15.31,-2.27,-5.91,-19.21,-24.79,-32.61
CRSP,CRISPR Therapeutics AG,ASH,2024,mid,10.49,1.38,9.29,-5.11,-6.97,-15.46,-22.64
IRON,Disc Medicine Inc.,ASH,2024,small,40.88,-0.28,-0.22,0.93,4.09,2.1,-1.56
PTGX,Protagonist Therapeutics Inc.,ASH,2024,mid,-11.0,-9.02,-9.47,-2.77,-1.09,-1.43,-3.47
FATE,Fate Therapeutics Inc.,ASH,2024,small,0.0,9.5,15.72,-10.47,-13.96,-24.53,-37.36
GLPG,Galapagos NV,ASH,2024,,-6.77,-0.26,-0.52,-3.57,0.82,-0.3,0.37
ONC,BeOne Medicines Ltd.,ASH,2024,large,-3.38,0.07,7.93,-0.06,-8.81,-14.24,-13.58
OMER,Omeros Corporation,ASH,2024,small,177.09,163.27,6.42,-2.85,-9.22,-34.63,-12.92
MRK,Merck & Company Inc.,AACR,2018,large,5.17,2.69,7.32,1.79,3.69,5.39,2.97
AZN,AstraZeneca PLC,ASH,2024,,-9.25,5.57,0.69,-0.56,-0.56,-2.34,-2.92
AFMD,Affimed N.V.,ASH,2024,,-30.03,-39.48,-11.07,-16.19,-0.43,-8.58,-48.93
PSTX,Poseida Therapeutics Inc.,ASH,2024,,288.38,203.9,242.86,0.43,0.96,1.6,1.28
CRIS,Curis Inc.,ASH,2024,nano,-22.65,-12.67,-4.22,-12.67,2.59,-9.84,-15.8
NVO,Novo Nordisk A/S,ASH,2024,,-2.3,3.33,5.43,1.93,-1.43,-2.46,-19.92
ZLAB,Zai Lab Limited,ASH,2024,large,-13.59,-8.65,5.83,-4.21,-0.86,-6.4,-5.11
REGN,Regeneron Pharmaceuticals Inc.,ASH,2024,large,-16.61,-6.09,5.42,2.05,0.06,-6.83,-8.08
NRIX,Nurix Therapeutics Inc.,ASH,2024,small,-18.65,-21.84,-3.08,-0.56,3.23,-2.62,-6.5
KROS,Keros Therapeutics Inc.,ASH,2024,mid,15.21,3.08,25.18,23.39,-5.27,-72.26,-75.54
MRUS,Merus N.V.,ENA,2021,,-20.32,-26.2,-12.82,-9.09,40.5,51.8,43.0
BMY,Bristol-Myers Squibb Company,ACC,2022,large,9.28,7.34,3.9,0.97,0.83,3.63,3.49
ASLN,ASLAN Pharmaceuticals Limited,AAD,2022,,-13.7,0.35,2.01,5.37,4.29,1.27,-9.62
NCNA,NuCana plc,AACR,2022,nano,-70.21,-75.24,-72.07,-72.07,4.06,5.95,25.12
GRTS,Gritstone bio Inc.,ESMO,2022,,-45.38,-45.79,-49.54,-2.53,-4.73,-23.78,-24.54
APVO,Aptevo Therapeutics Inc.,ASH,2021,nano,-49.02,-33.25,-26.21,0.26,1.54,4.63,-4.12
LGND,Ligand Pharmaceuticals Incorporated,ASH,2021,mid,-1.35,-10.81,-7.26,-3.81,-0.55,6.42,9.54
ZLAB,Zai Lab Limited,ESMO,2021,mid,-17.26,-19.09,-3.48,-2.11,-14.56,-17.71,-16.24
NVCR,NovoCure Limited,ESMO,2021,large,-7.16,-13.23,-3.64,-7.93,-9.83,-9.54,-13.11
MOLN,Molecular Partners AG,ASCO,2021,,-0.31,-2.62,1.1,2.72,-8.07,-24.22,-48.29
ATRA,Atara Biotherapeutics Inc.,ECTRIMS,2021,small,20.03,13.08,2.45,3.27,-12.35,-12.63,-16.69
LIAN,LianBio,ACC,2022,,-22.61,-5.57,27.74,33.21,33.24,32.98,46.92
GMAB,Genmab A/S,ENA,2021,,-8.4,-4.19,-4.26,-1.67,-0.16,1.89,7.96
BMY,Bristol-Myers Squibb Company,ESMO,2021,large,-10.0,-11.4,-6.55,-2.43,-1.6,-2.4,-3.88
IMCR,Immunocore Holdings plc,ESMO,2021,small,7.13,22.52,3.44,5.48,4.9,4.29,11.09
REGN,Regeneron Pharmaceuticals Inc.,ESMO,2021,large,6.72,-1.72,-4.07,1.93,-0.76,-5.03,-14.8
SNY,Sanofi,ESMO,2021,large,-4.86,-8.92,-7.19,0.37,-0.33,-0.54,-0.02
EXEL,Exelixis Inc.,ESMO,2021,mid,21.92,12.1,4.76,4.76,1.22,0.15,3.27
BMY,Bristol-Myers Squibb Company,ESMO,2021,large,-9.48,-8.73,-5.79,-2.49,-1.11,-2.21,-4.56
ALEC,Alector Inc.,AAIC,2021,mid,35.98,46.42,-8.68,-3.97,-21.2,-6.26,-8.49
CYCC,Cyclacel Pharmaceuticals Inc.,ASCO,2021,,-17.29,-15.89,-7.63,4.4,-9.44,-11.64,-14.5
GSK,GSK plc American Depositary Shares (Each representing two),ASCO,2022,large,-4.01,-1.68,5.89,3.24,-2.02,-5.0,-2.6
PDSB,PDS Biotechnology Corporation,ASCO,2022,micro,-12.91,-6.64,32.11,-0.59,6.32,-19.37,-30.83
RHHBY,Roche Holding AG ADR,ASCO,2022,,-17.74,-7.71,8.73,5.52,0.16,-3.35,-7.93
MRK,Merck & Company Inc.,ASCO,2022,large,8.85,5.84,3.21,1.8,-0.71,-4.1,-7.01
LLY,Eli Lilly and Company,ASCO,2022,large,1.43,3.28,5.21,7.24,5.36,-1.75,-3.26
REGN,Regeneron Pharmaceuticals Inc.,ASCO,2022,large,-5.6,2.26,8.98,5.13,0.28,-8.76,-17.23
ADAG,Adagene Inc.,ASCO,2022,micro,-25.3,-22.74,-10.39,-1.23,-0.71,-0.71,-9.22
PMVP,PMV Pharmaceuticals Inc.,UNKNOWN,2022,small,-35.8,-13.65,7.03,-6.7,17.11,5.81,-26.36
BGNE,BeiGene Ltd.,ASCO,2022,,-32.11,-19.59,-3.1,-3.24,5.14,11.38,15.74
CADL,Candel Therapeutics Inc.,ASCO,2022,micro,-32.36,-2.8,-8.68,-6.22,22.48,8.65,-4.03
SWTX,SpringWorks Therapeutics Inc.,ASCO,2022,,-38.99,-26.12,-7.56,-7.76,-43.8,-33.91,-33.09
MBIO,Mustang Bio Inc.,EHA,2021,small,17.23,41.11,13.73,7.02,-3.41,-9.71,-6.82
AZN,AstraZeneca PLC,ASCO,2022,,-0.43,3.32,11.12,6.54,-2.53,-5.71,-8.31
DSNKY,"Daiichi Sankyo Co., Ltd. ADR",ASCO,2022,,16.77,7.71,9.57,6.66,-1.17,-8.66,-8.99
ZLAB,Zai Lab Limited,ATS,2022,large,-33.7,-26.99,-15.73,25.53,4.77,3.37,-10.44
INVA,Innoviva Inc.,ATS,2022,small,-18.94,-11.01,-1.35,5.16,-0.87,-3.92,-8.51
GSK,GSK plc American Depositary Shares (Each representing two),ATS,2022,large,1.42,-3.31,-1.66,2.19,-1.67,1.42,-3.0
UBX,Unity Biotechnology Inc.,ARVO,2022,,-28.43,-22.66,-5.98,3.12,-10.22,-23.88,-14.49
MTEM,Molecular Templates Inc.,AACR,2022,,22.98,22.98,-11.62,-13.47,-6.57,-23.53,-37.37
AIM,AIM ImmunoTech Inc.,AACR,2022,micro,52.1,40.27,0.0,-3.57,-12.04,3.7,-4.63
MRK,Merck & Company Inc.,ASCO,2021,large,-4.25,-2.36,-4.4,-1.77,2.45,5.25,6.76
DTIL,Precision BioSciences Inc.,ASCO,2021,small,22.15,32.3,8.9,0.63,1.8,3.59,-5.57
CMRX,Chimerix Inc.,ASCO,2021,,2.19,-1.06,6.33,5.79,-2.14,0.48,-0.6
ALKS,Alkermes plc,ASCO,2021,mid,10.28,4.82,5.25,2.26,1.86,8.5,5.85
PPBT,Purple Biotech Ltd.,ASCO,2021,micro,51.69,71.87,54.48,33.86,-23.07,-25.15,-24.11
IMMP,Immutep Limited,ASCO,2021,mid,56.97,58.44,6.29,5.19,-1.58,-3.16,-7.5
AGEN,Agenus Inc.,ASCO,2021,small,38.01,42.91,-3.59,-4.28,6.2,28.54,30.52
ALLO,Allogene Therapeutics Inc.,ASCO,2021,mid,-30.77,-17.48,-10.35,-2.75,0.54,8.43,1.7
ZLAB,Zai Lab Limited,ASCO,2021,large,7.15,13.28,8.66,4.17,-2.81,-3.75,-10.75
ONC,BeOne Medicines Ltd.,ASCO,2021,large,12.44,11.39,1.63,-0.36,-1.57,-0.81,-7.99
BMY,Bristol-Myers Squibb Company,ASCO,2021,large,-2.46,0.02,-1.31,-2.18,0.39,4.17,3.22
XOMA,XOMA Royalty Corporation,ASCO,2021,small,-20.25,-6.37,-6.49,-3.4,-0.31,7.79,3.89
AZN,AstraZeneca PLC,ASCO,2021,,6.13,7.98,0.66,-1.84,0.22,2.93,2.58
IMMP,Immutep Limited,ASCO,2021,mid,16.38,27.55,28.75,19.42,9.22,16.99,20.63
VBIV,VBI Vaccines Inc.,ASCO,2021,,6.97,6.23,13.28,13.28,4.23,7.17,6.84
HOOK,HOOKIPA Pharma Inc.,ASCO,2021,,38.22,54.17,25.26,13.06,-11.5,-12.29,-11.45
PDSB,PDS Biotechnology Corporation,ASCO,2021,micro,2.14,6.89,16.43,28.12,45.12,101.22,122.65
IBRX,ImmunityBio Inc.,ASCO,2021,mid,-14.61,-11.87,-0.31,10.37,-0.44,6.45,9.71
CLRB,Cellectar Biosciences Inc.,ASCO,2021,micro,-5.84,-2.68,6.62,16.0,1.38,9.66,6.9
ONCY,Oncolytics Biotech Inc.,ASCO,2021,micro,-39.01,-6.6,-3.08,8.85,5.3,7.07,7.77
MRUS,Merus N.V.,ASCO,2021,,14.36,10.3,20.64,14.26,-16.44,-17.19,-21.51
BLUE,bluebird bio Inc.,EHA,2021,,12.11,15.62,6.84,9.6,-1.06,-2.18,-8.79
VRTX,Vertex Pharmaceuticals Incorporated,EHA,2021,large,2.32,1.13,4.56,3.26,-10.14,-13.34,-10.35
FBIO,Fortress Biotech Inc.,EHA,2021,small,-0.92,19.11,13.16,9.14,-11.4,-18.6,-13.95
AGIO,Agios Pharmaceuticals Inc.,EHA,2021,mid,6.67,8.28,4.2,3.3,-2.12,1.61,-4.67
BMY,Bristol-Myers Squibb Company,EHA,2021,large,7.16,3.61,2.56,3.77,-0.15,-1.37,-0.96
MRK,Merck & Company Inc.,EHA,2021,large,8.37,1.48,5.18,2.74,-0.91,0.62,1.39
CRSP,CRISPR Therapeutics AG,EHA,2021,mid,-6.2,22.49,4.48,9.2,4.08,3.33,15.2
AUTL,Autolus Therapeutics plc,EHA,2021,small,20.18,13.22,7.7,7.87,16.2,10.51,1.46
PFE,Pfizer Inc.,EHA,2021,large,5.39,1.45,5.25,3.91,-2.58,-4.6,-4.18
ELVN,Enliven Therapeutics Inc.,EHA,2021,small,13.94,12.63,17.73,7.81,-3.17,-13.48,-11.1
PDSB,PDS Biotechnology Corporation,ASCO,2021,micro,125.0,164.05,53.42,4.75,-12.68,0.63,-12.05
AMGN,Amgen Inc.,ASCO,2021,large,-7.57,-6.19,-6.43,0.18,0.62,2.98,1.25
CLRB,Cellectar Biosciences Inc.,ASCO,2021,micro,22.15,33.82,26.39,14.47,-16.48,-22.53,-30.22
BGNE,BeiGene Ltd.,ASCO,2021,,12.44,11.39,1.63,-0.36,-1.57,-0.81,-7.99
ITOS,iTeos Therapeutics Inc.,ASCO,2021,,-19.72,-20.53,-15.33,-8.76,-1.42,5.14,31.6
MRUS,Merus N.V.,ASCO,2021,,-15.79,-1.43,-6.06,-4.99,14.5,15.7,9.2
GMAB,Genmab A/S,ASCO,2021,,10.31,9.19,5.07,0.94,1.75,7.63,5.61
CGEM,Cullinan Therapeutics Inc.,ASCO,2021,small,-8.37,2.62,-2.14,-1.1,13.78,5.48,-14.52
PDSB,PDS Biotechnology Corporation,ASCO,2022,micro,31.07,14.85,6.18,12.08,14.44,14.01,7.54
DCPH,Deciphera Pharmaceuticals Inc.,ESMO,2022,,42.47,10.18,21.75,8.07,2.1,2.93,-2.77
SWTX,SpringWorks Therapeutics Inc.,ESMO,2022,,-5.12,-2.88,4.61,4.84,2.93,-2.93,-14.99
EXEL,Exelixis Inc.,ESMO,2022,mid,-14.44,-8.11,-1.81,-0.06,-4.25,-5.47,-11.23
NKTR,Nektar Therapeutics,ESMO,2022,small,-5.56,-27.24,-14.61,-6.73,-5.08,-5.08,-17.65
ADAG,Adagene Inc.,ESMO,2022,micro,-6.51,12.06,12.06,3.95,-4.43,-8.86,-16.46
BMY,Bristol-Myers Squibb Company,ESMO,2022,large,-4.91,-7.16,-1.45,2.26,1.25,0.04,-0.01
SPPI,Spectrum Pharmaceuticals Inc.,ESMO,2022,,59.29,-4.78,4.44,7.02,-9.65,-18.15,-64.48
BNTX,BioNTech SE,ESMO,2022,large,-10.74,-7.18,-0.92,-0.41,0.73,-0.98,-12.81
EXEL,Exelixis Inc.,ESMO,2022,mid,-16.49,-8.82,-6.47,0.23,0.67,-3.66,-6.81
TAK,Takeda Pharmaceutical Company Limited American Depositary Shares (each representing 1/2 of a share of),ESMO,2022,large,-9.39,-6.4,-4.31,-3.2,3.08,0.75,-1.13
BMY,Bristol-Myers Squibb Company,ESMO,2022,large,-8.09,-8.15,-5.05,2.0,2.04,4.39,3.68
CRDF,Cardiff Oncology Inc.,ESMO,2022,micro,31.22,-4.61,10.69,3.2,-34.83,-40.34,-46.9
IMMP,Immutep Limited,WCLC,2022,small,11.88,12.44,6.1,2.26,-0.88,0.0,0.0
ADVM,Adverum Biotechnologies Inc.,ASRS,2022,,98.64,80.23,45.83,14.38,-4.0,-9.71,-16.57
PFE,Pfizer Inc.,ESMO,2022,large,3.28,-1.67,12.42,0.83,0.84,-0.52,-1.8
MRK,Merck & Company Inc.,ESMO,2022,large,0.36,2.79,9.22,-2.11,0.77,1.28,-0.06
AGEN,Agenus Inc.,ESMO,2022,small,16.46,10.18,41.54,2.22,5.43,39.13,55.98
RHHBY,Roche Holding AG ADR,EASL,2022,,5.31,-3.9,5.2,6.85,-0.67,-0.17,-0.02
GILD,Gilead Sciences Inc.,EASL,2022,large,-1.9,-4.95,-3.25,4.71,3.42,3.26,3.65
VRTX,Vertex Pharmaceuticals Incorporated,EHA,2022,large,-6.71,3.31,-6.89,-4.9,-2.28,6.0,8.35
CRSP,CRISPR Therapeutics AG,EHA,2022,mid,28.5,22.08,9.29,-0.72,-8.86,1.43,-0.75
STSA,Satsuma Pharmaceuticals Inc.,AHA,2022,,-13.11,30.5,-1.17,-0.59,-5.62,-9.17,25.74
REGN,Regeneron Pharmaceuticals Inc.,ESMO,2022,large,24.52,15.21,21.49,24.75,-3.17,-1.24,-5.28
GRTS,Gritstone bio Inc.,ESMO,2022,,-43.65,-26.02,-28.13,-4.17,2.37,-7.11,-6.72
ALPMY,Astellas Pharma Inc. ADR,AAO,2022,,-11.73,-7.82,-4.45,0.0,2.29,2.44,1.83
REGN,Regeneron Pharmaceuticals Inc.,AAO,2022,large,10.72,15.18,-2.6,-0.79,6.26,4.42,6.39
ACLX,Arcellx Inc.,ASH,2022,,-1.04,2.76,1.93,8.82,-1.05,-9.58,1.58
ADVM,Adverum Biotechnologies Inc.,AAO,2022,,-31.82,-16.0,-7.08,-4.55,-8.1,-9.62,-2.86
GRTS,Gritstone bio Inc.,ESMO,2022,,41.34,-12.44,2.57,-1.91,12.81,-10.58,-26.18
PFE,Pfizer Inc.,ESMO,2022,large,-5.29,-4.53,2.18,4.68,-3.45,-5.02,-8.38
IMNM,Immunome Inc.,ESMO,2022,micro,37.71,-0.19,-12.58,0.94,-6.54,-8.97,-22.24
AMGN,Amgen Inc.,ESMO,2022,large,0.09,-0.28,2.93,2.19,-8.41,-6.84,-8.41
NCNA,NuCana plc,ESMO,2022,micro,-14.13,-4.24,1.94,14.29,-5.06,-5.06,-36.08
BBIO,BridgeBio Pharma Inc.,ENDO,2022,small,-16.96,0.6,-8.01,-4.99,-2.25,19.67,30.63
TRAW,Traws Pharma Inc.,ESMO,2022,nano,-3.33,-13.43,-7.2,0.0,2.59,-3.45,-19.83
ONTX,Traws Pharma Inc Com par $0.01 (New),ESMO,2022,,-3.33,-13.43,-7.2,0.0,2.59,-3.45,-19.83
BGNE,BeiGene Ltd.,ESMO,2022,,1.56,-11.99,-5.73,2.3,-4.59,-9.31,-22.79
ONC,BeOne Medicines Ltd.,ESMO,2022,large,1.56,-11.99,-5.73,2.3,-4.59,-9.31,-22.79
AZN,AstraZeneca PLC,ESMO,2022,,-6.13,-3.67,-6.64,-3.07,-4.28,-9.58,-14.84
PBYI,Puma Biotechnology Inc,ESMO,2022,micro,-6.48,-21.94,-11.61,6.2,0.36,-14.23,-17.15
NBP,NovaBridge Biosciences,ESMO,2022,small,-44.94,-27.69,-3.83,-2.37,-6.24,-13.34,-21.14
MRK,Merck & Company Inc.,ESMO,2022,large,-2.24,-4.04,-2.15,1.29,-1.21,-0.8,-1.33
ACLX,Arcellx Inc.,ASCO,2022,,9.8,38.05,68.59,34.45,22.59,89.67,25.7
CNTX,Context Therapeutics Inc.,ASCO,2022,nano,23.46,36.05,12.99,-2.44,-16.0,-2.0,7.5
MRK,Merck & Company Inc.,ASCO,2022,large,6.29,1.72,-3.89,-3.41,0.63,-5.46,-2.09
GMAB,Genmab A/S,ASCO,2022,,-17.42,-2.27,-3.12,-0.82,2.16,-7.57,-0.7
IMCR,Immunocore Holdings plc,ASCO,2022,small,-9.27,1.55,8.24,14.14,6.27,-13.21,7.34
MRUS,Merus N.V.,ASCO,2022,,-6.57,16.74,24.52,12.9,7.22,-5.93,-0.1
AZN,AstraZeneca PLC,ASCO,2022,,-6.08,0.72,-0.46,-3.27,-1.11,-8.59,-3.62
RFL,Rafael Holdings Inc. Class B,ASCO,2022,,-12.26,-4.12,6.9,-5.1,12.9,0.0,0.0
LLY,Eli Lilly and Company,ADA,2022,large,8.22,1.6,0.94,-6.75,3.46,-3.44,-1.43
MEIP,MEI Pharma Inc.,ASCO,2022,,-10.17,-10.17,8.16,20.45,18.87,-1.89,7.55
GILD,Gilead Sciences Inc.,ASCO,2022,large,-0.45,3.44,0.3,-1.57,-2.25,-4.29,-7.77
GILD,Gilead Sciences Inc.,ASCO,2022,large,1.93,3.71,-0.61,-2.08,-1.43,-6.78,-4.63
ALPN,Alpine Immune Sciences Inc.,EULAR,2022,,2.73,5.12,12.86,0.33,-0.44,-0.77,-2.99
VRTX,Vertex Pharmaceuticals Incorporated,EULAR,2022,large,-4.14,1.38,5.72,0.15,-0.76,-5.62,-2.58
AUPH,Aurinia Pharmaceuticals Inc,EULAR,2022,small,2.01,2.95,-4.12,-2.45,6.98,4.66,-4.83
KZIA,Kazia Therapeutics Limited,ASCO,2022,small,-19.33,0.0,2.2,3.6,-8.43,-0.33,-12.89
IMMP,Immutep Limited,ASCO,2022,mid,27.97,23.77,11.03,7.86,-11.59,-17.88,-35.1
BIIB,Biogen Inc.,ACR,2022,large,-10.32,-2.77,-1.43,-1.25,-0.75,3.36,-1.37
ABBV,AbbVie Inc.,EULAR,2022,large,-5.74,-1.49,-4.79,-1.17,-0.42,1.28,-6.3
BYSI,BeyondSpring Inc.,ASCO,2022,nano,-48.4,-25.66,-9.6,-12.4,21.24,39.82,46.9
CVM,Cel-Sci Corporation,ASCO,2022,micro,-8.79,5.24,5.99,-3.83,21.26,13.29,18.6
ONC,BeOne Medicines Ltd.,ASCO,2022,large,-32.11,-19.59,-3.1,-3.24,5.14,11.38,15.74
MRK,Merck & Company Inc.,UNKNOWN,2022,large,5.15,2.51,-4.25,-2.38,-0.4,-5.94,-0.76
AZN,AstraZeneca PLC,EHA,2022,,-7.06,-2.25,-5.93,-2.08,-6.97,-0.89,7.08
ABBV,AbbVie Inc.,EHA,2022,large,-2.51,-6.71,-4.53,-2.27,-3.9,0.19,6.49
GMAB,Genmab A/S,EHA,2022,,-17.88,-1.47,-4.84,-3.05,-4.85,3.5,8.83
ADPT,Adaptive Biotechnologies Corporation,EHA,2022,small,-15.52,-15.41,-15.21,2.5,-7.6,8.18,18.22
MRK,Merck & Company Inc.,EHA,2022,large,-0.65,-3.12,-4.67,-2.12,-3.41,-3.84,7.28
APLS,Apellis Pharmaceuticals Inc.,EHA,2022,,-7.09,13.78,-0.62,-8.43,-5.59,5.88,11.27
AUTL,Autolus Therapeutics plc,EHA,2022,micro,-13.13,15.83,7.75,2.58,-17.99,-20.14,0.0
PFE,Pfizer Inc.,EHA,2022,large,2.51,2.76,-4.09,-2.67,-7.47,-10.14,0.19
IOVA,Iovance Biotherapeutics Inc.,ASCO,2021,mid,-13.03,-13.28,-7.7,3.41,-30.48,-30.37,-35.41
PMVP,PMV Pharmaceuticals Inc.,UNKNOWN,2022,small,-16.19,15.49,-7.53,17.94,-26.17,-31.94,-15.93
PFE,Pfizer Inc.,ASCO,2022,large,10.53,8.48,1.39,-1.32,1.43,-9.94,-9.57
EFTR,eFFECTOR Therapeutics Inc.,ASCO,2022,,-46.08,-33.58,4.68,-6.77,-27.37,-16.2,-15.08
BMY,Bristol-Myers Squibb Company,ASCO,2022,large,-0.77,-1.96,-1.34,-1.27,1.89,-2.12,1.73
AZN,AstraZeneca PLC,ASCO,2022,,-6.08,0.72,-0.46,-3.27,-1.11,-8.59,-3.62
VRTX,Vertex Pharmaceuticals Incorporated,AHA,2022,large,-0.36,6.11,4.2,-1.57,0.9,-8.93,0.27
IMVIQ,IMV Inc.,ASCO,2022,,-26.61,-15.74,-13.33,-2.15,-6.59,-8.79,-19.78
MRKR,Marker Therapeutics Inc.,AACR,2019,small,60.22,24.29,6.75,-1.02,-30.69,-38.28,-51.03
MRK,Merck & Company Inc.,ESMO,2019,large,-2.53,-4.11,1.07,-1.72,0.83,1.78,2.14
GSK,GSK plc American Depositary Shares (Each representing two),ESMO,2019,large,5.35,1.83,4.29,1.0,-0.07,-0.33,-0.4
AZN,AstraZeneca PLC,ESMO,2019,,3.21,0.68,5.78,0.39,-3.58,-4.06,-3.18
ZLAB,Zai Lab Limited,ESMO,2019,small,-5.57,-2.33,-7.01,-7.87,2.35,0.09,4.96
GMAB,Genmab A/S,ECTRIMS,2019,,10.41,2.41,1.6,-2.35,-1.33,0.44,-2.95
NVS,Novartis AG,ECTRIMS,2019,large,-3.06,1.03,0.53,-0.25,-3.74,-2.7,-2.34
LLY,Eli Lilly and Company,WCLC,2019,large,5.34,0.25,4.15,0.96,-2.59,-3.44,0.11
AZN,AstraZeneca PLC,WCLC,2019,,2.83,1.97,0.36,-0.52,-4.22,-4.32,0.82
GMAB,Genmab A/S,ECTRIMS,2019,,11.2,9.62,0.1,-0.3,5.39,2.49,0.25
NVS,Novartis AG,ECTRIMS,2019,large,-4.86,-3.44,-0.51,0.65,0.97,0.68,-3.23
RHHBY,Roche Holding AG ADR,ESMO,2019,,5.07,6.67,5.87,2.07,-0.69,-0.25,-1.21
PBYI,Puma Biotechnology Inc,ESMO,2019,small,-20.96,-11.62,-9.04,3.9,-4.38,-7.98,-17.45
BLUE,bluebird bio Inc.,EHA,2019,,-12.71,-5.24,3.35,-1.97,-1.0,-3.28,2.63
PFE,Pfizer Inc.,EHA,2019,large,3.63,2.08,2.36,-0.98,0.89,2.76,1.94
KURA,Kura Oncology Inc.,EHA,2019,small,23.06,12.93,15.82,7.18,5.18,4.7,6.32
PBYI,Puma Biotechnology Inc,ASCO,2019,small,-55.03,-54.28,-10.85,-4.27,0.88,-5.68,-7.98
MRK,Merck & Company Inc.,ASCO,2019,large,8.22,-0.98,0.63,-2.42,2.36,4.13,5.16
AZN,AstraZeneca PLC,ASCO,2019,,-5.03,-5.3,-1.69,-6.78,6.09,8.84,8.87
CTMX,CytomX Therapeutics Inc.,ASCO,2019,small,-3.3,-3.4,-9.8,-12.74,7.97,6.63,11.7
ASMB,Assembly Biosciences Inc.,EASL,2019,small,-8.48,-4.33,-2.89,-9.66,-13.46,-19.05,-16.02
MGNX,MacroGenics Inc.,SABCS,2019,small,-21.08,-12.8,-1.22,-1.04,-17.84,-22.76,-25.31
BLUE,bluebird bio Inc.,ASH,2019,,-3.36,1.86,9.54,-1.02,7.89,15.3,13.04
SNY,Sanofi,ASH,2019,large,-0.71,0.37,-1.05,0.46,4.48,9.65,9.3
ACAD,ACADIA Pharmaceuticals Inc.,CTAD,2019,mid,5.72,7.98,-3.99,-5.19,12.33,0.16,-3.34
EIGR,Eiger BioPharmaceuticals Inc.,AASLD,2019,,9.52,0.85,-0.28,-4.89,8.79,8.88,17.94
BMY,Bristol-Myers Squibb Company,SITC,2019,large,14.42,12.53,4.37,2.44,0.64,-0.64,-3.19
PIRS,Pieris Pharmaceuticals Inc.,SITC,2019,,14.37,21.5,21.12,4.28,-13.33,-2.82,1.79
NKTR,Nektar Therapeutics,SITC,2019,mid,9.99,26.28,13.22,8.5,1.55,-10.13,5.74
IOVA,Iovance Biotherapeutics Inc.,SITC,2019,mid,14.84,13.08,0.73,-5.96,15.54,10.07,4.7
KURA,Kura Oncology Inc.,ENA,2019,small,-8.86,3.59,3.94,-0.53,0.2,-1.0,4.06
ZLAB,Zai Lab Limited,SABCS,2019,mid,-5.9,-1.2,3.17,-2.75,-9.26,1.43,12.06
LGND,Ligand Pharmaceuticals Incorporated,AASLD,2019,nano,3.28,8.41,3.74,0.29,-0.24,-4.7,-0.83
MRK,Merck & Company Inc.,ESMO,2019,large,-2.53,-4.11,1.07,-1.72,0.83,1.78,2.14
IMVIQ,IMV Inc.,ESMO,2019,,-12.22,1.87,-9.9,-9.3,-9.16,-4.03,1.83
XFOR,X4 Pharmaceuticals Inc.,ESMO,2019,micro,-0.69,1.96,-6.34,6.04,-3.54,-7.46,-11.15
CLRB,Cellectar Biosciences Inc.,ESMO,2019,nano,-6.88,-4.25,-17.14,-14.71,-5.42,-9.36,-21.18
AGIO,Agios Pharmaceuticals Inc.,ESMO,2019,mid,-18.75,-9.22,-8.64,-5.9,-2.5,-1.57,-6.1
DCPH,Deciphera Pharmaceuticals Inc.,ESMO,2019,,-12.03,-10.28,-10.85,-10.48,1.51,3.69,1.87
RHHBY,Roche Holding AG ADR,ESMO,2019,,5.07,6.67,5.87,2.07,-0.69,-0.25,-1.21
AZN,AstraZeneca PLC,ESMO,2019,,3.21,0.68,5.78,0.39,-3.58,-4.06,-3.18
PFE,Pfizer Inc.,ESMO,2019,large,4.51,1.87,-1.66,-0.06,-2.16,-1.08,0.23
MRK,Merck & Company Inc.,ESMO,2019,large,-2.53,-4.11,1.07,-1.72,0.83,1.78,2.14
JNJ,Johnson & Johnson,ASCO,2018,large,-4.26,-2.36,-2.4,-0.17,0.18,1.15,0.05
AGEN,Agenus Inc.,ASCO,2018,small,-11.11,-8.7,-2.61,-3.72,-5.36,-13.39,-19.64
INFI,Infinity Pharmaceuticals Inc.,ASCO,2018,,-10.27,-8.22,1.01,-0.99,-3.48,-7.96,-13.43
MRK,Merck & Company Inc.,ASCO,2018,large,2.94,4.87,2.41,2.5,1.37,2.91,0.71
GSK,GSK plc American Depositary Shares (Each representing two),ASCO,2018,large,1.88,2.34,1.8,2.26,-0.69,1.08,1.28
MEIP,MEI Pharma Inc.,ASCO,2018,,59.53,48.48,-0.87,9.58,20.99,37.9,30.9
GILD,Gilead Sciences Inc.,ASCO,2018,large,-7.33,4.4,0.41,1.37,2.58,5.17,1.11
BMY,Bristol-Myers Squibb Company,ASCO,2018,large,3.83,3.51,0.8,0.68,-2.28,-0.02,0.98
AZN,AstraZeneca PLC,ASCO,2018,,4.16,3.46,3.04,-0.62,-0.92,-1.2,-3.5
MRK,Merck & Company Inc.,ASCO,2018,large,2.94,4.87,2.41,2.5,1.37,2.91,0.71
LLY,Eli Lilly and Company,ASCO,2018,large,7.32,8.23,3.39,2.51,-0.04,1.19,1.48
BMY,Bristol-Myers Squibb Company,ASCO,2018,large,3.83,3.51,0.8,0.68,-2.28,-0.02,0.98
NKTR,Nektar Therapeutics,ASCO,2018,large,4.8,17.03,5.92,12.99,-38.06,-41.32,-35.35
AMGN,Amgen Inc.,ASCO,2018,large,3.87,7.95,2.85,0.93,3.24,2.61,3.0
AGIO,Agios Pharmaceuticals Inc.,ASCO,2018,mid,5.9,13.44,8.71,5.51,-0.65,0.79,-0.3
LGND,Ligand Pharmaceuticals Incorporated,ASCO,2018,mid,14.01,27.51,0.57,1.48,2.43,2.33,-0.29
RHHBY,Roche Holding AG ADR,AACR,2018,,-3.46,-2.22,-0.35,-0.53,-0.35,-1.13,-1.42
BMY,Bristol-Myers Squibb Company,AACR,2018,large,-11.36,-11.94,-5.4,-3.03,-10.69,-13.21,-11.12
BMY,Bristol-Myers Squibb Company,SITC,2018,large,-14.93,-8.17,4.72,4.18,0.08,2.39,-0.15
VKTX,Viking Therapeutics Inc.,AASLD,2019,small,20.45,31.22,19.04,-1.84,-7.7,-12.93,-17.18
CTMX,CytomX Therapeutics Inc.,AACR,2019,small,-41.5,-1.57,-1.85,1.14,3.01,0.85,-0.75
CRDF,Cardiff Oncology Inc.,AACR,2019,nano,64.93,43.94,21.79,29.43,-20.0,-17.89,-26.11
TGTX,TG Therapeutics Inc.,AACR,2019,small,68.91,17.72,8.5,14.2,2.86,4.23,-1.62
ASND,Ascendis Pharma A/S,ENDO,2019,mid,-5.56,-1.06,-5.62,-7.15,80.93,80.77,86.31
TGTX,TG Therapeutics Inc.,AACR,2019,small,12.34,19.86,12.83,11.61,38.92,17.15,33.91
VKTX,Viking Therapeutics Inc.,AASLD,2018,small,-23.03,-23.13,-10.8,-14.63,-6.48,-0.17,-2.81
LGND,Ligand Pharmaceuticals Incorporated,AASLD,2018,mid,-42.01,-26.27,-10.18,-2.82,-4.94,-4.26,4.63
CRVS,Corvus Pharmaceuticals Inc.,SITC,2018,micro,-3.77,-4.7,8.36,-3.54,-8.34,-15.8,-24.78
AMRN,Amarin Corporation plc,AHA,2018,mid,31.32,9.12,-0.61,-8.4,-26.94,-17.67,-20.05
BGNE,BeiGene Ltd.,ASH,2019,,34.58,-6.28,-9.84,-7.42,-2.43,-11.68,-9.22
NKTR,Nektar Therapeutics,SITC,2018,mid,-42.08,-27.81,-4.05,-9.58,4.76,8.27,10.42
AZN,AstraZeneca PLC,ESMO,2018,,1.48,3.41,-0.1,4.47,2.19,-0.81,1.77
MRK,Merck & Company Inc.,ESMO,2018,large,4.01,2.22,1.25,4.17,-0.35,-1.25,1.06
INCY,Incyte Corporation,ESMO,2018,large,-3.42,-0.63,2.95,6.5,-1.54,-4.15,4.41
NCNA,NuCana plc,ESMO,2018,small,-13.43,-10.38,-2.82,10.63,-16.9,-4.04,-10.1
ADAP,Adaptimmune Therapeutics plc,ESMO,2018,,-0.92,-9.5,-18.48,-11.37,-34.67,-44.8,-33.74
AGEN,Agenus Inc.,ESMO,2018,micro,-1.01,-8.84,-4.85,-1.01,-7.91,-17.35,-4.08
NVS,Novartis AG,EHA,2018,large,-0.44,-1.52,0.51,1.03,-2.49,-1.21,-0.58
BLUE,bluebird bio Inc.,EHA,2018,,16.16,4.07,8.0,8.15,-10.33,-14.26,-20.33
CLLS,Cellectis S.A.,ASH,2020,small,51.67,72.57,39.2,16.04,1.83,6.01,-6.18
AUTL,Autolus Therapeutics plc,ASH,2020,small,-12.57,-4.11,-3.58,0.1,0.19,-19.05,-19.52
GILD,Gilead Sciences Inc.,ASH,2020,large,1.27,4.22,2.41,1.47,-0.63,-2.79,-4.91
CRDF,Cardiff Oncology Inc.,ASH,2020,small,45.82,14.45,13.89,-16.03,-0.43,-2.17,6.7
GMDA,Gamida Cell Ltd.,ASH,2020,,24.02,19.15,1.31,-3.19,57.82,30.42,30.13
ERYP,Erytech Pharma S.A.,ASH,2020,,52.08,26.33,23.04,3.54,5.03,-5.32,3.81
VRTX,Vertex Pharmaceuticals Incorporated,ASH,2020,large,7.91,3.65,6.09,0.25,0.66,-0.08,2.73
CRSP,CRISPR Therapeutics AG,ASH,2020,large,59.24,43.72,34.49,16.25,-0.73,1.71,13.08
SYRS,Syros Pharmaceuticals Inc.,ASH,2020,,3.05,-8.06,-0.64,-4.79,37.76,50.13,65.85
ALLO,Allogene Therapeutics Inc.,ASH,2020,mid,-7.3,21.04,7.75,8.37,-12.48,-16.79,-18.42
AFMD,Affimed N.V.,ASH,2020,,70.3,64.33,13.77,5.24,20.64,25.09,17.97
LLY,Eli Lilly and Company,ASH,2020,large,4.26,4.0,2.03,1.92,0.57,6.37,13.69
LEGN,Legend Biotech Corporation,ASH,2020,,17.27,23.34,12.08,8.95,-6.82,-7.38,-3.52
KZIA,Kazia Therapeutics Limited,SNO,2020,small,100.0,103.39,98.35,19.4,-20.33,-16.75,-17.5
IMMP,Immutep Limited,SITC,2020,small,21.82,18.17,15.52,16.12,-2.99,0.45,-5.97
IOVA,Iovance Biotherapeutics Inc.,SITC,2020,mid,26.69,30.2,9.39,10.98,-5.71,-9.59,-7.64
ONCS,OncoSec Medical Incorporated,SITC,2020,,39.24,39.62,48.98,35.54,1.37,3.52,2.15
MGNX,MacroGenics Inc.,ESMO,2020,small,15.24,19.7,19.43,8.63,-18.39,-19.53,-17.72
BMY,Bristol-Myers Squibb Company,ESMO,2020,large,-2.87,-4.7,-1.13,-0.72,-0.86,0.74,-0.12
EXEL,Exelixis Inc.,ESMO,2020,mid,19.86,20.45,29.66,8.37,-4.44,-11.46,-10.52
CRDF,Cardiff Oncology Inc.,AACR,2021,small,-10.35,-14.56,-6.93,-5.12,-7.66,-13.05,0.97
INCY,Incyte Corporation,ASCO,2021,large,0.49,-3.47,0.62,-0.72,2.12,1.69,1.37
ADAP,Adaptimmune Therapeutics plc,ASCO,2021,,3.02,4.92,0.0,5.79,0.0,-2.73,-8.59
GMAB,Genmab A/S,ASCO,2021,,14.41,3.36,3.03,4.02,2.36,6.51,7.54
MRK,Merck & Company Inc.,ASCO,2021,large,4.28,0.19,2.16,1.77,0.36,-2.71,-2.35
RHHBY,Roche Holding AG ADR,ASCO,2021,,5.14,-1.09,4.53,3.69,0.49,2.27,2.29
SNSE,Sensei Biotherapeutics Inc.,ASCO,2021,,-34.4,-33.88,-23.59,-4.75,37.16,34.24,35.86
BMY,Bristol-Myers Squibb Company,ASCO,2021,large,5.7,-1.09,1.42,1.66,2.13,0.81,-1.22
ONC,BeOne Medicines Ltd.,AACR,2021,large,-3.67,-4.17,-5.11,-6.86,-2.58,-1.59,5.22
BGNE,BeiGene Ltd.,AACR,2021,,-3.67,-4.17,-5.11,-6.86,-2.58,-1.59,5.22
LLY,Eli Lilly and Company,AACR,2021,large,-9.96,-11.34,-0.44,-0.22,-1.06,2.79,1.48
BBIO,BridgeBio Pharma Inc.,ENDO,2021,large,-0.91,3.03,13.75,-3.19,-2.76,-15.61,-14.65
SRPT,Sarepta Therapeutics Inc.,MDA,2021,mid,-8.24,-3.97,3.26,-2.67,-2.59,-11.96,-10.17
SPPI,Spectrum Pharmaceuticals Inc.,ESMO,2021,,0.56,-2.7,-0.55,-1.1,-9.14,-6.93,-2.49
RCUS,Arcus Biosciences Inc.,SABCS,2020,small,44.38,32.14,17.97,10.16,-1.24,3.27,4.68
INFI,Infinity Pharmaceuticals Inc.,SABCS,2020,,147.32,121.6,38.5,30.66,-17.33,-22.74,-23.83
FBIO,Fortress Biotech Inc.,ASH,2020,micro,4.91,20.35,-1.77,1.09,-8.27,-3.6,20.14
MBIO,Mustang Bio Inc.,ASH,2020,micro,30.17,42.22,17.79,3.78,-19.53,-29.69,-15.36
INCY,Incyte Corporation,ASH,2020,large,-7.3,-0.01,1.48,-1.66,-0.35,4.41,4.61
BLUE,bluebird bio Inc.,ASH,2019,,-3.36,1.86,9.54,-1.02,7.89,15.3,13.04
BMY,Bristol-Myers Squibb Company,ASCO-GU,2020,large,5.73,-0.51,4.4,-0.79,-1.01,-6.39,-10.82
CRDF,Cardiff Oncology Inc.,ASCO-GI,2020,nano,30.3,33.33,36.51,24.64,1.74,5.81,18.02
PBYI,Puma Biotechnology Inc,SABCS,2019,small,36.62,16.12,-2.11,17.89,-7.75,-11.09,-9.47
ONCS,OncoSec Medical Incorporated,SABCS,2019,,13.55,25.26,16.83,9.95,-16.87,-23.87,-24.69
SNY,Sanofi,ASH,2019,large,-2.37,-1.22,-3.41,-0.55,8.19,10.79,11.28
DTIL,Precision BioSciences Inc.,ASH,2019,small,207.67,118.44,43.98,16.26,-51.27,-44.56,-24.16
MRK,Merck & Company Inc.,ASH,2019,large,8.01,6.29,3.98,2.08,0.28,0.5,3.26
BMY,Bristol-Myers Squibb Company,ASH,2019,large,9.04,3.33,6.2,4.42,3.57,5.92,5.44
APRE,Aprea Therapeutics Inc.,ASH,2019,small,1.8,4.72,1.88,3.46,17.81,27.83,46.45
VCNX,Vaccinex Inc.,AACR,2020,micro,-2.02,-4.43,2.65,2.65,9.28,-6.44,-3.35
GILD,Gilead Sciences Inc.,ASH,2019,large,5.94,2.6,2.79,1.45,0.0,-1.43,-0.49
BMY,Bristol-Myers Squibb Company,ASH,2019,large,9.04,3.33,6.2,4.42,3.57,5.92,5.44
ONC,BeOne Medicines Ltd.,ASH,2019,large,34.58,-6.28,-9.84,-7.42,-2.43,-11.68,-9.22
BPMC,Blueprint Medicines Corporation,ASH,2019,,1.02,7.13,3.25,2.84,-9.42,-1.78,4.24
IMVIQ,IMV Inc.,ASH,2019,,-4.39,9.69,22.51,-1.39,0.35,3.89,-4.59
LLY,Eli Lilly and Company,ASH,2019,large,8.57,5.38,2.96,2.48,0.84,2.68,9.62
ATNM,Actinium Pharmaceuticals Inc.,ASH,2019,nano,-26.41,0.58,21.16,-9.21,-17.04,-16.73,-21.9
TGTX,TG Therapeutics Inc.,ASH,2019,small,23.18,-12.85,-6.93,-9.18,32.3,41.99,54.63
BGNE,BeiGene Ltd.,EHA,2020,,6.8,-0.01,-1.4,-5.12,5.07,11.92,19.72
XOMA,XOMA Royalty Corporation,ESMO,2020,micro,24.12,4.78,5.99,6.33,-8.28,-6.49,-2.53
ALKS,Alkermes plc,ESMO,2020,mid,-1.02,1.99,12.64,6.03,-6.78,-9.27,-14.42
AGEN,Agenus Inc.,ESMO,2020,small,56.8,17.16,29.43,4.01,-9.83,-22.54,-25.24
AUTL,Autolus Therapeutics plc,ESMO,2020,small,-13.21,-12.5,8.95,10.67,-4.0,-8.79,-20.79
BGNE,BeiGene Ltd.,ESMO,2020,,12.39,8.64,8.59,7.08,7.38,8.4,11.79
IMMP,Immutep Limited,ESMO,2020,small,18.44,16.63,18.44,0.0,18.2,10.69,5.63
ONC,BeOne Medicines Ltd.,ESMO,2020,large,12.39,8.64,8.59,7.08,7.38,8.4,11.79
CRDF,Cardiff Oncology Inc.,ESMO,2020,micro,-0.85,-12.76,-22.01,-6.89,49.91,84.34,134.42
MRK,Merck & Company Inc.,ATS,2020,large,-0.08,-0.55,-5.68,1.1,-0.72,1.29,-0.56
ONC,BeOne Medicines Ltd.,EHA,2020,large,6.8,-0.01,-1.4,-5.12,5.07,11.92,19.72
SDGR,Schrodinger Inc.,ASH,2023,small,-26.62,-21.73,-3.26,-1.96,29.91,21.75,41.55
BLUE,bluebird bio Inc.,EHA,2020,,17.15,16.76,-0.8,-11.07,0.67,1.85,-3.52
VRTX,Vertex Pharmaceuticals Incorporated,EHA,2020,large,5.05,-4.73,-8.36,-0.68,1.47,11.13,8.43
CRSP,CRISPR Therapeutics AG,EHA,2020,mid,21.34,6.84,-7.56,-4.11,4.61,15.71,24.02
BLUE,bluebird bio Inc.,EHA,2020,,20.9,22.39,12.35,2.12,-6.43,-6.19,-8.74
ABBV,AbbVie Inc.,ASCO,2020,large,9.98,9.53,0.1,-3.21,0.74,4.24,2.7
DCPH,Deciphera Pharmaceuticals Inc.,ASCO,2020,,31.34,-1.69,17.6,-4.49,6.49,-3.18,-4.84
CRDF,Cardiff Oncology Inc.,ASCO,2020,nano,158.16,104.03,76.92,23.41,18.18,26.88,-2.37
IMMP,Immutep Limited,ASCO,2020,mid,35.83,23.74,30.31,15.83,1.44,-13.67,-8.87
RHHBY,Roche Holding AG ADR,EASL,2023,,-2.86,-3.68,-1.84,-1.46,3.2,-0.65,-2.37
ANNX,Annexon Inc.,ASRS,2023,micro,14.23,-8.81,-13.48,-2.13,10.28,7.48,-5.61
ABOS,Acumen Pharmaceuticals Inc.,AAIC,2023,micro,25.6,11.94,30.56,26.61,27.39,9.39,17.83
BIVI,BioVie Inc.,AAIC,2023,micro,-16.11,-12.63,17.17,7.91,1.98,-1.39,-6.53
PRTA,Prothena Corporation plc,AAIC,2023,mid,5.45,-3.53,2.53,7.05,-0.14,-7.48,-1.63
BMY,Bristol-Myers Squibb Company,AAIC,2023,large,-4.24,-4.22,-3.14,-0.86,0.1,4.5,0.4
LLY,Eli Lilly and Company,AAIC,2023,large,2.97,-0.98,-4.16,-0.82,0.39,2.19,1.13
AGEN,Agenus Inc.,ESMO,2023,small,13.61,5.03,-7.73,-3.47,-8.98,8.98,3.59
EIGR,Eiger BioPharmaceuticals Inc.,EASL,2023,,-48.72,-42.77,-32.24,-27.9,9.83,12.79,22.0
RNXT,RenovoRx Inc.,ESMO,2023,nano,1.36,20.43,12.0,10.34,0.89,-13.39,-4.02
IVA,Inventiva S.A.,EASL,2023,micro,63.46,50.71,20.74,-12.91,-3.76,-7.06,-1.41
VRCA,Verrica Pharmaceuticals Inc.,AAD,2023,micro,-4.0,-20.12,6.56,3.76,-5.62,-16.85,-21.01
RLYB,Rallybio Corporation,ISTH,2023,small,58.98,32.14,3.17,7.67,-25.55,-27.52,-36.24
TAK,Takeda Pharmaceutical Company Limited American Depositary Shares (each representing 1/2 of a share of),EASL,2023,large,-1.49,-1.85,-1.79,-1.06,-2.2,-1.76,-2.76
ARWR,Arrowhead Pharmaceuticals Inc.,EASL,2023,mid,-12.08,4.97,-0.23,-0.45,2.38,-0.11,-2.7
ALT,Altimmune Inc.,EASL,2023,micro,-16.47,-3.03,1.71,1.71,-17.07,-15.14,-17.31
NVO,Novo Nordisk A/S,EASL,2023,,-5.55,-1.09,0.36,-1.55,-1.75,1.14,-1.84
MDGL,Madrigal Pharmaceuticals Inc.,EASL,2023,mid,-19.61,-14.63,-12.87,-6.16,-1.34,-8.58,-9.03
ABUS,Arbutus Biopharma Corporation,EASL,2023,small,-6.51,-6.87,-6.15,-2.4,1.23,-7.79,-8.61
BRNS,Barinthus Biotherapeutics plc American Depositary Shares,EASL,2023,micro,-3.42,-9.96,-8.13,-7.76,1.33,-0.44,0.44
ALGS,Aligos Therapeutics Inc.,EASL,2023,nano,-15.45,-1.89,-11.86,-7.14,-6.62,-10.96,-4.81
BLRX,BioLineRx Ltd.,AACR,2023,small,38.93,48.92,17.61,4.55,-12.08,-26.09,-25.6
APRE,Aprea Therapeutics Inc.,ENA,2023,nano,39.15,27.98,31.17,2.33,1.33,-25.76,-32.03
BDTX,Black Diamond Therapeutics Inc.,ENA,2023,micro,-35.67,-34.57,-17.63,-13.91,2.18,-10.92,-20.96
RPTX,Repare Therapeutics Inc.,ENA,2023,,-42.62,-45.74,-53.64,-27.79,-9.11,-22.41,-41.07
IMUX,Immunic Inc.,ECTRIMS,2023,micro,-26.35,-13.99,-16.33,-21.15,0.0,-4.88,-13.82
ACRV,Acrivon Therapeutics Inc.,ENA,2023,micro,-46.76,-40.85,-34.73,-13.93,-7.69,-11.22,-19.55
NVCT,Nuvectis Pharma Inc.,ENA,2023,micro,-33.12,-34.36,-25.76,-15.31,12.12,-3.97,-11.81
PMVP,PMV Pharmaceuticals Inc.,ENA,2023,micro,-36.41,-26.01,-21.88,-23.26,-57.89,-62.95,-73.68
RLAY,Relay Therapeutics Inc.,ENA,2023,small,-16.45,-7.49,7.89,-0.45,-12.94,-23.62,-28.8
MRK,Merck & Company Inc.,ENA,2023,large,-6.12,-4.42,-0.81,-0.14,0.53,-2.93,2.02
IMMX,Immix Biopharma Inc.,ASH,2023,micro,96.45,39.21,18.35,-15.13,-10.59,-22.48,-2.33
BNOX,Bionomics Limited,ACNP,2023,,-32.07,-41.02,-26.49,-1.01,174.11,284.77,307.11
IOVA,Iovance Biotherapeutics Inc.,WCLC,2023,small,-16.94,-15.31,-1.47,-0.17,-9.87,-9.95,-26.37
IOBT,IO Biotech Inc.,WCLC,2023,,-9.21,-12.99,-11.14,-8.71,-15.6,-16.8,-23.08
MRK,Merck & Company Inc.,WCLC,2023,large,1.83,-0.28,-0.3,1.01,-0.73,-1.14,-2.96
AZN,AstraZeneca PLC,WCLC,2023,,-8.02,-6.98,-2.52,-0.52,-2.34,-1.89,1.31
MLYS,Mineralys Therapeutics Inc.,AHA,2023,small,-18.44,-7.49,-8.85,-8.28,1.35,-7.68,-13.76
PHGE,BiomX Inc.,ERS,2023,nano,-6.64,13.65,4.62,7.37,-4.9,-9.31,-13.73
AZN,AstraZeneca PLC,EHA,2023,,-3.65,-4.11,-0.2,-0.22,-2.56,-3.13,0.95
AZN,AstraZeneca PLC,WCLC,2023,,-3.65,-4.11,-0.2,-0.22,-2.56,-3.13,0.95
BNOX,Bionomics Limited,ACNP,2023,,-52.94,-41.18,-21.57,-17.24,25.0,39.17,52.5
ONC,BeOne Medicines Ltd.,EHA,2023,large,-15.04,-11.26,-4.69,-4.53,-1.78,-7.76,-17.03
RHHBY,Roche Holding AG ADR,EHA,2023,,1.91,-0.4,-1.25,-2.45,-1.83,-1.02,-2.84
KALV,KalVista Pharmaceuticals Inc.,AAAAI,2023,,19.5,2.67,2.36,-0.1,-3.4,-3.4,-9.81
IRON,Disc Medicine Inc.,EHA,2023,small,22.43,21.71,23.15,-2.95,23.76,25.21,26.43
TAK,Takeda Pharmaceutical Company Limited American Depositary Shares (each representing 1/2 of a share of),EHA,2023,large,-4.39,-0.25,-0.62,0.0,-0.31,-0.19,-2.17
PTGX,Protagonist Therapeutics Inc.,EHA,2023,small,29.51,18.77,15.77,4.11,-1.29,-5.62,-2.08
KROS,Keros Therapeutics Inc.,EHA,2023,small,11.73,9.24,-2.57,-0.43,-16.28,-22.81,-17.57
EDIT,Editas Medicine Inc.,EHA,2023,small,19.7,0.42,5.73,-0.72,3.44,-8.12,-16.67
ADCT,ADC Therapeutics SA,EHA,2023,micro,28.87,3.73,8.23,0.4,1.2,-8.4,-20.0
BGNE,BeiGene Ltd.,EHA,2023,,-15.04,-11.26,-4.69,-4.53,-1.78,-7.76,-17.03
GSK,GSK plc American Depositary Shares (Each representing two),EHA,2023,large,-3.58,-4.3,1.79,1.79,-0.95,1.24,4.46
GLPG,Galapagos NV,EHA,2023,,9.97,4.18,-0.58,3.45,-1.52,-1.14,-5.5
VOR,Vor Biopharma Inc.,EHA,2023,small,21.14,24.24,13.65,9.9,-7.69,-4.88,-33.58
CLLS,Cellectis S.A.,EHA,2023,micro,0.01,-0.52,11.05,-3.04,1.3,6.8,-4.19
CGEM,Cullinan Therapeutics Inc.,EHA,2023,small,33.78,39.06,45.87,31.94,-2.2,-5.26,-7.35
ZLAB,Zai Lab Limited,ASCO,2023,large,-1.34,-4.24,3.48,15.11,-19.11,-22.02,-27.27
CHRS,Coherus Oncology Inc.,ASCO,2023,small,-38.21,-38.82,11.66,20.0,8.03,9.24,-22.29
YMAB,Y-mAbs Therapeutics Inc.,ASCO,2023,,39.42,21.71,-14.08,-0.48,-0.97,6.43,-8.62
BMY,Bristol-Myers Squibb Company,ASCO,2023,large,-6.46,-3.55,0.26,3.56,-1.24,-1.85,-0.73
NVCR,NovoCure Limited,ASCO,2023,mid,30.66,18.92,2.07,16.15,-41.03,-44.92,-46.83
LGND,Ligand Pharmaceuticals Incorporated,ASCO,2023,small,-2.25,-5.07,1.29,4.41,-3.73,-1.69,2.63
NKTX,Nkarta Inc.,EHA,2023,micro,-6.26,3.34,1.98,-4.92,1.51,4.96,-39.44
ASND,Ascendis Pharma A/S,ENDO,2023,mid,-2.22,2.17,0.51,-0.97,0.15,-4.57,-4.62
SPRB,Spruce Biosciences Inc.,ENDO,2023,micro,3.48,2.15,1.71,3.48,-4.62,-9.24,-9.66
ALLO,Allogene Therapeutics Inc.,ASCO,2023,small,-12.76,-18.46,-6.2,-13.97,-2.81,-4.81,-0.4
PBLA,Panbela Therapeutics Inc.,ENDO,2023,,-61.51,-51.89,-11.95,-21.46,-53.57,-60.0,-58.93
CRNX,Crinetics Pharmaceuticals Inc.,ENDO,2023,small,-5.47,-8.97,-6.68,-7.15,-0.34,-9.22,-11.62
ATNM,Actinium Pharmaceuticals Inc.,EHA,2023,micro,-5.91,-0.72,1.1,-1.66,-0.85,-3.99,-12.2
PTGX,Protagonist Therapeutics Inc.,EHA,2023,small,28.72,14.66,10.82,1.11,0.07,-7.22,-3.47
AZN,AstraZeneca PLC,EHA,2023,,1.88,2.4,3.29,2.83,0.13,-0.03,-3.99
KURA,Kura Oncology Inc.,EHA,2023,small,34.19,6.78,-2.1,0.08,-2.68,-15.84,-20.96
SNY,Sanofi,ESMO,2023,large,2.64,0.83,1.77,0.89,-1.36,-4.51,-17.73
APTO,Aptose Biosciences Inc.,EHA,2023,,54.44,48.27,76.51,72.4,9.71,3.24,-9.71
TAK,Takeda Pharmaceutical Company Limited American Depositary Shares (each representing 1/2 of a share of),EHA,2023,large,-2.29,-1.04,0.68,1.06,-0.12,-0.62,-3.95
NVS,Novartis AG,EHA,2023,large,-1.95,-2.68,2.93,1.75,-0.64,1.18,-1.13
SWTX,SpringWorks Therapeutics Inc.,EHA,2023,,17.32,-2.44,-9.38,-0.66,0.55,1.14,-10.2
AZN,AstraZeneca PLC,ESMO,2023,,-4.01,-6.66,-4.68,-4.7,-0.56,-3.03,-0.81
OMER,Omeros Corporation,ASH,2023,micro,-59.79,-58.91,-10.32,4.15,13.27,11.5,33.63
NVO,Novo Nordisk A/S,ASH,2023,,7.0,8.55,0.02,2.61,0.5,2.41,1.89
ORIC,Oric Pharmaceuticals Inc.,ASH,2023,small,-12.98,4.45,21.55,1.39,7.76,-2.13,-0.3
PFE,Pfizer Inc.,ASH,2023,large,-7.12,-8.84,-2.18,-2.09,2.46,-2.72,-2.43
STTK,Shattuck Labs Inc.,ASH,2023,micro,4.58,14.29,14.29,-3.9,15.62,13.75,29.37
GILD,Gilead Sciences Inc.,ASH,2022,large,-3.24,-2.89,-3.86,0.33,-1.19,1.93,4.92
IMMP,Immutep Limited,ESMO,2023,mid,3.55,-0.97,15.25,12.09,-7.84,-10.29,-6.86
PFE,Pfizer Inc.,ESMO,2023,large,-9.69,-7.06,-7.68,-7.87,-0.72,-0.33,1.73
ORIC,Oric Pharmaceuticals Inc.,ESMO,2023,small,-36.12,-25.13,-8.27,1.25,8.13,12.54,21.91
NRIX,Nurix Therapeutics Inc.,ASH,2023,micro,-37.39,-17.73,18.78,28.05,14.13,-6.71,7.24
GMAB,Genmab A/S,ESMO,2023,,-20.45,-17.69,-14.52,-8.33,-1.07,-5.43,-3.32
BMY,Bristol-Myers Squibb Company,ESMO,2023,large,-7.15,-4.56,-0.26,-1.24,-0.6,-9.23,-6.5
MRK,Merck & Company Inc.,ESMO,2023,large,-5.46,-3.0,-1.75,-1.41,0.35,0.01,1.63
PDSB,PDS Biotechnology Corporation,ESMO,2023,micro,-30.22,-19.57,-14.73,-9.27,-1.22,2.19,13.63
MRNA,Moderna Inc.,ESMO,2023,large,-24.01,-18.1,-21.05,-12.55,-0.8,-7.87,-10.36
IOBT,IO Biotech Inc.,ESMO,2023,,-38.35,-27.46,-19.53,-5.94,2.91,-16.5,-9.34
LIAN,LianBio,ESMO,2023,,80.84,101.33,100.0,127.07,24.83,35.1,36.75
BGNE,BeiGene Ltd.,ESMO,2023,,-21.04,-13.22,-4.39,-5.02,4.69,12.95,18.72
ONC,BeOne Medicines Ltd.,ESMO,2023,large,-21.04,-13.22,-4.39,-5.02,4.69,12.95,18.72
NVS,Novartis AG,ESMO,2023,large,0.82,-1.72,-2.98,-2.23,0.24,-0.97,-1.3
ARVN,Arvinas Inc.,ESMO,2023,small,-46.77,-30.11,-22.44,-11.62,-0.47,1.69,14.16
IMNM,Immunome Inc.,ESMO,2023,micro,11.78,24.36,11.21,-2.13,2.86,0.8,0.57
JNJ,Johnson & Johnson,ESMO,2023,large,-7.45,-4.8,-4.4,-3.01,0.12,-2.01,-0.32
INMB,INmune Bio Inc.,CTAD,2023,micro,-13.1,0.43,2.48,-8.7,1.56,3.7,1.42
BBIO,BridgeBio Pharma Inc.,ESMO,2023,mid,-11.41,-4.82,-5.93,-3.87,0.0,6.3,17.23
BIIB,Biogen Inc.,CTAD,2023,large,-1.48,-2.1,-5.41,-4.32,-4.38,-4.95,-8.1
BIVI,BioVie Inc.,CTAD,2023,micro,-2.05,7.72,-3.74,5.68,-3.58,37.31,27.16
ASND,Ascendis Pharma A/S,ESMO,2023,mid,-16.53,-9.11,-7.33,-4.03,2.28,3.46,6.69
EVAX,Evaxion A/S,SITC,2023,nano,94.79,7.59,8.72,31.69,15.51,25.13,-23.64
INDP,Indaptus Therapeutics Inc.,SITC,2023,nano,-42.59,-11.11,-13.11,-1.82,10.24,6.27,0.09
MRK,Merck & Company Inc.,SITC,2023,large,-4.36,0.89,-1.43,-0.34,0.17,1.29,-0.5
MEIP,MEI Pharma Inc.,ASH,2023,,6.04,3.08,1.59,-0.43,1.42,0.57,-12.54
BGNE,BeiGene Ltd.,ESMO,2023,,-17.63,-16.74,-8.75,-11.25,6.34,7.42,15.83
BGNE,BeiGene Ltd.,ESMO,2023,,-21.04,-13.22,-4.39,-5.02,4.69,12.95,18.72
ONC,BeOne Medicines Ltd.,ESMO,2023,large,-21.04,-13.22,-4.39,-5.02,4.69,12.95,18.72
KURA,Kura Oncology Inc.,ESMO,2023,small,-17.3,-3.5,-8.72,-3.95,-4.35,-1.45,8.71
AZN,AstraZeneca PLC,ESMO,2023,,-5.98,-7.5,-4.42,-5.26,-3.0,-4.8,-1.0
ONC,BeOne Medicines Ltd.,ESMO,2023,large,-17.63,-16.74,-8.75,-11.25,6.34,7.42,15.83
MRK,Merck & Company Inc.,ESMO,2023,large,-7.9,-5.56,-3.32,-3.44,2.91,2.38,2.94
ZYME,Zymeworks Inc.,ESMO,2023,small,1.26,12.66,12.66,10.92,-2.91,-7.77,3.05
JNJ,Johnson & Johnson,ESMO,2023,large,-5.13,-5.1,-3.37,-2.89,-0.61,-4.41,-0.64
FGEN,Kyntra Bio Inc Com (New),ESMO,2023,,-48.07,-26.7,-23.43,-3.16,-12.01,-17.42,12.28
BMY,Bristol-Myers Squibb Company,ESMO,2023,large,-7.14,-4.11,-0.32,0.02,-0.85,-9.67,-6.48
BMY,Bristol-Myers Squibb Company,ESMO,2023,large,-5.72,-2.49,-0.09,1.38,-0.56,-1.84,-9.87
JNJ,Johnson & Johnson,ESMO,2023,large,-2.26,-3.46,1.1,-1.07,-0.48,-3.48,-6.26
IPHA,Innate Pharma S.A.,ESMO,2023,micro,-20.65,-15.82,-10.62,-0.22,7.99,7.99,1.73
NVCR,NovoCure Limited,ESMO,2023,small,-36.25,-24.5,-8.85,-2.4,9.99,-0.99,-8.09
ZLAB,Zai Lab Limited,ESMO,2023,large,-3.37,-2.17,5.83,6.82,-1.11,-4.68,0.67
OLMA,Olema Pharmaceuticals Inc.,ESMO,2023,small,-14.46,-17.01,-18.22,0.47,8.4,25.21,42.12
DSNKY,"Daiichi Sankyo Co., Ltd. ADR",ESMO,2023,,2.83,3.86,7.76,6.03,-4.2,-9.75,-6.92
CVM,Cel-Sci Corporation,ESMO,2023,micro,-13.71,-10.83,-5.31,-6.14,42.99,22.43,117.76
BOLT,Bolt Biotherapeutics Inc.,ESMO,2023,nano,-2.83,0.0,8.42,0.98,-7.77,-3.88,-2.91
BNTX,BioNTech SE,ESMO,2023,large,-22.92,-11.84,-16.83,-6.25,5.38,2.57,9.68
MRUS,Merus N.V.,ESMO,2023,,-15.24,-10.18,-4.87,-8.81,3.94,-0.99,18.28
ALPMY,Astellas Pharma Inc. ADR,ESMO,2023,,-16.38,-13.71,-9.18,-2.2,3.93,0.8,-5.14
ONC,BeOne Medicines Ltd.,ESMO,2023,large,-21.04,-13.22,-4.39,-5.02,4.69,12.95,18.72
BGNE,BeiGene Ltd.,ESMO,2023,,-21.04,-13.22,-4.39,-5.02,4.69,12.95,18.72
MGTX,MeiraGTx Holdings plc,AAO,2022,small,-12.4,-5.93,-3.22,4.86,6.78,-8.32,2.26
FHTX,Foghorn Therapeutics Inc.,ESMO,2023,micro,-61.16,-52.04,-15.03,-17.65,7.14,18.71,18.2
EPIX,ESSA Pharma Inc.,ESMO,2023,,62.77,61.62,56.12,42.11,-15.03,4.79,13.51
BMY,Bristol-Myers Squibb Company,ESMO,2023,large,-7.15,-4.56,-0.26,-1.24,-0.6,-9.23,-6.5
ARVN,Arvinas Inc.,ESMO,2023,small,-46.77,-30.11,-22.44,-11.62,-0.47,1.69,14.16
ALPMY,Astellas Pharma Inc. ADR,ESMO,2023,,-16.38,-13.71,-9.18,-2.2,3.93,0.8,-5.14
LLY,Eli Lilly and Company,ESMO,2023,large,-1.83,5.86,2.25,-5.19,1.33,-3.24,1.8
AGEN,Agenus Inc.,ESMO,2023,small,-26.72,-21.58,-11.49,-18.73,-15.6,-11.13,-12.58
BMY,Bristol-Myers Squibb Company,ESMO,2023,large,-7.15,-4.56,-0.26,-1.24,-0.6,-9.23,-6.5
PFE,Pfizer Inc.,ESMO,2023,large,-9.69,-7.06,-7.68,-7.87,-0.72,-0.33,1.73
STRO,Sutro Biopharma Inc.,ASH,2022,small,3.32,3.03,7.02,1.08,1.87,-1.2,-10.17
DTIL,Precision BioSciences Inc.,ASH,2023,micro,-8.78,14.41,27.36,33.66,-7.41,1.48,-10.37
MRK,Merck & Company Inc.,ASH,2022,large,8.44,0.83,1.6,-0.81,1.02,-0.13,-1.95
KROS,Keros Therapeutics Inc.,ASH,2022,small,-2.16,7.88,3.95,-0.58,4.14,-5.57,-10.46
TAK,Takeda Pharmaceutical Company Limited American Depositary Shares (each representing 1/2 of a share of),ASH,2022,large,13.48,8.16,2.96,2.88,1.74,-0.13,2.94
ADCT,ADC Therapeutics SA,ASH,2022,micro,-32.31,-24.39,-8.82,-11.68,3.55,-1.94,7.1
RIGL,Rigel Pharmaceuticals Inc.,ASH,2022,micro,20.25,11.78,22.78,-8.11,23.71,44.33,42.04
GLTO,Galecto Inc.,ASH,2022,,-20.63,-13.79,2.74,4.17,2.67,-14.67,-29.33
IPHA,Innate Pharma S.A.,ASH,2022,micro,-1.4,-7.42,-5.36,1.44,8.02,25.0,48.11
AZN,AstraZeneca PLC,ASH,2022,,21.9,12.6,4.14,1.97,0.04,-2.1,-2.0
PFE,Pfizer Inc.,ASH,2022,large,9.04,8.66,4.34,1.95,2.61,-0.7,-1.14
TGTX,TG Therapeutics Inc.,ASH,2023,small,25.83,23.1,15.86,-1.63,13.88,33.24,24.05
BLUE,bluebird bio Inc.,ASH,2022,,20.03,-0.4,1.63,-6.49,9.21,-4.14,-9.21
FATE,Fate Therapeutics Inc.,ASH,2022,small,-13.3,-17.68,-1.87,-7.35,-13.39,-32.54,-46.03
CRBU,Caribou Biosciences Inc.,ASH,2022,small,-8.19,-13.58,5.04,-1.86,-8.58,-24.41,-36.9
ADPT,Adaptive Biotechnologies Corporation,ASH,2022,small,8.41,-11.67,1.35,0.0,5.94,-12.0,-13.33
BMY,Bristol-Myers Squibb Company,ASH,2022,large,2.6,3.78,-0.39,-2.32,-1.88,-7.19,-7.89
REGN,Regeneron Pharmaceuticals Inc.,ASH,2022,large,-0.09,2.13,1.16,-0.71,-0.33,-3.86,-5.16
ZLAB,Zai Lab Limited,ASH,2022,large,49.05,-6.25,14.01,4.95,1.86,-15.06,-16.69
ABBV,AbbVie Inc.,ASH,2022,large,10.47,8.59,2.92,-0.54,1.06,-0.96,-0.04
GMAB,Genmab A/S,ASH,2022,,16.4,8.75,1.49,-1.17,0.95,-5.41,-6.0
BPMC,Blueprint Medicines Corporation,AAAAI,2023,,-24.06,-20.53,-11.82,-17.85,11.59,14.35,15.41
ALPN,Alpine Immune Sciences Inc.,AAD,2023,,7.64,2.63,7.91,15.77,-6.75,-18.51,-5.82
VRTX,Vertex Pharmaceuticals Incorporated,AAD,2023,large,-1.74,0.72,1.42,0.79,2.33,4.29,6.95
EDSA,Edesa Biotech Inc.,AAD,2023,nano,-33.11,-30.77,-32.65,-20.8,5.05,4.04,1.01
MRK,Merck & Company Inc.,ACC,2023,large,-2.78,3.83,-2.41,-2.27,4.11,-1.08,-0.96
AMGN,Amgen Inc.,ACC,2023,large,-10.8,-4.23,-2.38,0.15,-2.59,-0.69,-0.04
RHHBY,Roche Holding AG ADR,ACC,2023,,-8.84,-4.22,-3.64,-0.65,-3.1,-0.41,-3.73
ARWR,Arrowhead Pharmaceuticals Inc.,ACC,2023,mid,-4.18,-11.95,-4.15,-0.77,-5.72,-18.33,-22.53
BCRX,BioCryst Pharmaceuticals Inc.,AAAAI,2023,small,-11.82,-13.99,-11.74,-10.78,-2.75,-2.86,-8.68
DCOY,Decoy Therapeutics Inc.,ASH,2022,nano,-9.36,-2.13,-9.36,11.52,-3.26,-21.74,-38.04
CLDX,Celldex Therapeutics Inc.,AAAAI,2023,small,-15.41,-13.25,-7.92,-6.74,6.66,12.19,7.58
DBVT,DBV Technologies S.A.,AAAAI,2023,micro,-10.97,4.55,1.47,6.98,1.45,4.35,17.39
PHVS,Pharvaris N.V.,AAAAI,2023,micro,-1.14,-8.17,-8.76,2.98,-6.13,0.58,-26.71
AQST,Aquestive Therapeutics Inc.,AAAAI,2023,nano,-17.09,-8.49,-5.77,-0.44,-3.33,-3.06,-2.54
TSVT,2seventy bio Inc.,EHA,2023,,52.28,23.93,-1.51,-7.64,-2.68,4.9,5.29
BMY,Bristol-Myers Squibb Company,EHA,2023,large,-0.69,-0.15,-1.33,-3.98,2.35,-0.53,-2.1
CMPX,Compass Therapeutics Inc.,ASCO-GI,2023,small,-7.06,-10.43,-16.96,-19.96,-12.11,-6.18,-5.7
ZYME,Zymeworks Inc.,ASCO-GI,2023,small,31.23,47.28,30.38,21.36,0.0,-2.5,-7.5
BGNE,BeiGene Ltd.,ASCO-GI,2023,,39.11,30.18,23.06,10.05,-2.09,-1.44,-5.42
ONC,BeOne Medicines Ltd.,ASCO-GI,2023,large,39.11,30.18,23.06,10.05,-2.09,-1.44,-5.42
ARWR,Arrowhead Pharmaceuticals Inc.,AHA,2022,mid,14.61,11.38,8.43,-2.44,-1.94,-2.62,-12.13
INKT,MiNK Therapeutics Inc.,SITC,2022,micro,21.36,28.21,19.05,11.11,20.0,18.96,2.8
IMA,ImageneBio Inc.,SITC,2022,micro,-40.86,-31.46,-22.81,-15.38,-3.64,-4.55,7.27
IKNA,"Ikena Oncology,",SITC,2022,,-40.86,-31.46,-22.81,-15.38,-3.64,-4.55,7.27
VCNX,Vaccinex Inc.,SITC,2022,nano,16.33,7.55,-5.0,0.0,5.26,-7.02,-22.81
BMY,Bristol-Myers Squibb Company,SITC,2022,large,11.25,12.73,6.94,1.66,-4.79,-3.28,-0.68
IGMS,IGM Biosciences Inc.,SITC,2022,,-18.02,-18.75,-12.47,-6.11,21.69,49.42,28.49
BRNS,Barinthus Biotherapeutics plc American Depositary Shares,AASLD,2022,micro,-13.68,-10.47,-1.85,-4.33,-12.83,-7.17,-12.83
AMGN,Amgen Inc.,AHA,2022,large,18.59,15.89,2.95,-0.48,8.68,6.04,7.11
AZN,AstraZeneca PLC,AHA,2022,,14.78,8.44,10.08,3.01,1.08,5.42,8.19
AIM,AIM ImmunoTech Inc.,SITC,2022,nano,-13.34,6.12,-8.78,-1.89,-3.84,-11.53,-21.16
ONCY,Oncolytics Biotech Inc.,SITC,2022,micro,7.69,3.28,-0.79,0.0,41.27,25.4,7.14
REGN,Regeneron Pharmaceuticals Inc.,AHA,2022,large,7.89,1.27,0.42,-1.14,1.59,0.24,-0.17
NTLA,Intellia Therapeutics Inc.,AHA,2022,mid,-6.01,-6.21,4.66,-3.49,-2.77,4.63,-4.97
LXRX,Lexicon Pharmaceuticals Inc.,ASN,2022,small,-10.73,-3.26,7.22,-3.26,-0.96,12.02,5.29
SCYX,SCYNEXIS Inc.,IDWEEK,2022,,-11.81,2.14,-7.72,-15.55,-2.09,-3.35,-6.69
CVM,Cel-Sci Corporation,ESMO,2022,micro,-17.71,-17.28,-4.24,0.0,0.63,-2.22,9.81
CLSD,Clearside Biomedical Inc.,AAO,2022,,-20.42,-16.91,-8.13,4.63,21.24,14.16,5.31
RGNX,REGENXBIO Inc.,AAO,2022,small,-15.53,-10.77,2.68,18.57,-14.49,-16.84,-10.22
AURA,Aura Biosciences Inc.,AAO,2022,small,10.56,38.32,20.4,23.77,-22.02,-23.95,-22.9
ADPT,Adaptive Biotechnologies Corporation,ASH,2022,small,8.41,-11.67,1.35,0.0,5.94,-12.0,-13.33
VRTX,Vertex Pharmaceuticals Incorporated,ASH,2022,large,-0.53,2.95,-0.98,-1.69,-1.64,-6.61,-7.98
ALPN,Alpine Immune Sciences Inc.,ASH,2022,,2.03,4.68,-4.88,-10.39,2.81,8.77,2.65
MGTA,Dianthus Therapeutics Inc Com,ASH,2022,,-12.0,-18.52,-3.51,-11.29,-3.64,-24.55,-66.36
KYKOF,Kyowa Kirin Co. Ltd.,ASH,2022,,-2.79,-2.79,-2.92,0.0,1.03,1.03,0.0
BMY,Bristol-Myers Squibb Company,ASH,2022,large,2.6,3.78,-0.39,-2.32,-1.88,-7.19,-7.89
INAB,IN8bio Inc.,ASH,2022,micro,27.57,38.01,57.33,-3.28,-8.05,-26.69,-22.88
APVO,Aptevo Therapeutics Inc.,ASH,2022,nano,16.15,10.25,20.17,10.25,-17.94,-42.41,-41.26
LGND,Ligand Pharmaceuticals Incorporated,ASH,2022,small,15.46,-22.11,-11.49,-9.01,0.32,2.62,3.2
ACET,Adicet Bio Inc.,ASH,2022,small,0.47,-18.81,3.41,-14.46,-37.52,-51.48,-55.3
BMY,Bristol-Myers Squibb Company,ASH,2022,large,2.6,3.78,-0.39,-2.32,-1.88,-7.19,-7.89
WHWK,Whitehawk Therapeutics Inc.,ASCO,2023,micro,1.13,0.12,5.22,4.13,1.61,-2.48,-0.62
KPTI,Karyopharm Therapeutics Inc.,ASH,2022,small,-7.3,-16.96,-3.89,-10.13,-25.32,-36.81,-47.23
TSVT,2seventy bio Inc.,ASH,2022,,-10.83,-18.62,-10.42,-11.52,-8.02,-24.14,-36.79
AZN,AstraZeneca PLC,ASH,2022,,21.9,12.6,4.14,1.97,0.04,-2.1,-2.0
AZN,AstraZeneca PLC,SABCS,2022,,18.8,12.86,4.17,-1.63,2.54,1.46,-1.16
ONCY,Oncolytics Biotech Inc.,SABCS,2022,micro,31.78,-4.49,18.88,-19.81,-0.59,7.65,4.12
OLMA,Olema Pharmaceuticals Inc.,SABCS,2022,micro,-30.25,-20.45,-1.97,-13.24,-0.4,-1.61,-8.84
ACIU,AC Immune SA,CTAD,2022,micro,-9.25,-11.46,-0.39,-0.78,0.78,-9.8,-20.0
CADL,Candel Therapeutics Inc.,SNO,2022,micro,-41.32,25.68,13.41,12.05,-4.84,-1.61,1.08
ONC,BeOne Medicines Ltd.,ASCO,2023,large,-12.03,-8.98,-2.25,-4.03,-0.54,-6.23,-15.74
BPMC,Blueprint Medicines Corporation,ASCO,2023,,18.7,3.54,6.36,0.81,-0.38,-1.01,9.93
DSNKY,"Daiichi Sankyo Co., Ltd. ADR",ASCO,2023,,-4.5,-1.27,-4.9,4.78,2.6,7.4,-2.84
GILD,Gilead Sciences Inc.,ASCO,2023,large,-10.03,-2.33,-1.22,1.04,-2.17,-0.04,-0.23
RCUS,Arcus Biosciences Inc.,ASCO,2023,small,5.1,7.41,15.0,-4.63,-4.0,-4.28,-9.8
MRK,Merck & Company Inc.,ASCO,2023,large,-2.47,-4.38,-2.57,1.31,-2.23,-2.36,-2.04
AGEN,Agenus Inc.,SGO,2023,small,-32.88,-24.37,-12.87,-9.15,-0.67,5.37,-8.05
AZN,AstraZeneca PLC,ASCO,2023,,-3.04,-0.93,-2.54,1.78,-1.14,1.18,1.45
CGEN,Compugen Ltd.,ASCO,2023,micro,69.35,66.67,38.16,-0.94,20.95,31.43,22.86
PFE,Pfizer Inc.,ASCO,2023,large,-4.6,-0.34,4.32,2.02,0.03,4.01,2.55
AFMD,Affimed N.V.,ASCO,2023,,3.29,-0.34,-18.7,6.04,-14.01,-16.74,-20.84
ELEV,Elevation Oncology Inc.,ASCO,2023,,93.44,-10.38,-7.09,-29.48,-18.08,-51.41,-55.37
CGEM,Cullinan Therapeutics Inc.,ASCO,2023,small,-2.41,9.92,14.83,4.78,16.71,20.7,24.12
PGEN,Precigen Inc.,ASCO,2023,small,5.74,5.74,0.0,5.74,0.78,-1.55,-3.49
CHRS,Coherus Oncology Inc.,ASCO,2023,small,-46.39,-39.7,-1.98,2.3,18.43,20.9,-13.71
AGEN,Agenus Inc.,ASCO,2023,small,-10.11,1.91,14.29,10.34,15.62,25.0,16.87
BMY,Bristol-Myers Squibb Company,ASCO,2023,large,-6.85,-3.64,-0.27,2.88,-0.27,-1.37,0.56
TCRT,Alaunos Therapeutics Inc.,ASCO,2023,micro,-1.88,-14.58,-20.57,0.05,-5.09,-8.59,-4.04
BCEL,Atreca Inc.,ASCO,2023,,9.91,-0.2,-14.7,-2.16,9.22,22.24,13.23
PGEN,Precigen Inc.,ASCO,2023,small,5.74,5.74,0.0,5.74,0.78,-1.55,-3.49
IMMP,Immutep Limited,ASCO,2023,small,26.99,26.22,-15.51,-2.82,5.31,-2.9,0.0
BGNE,BeiGene Ltd.,ASCO,2023,,-12.03,-8.98,-2.25,-4.03,-0.54,-6.23,-15.74
HURA,TuHURA Biosciences Inc.,ASCO,2023,nano,6.77,2.97,20.49,14.52,-7.78,-2.02,-0.86
CLLS,Cellectis S.A.,ASCO,2023,micro,4.74,4.74,14.37,8.74,2.51,1.51,-0.56
ALLO,Allogene Therapeutics Inc.,ASCO,2023,small,3.7,-15.0,-7.73,1.45,4.81,2.32,-14.26
COGT,Cogent Biosciences Inc.,ASCO,2023,small,15.39,15.6,15.7,15.49,0.46,-5.55,-5.47
DAWN,Day One Biopharmaceuticals Inc.,ASCO,2023,,-0.73,-0.58,1.8,9.06,5.66,-7.79,1.47
CUE,Cue Biopharma Inc.,ASCO,2023,micro,11.08,-15.95,-2.14,5.12,-8.03,-7.79,-1.7
JAZZ,Jazz Pharmaceuticals plc,ASCO,2023,mid,-11.7,-7.93,-4.42,1.94,0.44,-2.13,-0.23
ZYME,Zymeworks Inc.,ASCO,2023,small,-11.8,0.35,-11.26,5.09,1.61,-3.58,-3.34
MRNA,Moderna Inc.,ASCO,2023,large,-7.34,-4.77,3.38,3.38,-2.77,-5.36,-4.81
INAB,IN8bio Inc.,ASCO,2023,micro,200.0,35.19,-2.78,12.1,-19.68,-24.76,-37.14
ZNTL,Zentalis Pharmaceuticals Inc.,ASCO,2023,small,25.1,17.86,-0.3,-12.58,-4.3,-8.15,8.56
KTRA,TuHURA Biosciences Inc.,ASCO,2023,,6.75,2.95,20.33,14.52,-7.77,-2.01,-0.86
ERAS,Erasca Inc.,AACR,2023,small,-10.14,1.97,-1.59,8.39,-8.23,-16.13,-12.26
CLLS,Cellectis S.A.,ASGCT,2023,micro,-11.17,-13.79,-5.91,-8.85,1.08,-1.71,12.57
OLMA,Olema Pharmaceuticals Inc.,ESMO,2023,micro,82.92,75.2,43.41,4.57,4.97,0.9,-18.83
AUTL,Autolus Therapeutics plc,ASCO,2023,small,72.93,63.02,13.82,2.62,-6.71,-8.31,-7.67
KPRX,Kiora Pharmaceuticals Inc.,ARVO,2023,nano,18.7,26.22,4.29,24.43,1.37,-32.42,-42.24
FDMT,4D Molecular Therapeutics Inc.,ARVO,2023,small,18.42,15.56,22.08,3.52,-12.45,-21.83,-17.84
LCTX,"Lineage Cell Therapeutics, Inc.",ARVO,2023,micro,-5.04,-3.65,-5.71,-3.65,4.55,10.61,8.33
DNLI,Denali Therapeutics Inc.,AAN,2023,mid,6.35,7.22,4.66,-0.68,-2.32,-2.28,9.5
CLNN,Clene Inc.,AAN,2023,micro,-27.94,-14.78,-9.26,-0.81,-3.01,-3.88,-5.1
VTRS,Viatris Inc.,AAN,2023,large,-3.5,3.43,-2.03,-2.62,-4.87,-3.01,1.76
STSA,Satsuma Pharmaceuticals Inc.,AAN,2023,,9.57,16.65,45.07,57.25,0.0,2.91,3.88
ADAG,Adagene Inc.,AACR,2023,micro,-14.71,-6.68,7.41,7.41,0.34,-10.34,-8.28
KPTI,Karyopharm Therapeutics Inc.,AACR,2023,small,43.44,30.03,15.62,10.34,-9.8,-18.3,-22.0
EVAX,Evaxion A/S,AACR,2023,nano,42.62,68.93,52.63,48.72,-16.67,-24.71,-25.86
SONN,Sonnet BioTherapeutics Holdings Inc.,AACR,2023,,-56.43,-37.37,9.67,-0.61,-16.02,-30.89,-35.92
LLY,Eli Lilly and Company,AACR,2023,large,16.74,11.62,6.16,2.28,-0.5,3.35,8.55
GMAB,Genmab A/S,AACR,2023,,13.3,15.98,10.12,7.05,0.22,-0.07,-1.73
PFE,Pfizer Inc.,AACR,2023,large,0.1,2.72,0.96,-1.29,-1.55,-3.11,-4.81
TPST,Tempest Therapeutics Inc.,AACR,2023,nano,80.98,143.8,27.16,11.32,-25.08,-28.14,-25.42
RHHBY,Roche Holding AG ADR,AACR,2023,,6.11,10.44,8.0,1.79,-0.49,2.38,1.34
CLLS,Cellectis S.A.,AACR,2023,micro,-4.23,8.51,5.7,4.08,-1.47,-5.39,-4.41
ALLO,Allogene Therapeutics Inc.,AACR,2023,small,-16.69,-9.11,1.01,10.15,-3.81,7.62,10.82
AFMD,Affimed N.V.,AACR,2023,,-15.96,-0.26,1.61,13.47,6.07,8.84,20.18
GMAB,Genmab A/S,UNKNOWN,2023,,12.04,13.19,8.52,4.84,5.35,0.56,0.61
MRUS,Merus N.V.,UNKNOWN,2023,,1.56,-3.56,7.37,6.49,22.64,12.7,-1.74
GERN,Geron Corporation,ASCO,2023,small,34.66,25.19,13.42,7.99,7.1,6.51,-11.24
TCRX,TScan Therapeutics Inc.,ASGCT,2023,micro,81.36,76.55,74.24,-17.73,-17.79,-37.59,-42.11
CABA,Cabaletta Bio Inc.,ASGCT,2023,small,58.56,44.58,-0.66,-7.55,-4.04,-22.34,-8.08
MRNA,Moderna Inc.,ASGCT,2023,large,-20.81,-11.02,-8.54,-3.07,1.13,0.73,2.85
CADL,Candel Therapeutics Inc.,ASGCT,2023,nano,22.97,22.09,3.59,10.28,-1.13,-15.17,-1.71
IMMX,Immix Biopharma Inc.,ASGCT,2023,nano,11.05,2.14,-28.73,-10.33,-8.38,-8.38,7.33
PLRX,Pliant Therapeutics Inc.,ATS,2023,small,-15.55,-25.16,-6.86,-0.37,-2.14,1.4,6.15
LGND,Ligand Pharmaceuticals Incorporated,ASCO,2023,small,-1.22,-3.46,-4.01,-3.0,-3.3,0.97,-1.11
DAWN,Day One Biopharmaceuticals Inc.,ASCO,2023,,-6.07,2.4,-9.56,-5.28,0.65,9.77,4.76
PDSB,PDS Biotechnology Corporation,ASCO,2023,micro,3.73,18.91,7.75,-2.3,18.4,30.29,-18.4
ELEV,Elevation Oncology Inc.,ASCO,2023,,54.36,14.45,-20.37,-21.0,44.52,-11.96,-42.86
TAK,Takeda Pharmaceutical Company Limited American Depositary Shares (each representing 1/2 of a share of),ASCO,2023,large,-3.51,-2.23,-0.98,0.25,-0.86,-1.11,-0.92
MTEM,Molecular Templates Inc.,ASCO,2023,,-6.12,17.95,9.52,-2.13,2.17,4.35,17.39
IPHA,Innate Pharma S.A.,ASCO,2023,micro,-5.51,-1.39,-1.91,-2.08,4.59,14.13,22.97
SNY,Sanofi,ASCO,2023,large,-9.03,-7.8,-6.31,-4.05,0.73,1.55,3.13
NVS,Novartis AG,ASCO,2023,large,-1.51,-7.18,-3.23,-0.69,2.33,3.94,4.86
GNPX,Genprex Inc.,AACR,2026,nano,-33.33,-30.85,-10.34,7.44,-16.15,-28.46,-27.77
HIND,Vyome Holdings Inc.,AACR,2026,nano,-11.65,1.29,11.37,3.07,-3.4,-10.64,-11.91
XAIR,Beyond Air Inc.,AACR,2026,nano,-32.75,-31.04,-23.27,-13.66,-5.28,-10.46,6.07
NXTC,NextCure Inc.,ASCO,2026,nano,-41.82,-30.51,-37.56,-37.25,-47.19,-53.91,-67.5
MIRA,MIRA Pharmaceuticals Inc.,AACR,2026,nano,-11.02,2.94,-5.41,5.37,6.67,0.0,-0.95
IMMP,Immutep Limited,EULAR,2026,small,-31.36,-8.07,-13.12,-8.52,-7.4,-11.16,-7.99
ADAG,Adagene Inc.,AACR,2026,micro,39.79,9.37,-8.1,3.39,-4.28,-10.33,-7.81
CRBP,Corbus Pharmaceuticals Holdings Inc.,ASCO,2026,micro,-25.31,-23.2,-28.29,-30.31,-4.68,-4.42,5.18
PLRX,Pliant Therapeutics Inc.,AACR,2026,micro,0.0,3.1,1.53,2.31,-3.01,-9.02,-10.53
TOVX,"Theriva Biologics, Inc.",AACR,2026,nano,36.82,35.94,9.74,9.36,62.5,51.01,54.42
ONCY,Oncolytics Biotech Inc.,AACR,2026,micro,3.77,14.52,18.27,5.77,1.82,-0.91,-20.0
CLDI,Calidi Biotherapeutics Inc.,AACR,2026,nano,-38.39,-22.04,-10.67,-18.03,-0.81,-5.95,-0.81
ONCY,Oncolytics Biotech Inc.,AACR,2026,micro,0.95,8.28,10.38,13.98,4.72,-2.83,-17.92
ACRV,Acrivon Therapeutics Inc.,AACR,2026,micro,14.84,7.23,13.38,10.56,-1.12,5.62,21.91
BCYC,Bicycle Therapeutics plc,AACR,2026,small,2.5,22.53,9.0,7.03,-7.5,-10.51,-7.32
BCTX,BriaCell Therapeutics Corp.,AACR,2026,nano,14.77,5.98,2.55,1.14,-9.93,-9.03,-7.67
WHWK,Whitehawk Therapeutics Inc.,AACR,2026,micro,3.68,15.89,23.32,5.75,0.0,-2.36,-0.47
WVE,Wave Life Sciences Ltd.,ATS,2026,small,-4.51,-10.69,-9.37,-4.24,-9.31,-5.76,-15.95
MOLN,Molecular Partners AG,AACR,2026,micro,-10.86,0.0,2.59,3.57,1.15,2.3,-1.38
AGEN,Agenus Inc.,AACR,2026,micro,40.32,19.78,8.87,-6.36,-10.86,-11.99,-5.66
OLMA,Olema Pharmaceuticals Inc.,AACR,2026,small,-21.95,19.46,10.88,5.59,-1.13,-9.1,-13.02
RVMD,Revolution Medicines Inc - Ordinary Shares,AACR,2026,large,51.05,55.18,55.86,9.05,0.18,-11.41,-0.49
EVAX,Evaxion A/S,AACR,2026,small,25.7,22.28,10.84,8.7,-5.56,-5.33,-2.0
TELO,Telomir Pharmaceuticals Inc.,AACR,2026,nano,6.92,8.59,4.51,3.73,-0.72,4.32,-3.6
ALXO,ALX Oncology Holdings Inc.,ESMO-B,2026,micro,2.45,22.94,31.45,22.94,-0.48,-2.39,-4.78
BOLD,Boundless Bio Inc.,AACR,2026,nano,40.35,39.13,40.35,2.56,-3.12,-10.0,-1.88
RHHBY,Roche Holding AG ADR,AACR,2026,,-7.44,8.19,2.58,1.14,-2.61,-0.1,-1.93
ZLAB,Zai Lab Limited,AACR,2026,large,32.06,43.38,20.24,14.98,-9.43,-12.32,-16.91
AZN,AstraZeneca PLC,AACR,2026,,5.45,11.55,0.97,1.27,-4.4,-8.44,-10.42
IDYA,IDEAYA Biosciences Inc.,AACR,2026,mid,-4.22,6.19,8.7,3.86,-5.74,-13.57,-14.29
GLSI,Greenwich LifeSciences Inc.,AACR,2026,small,9.85,4.71,18.76,5.12,-9.52,-10.66,-12.55
AAPG,Ascentage Pharma Group International,AACR,2026,mid,11.27,18.1,-3.55,2.61,-4.67,-12.75,-16.92
IDYA,IDEAYA Biosciences Inc.,AACR,2026,mid,2.17,3.54,4.85,3.32,-6.13,-13.06,-14.77
ENTA,Enanta Pharmaceuticals Inc.,AACR,2026,small,-5.58,14.57,12.18,4.3,-3.71,-8.25,-4.54
INKT,MiNK Therapeutics Inc.,ASGCT,2026,micro,0.18,-4.5,-0.9,-4.83,3.35,-9.06,-5.43
CNTX,Context Therapeutics Inc.,AACR,2026,micro,-22.07,-25.17,-13.74,-9.96,6.64,11.06,7.96
CABA,Cabaletta Bio Inc.,AAN,2026,small,8.52,17.01,14.29,7.5,-9.01,-15.41,11.34
VSTM,Verastem Inc.,SGO,2026,small,-2.27,-4.28,5.67,-0.71,1.25,17.71,5.72
XENE,Xenon Pharmaceuticals Inc.,AAN,2026,mid,42.35,8.66,5.03,1.88,-5.53,-9.11,-3.85
RHHBY,Roche Holding AG ADR,AAN,2026,,-7.44,8.19,2.58,1.14,-2.61,-0.1,-1.93
TGTX,TG Therapeutics Inc.,AAN,2026,mid,26.62,21.38,10.69,6.94,3.65,-6.44,-2.33
ZLAB,Zai Lab Limited,AACR,2026,large,23.8,33.72,18.0,13.36,1.03,-9.55,-12.28
RVMD,Revolution Medicines Inc - Ordinary Shares,AACR,2026,large,46.54,51.33,51.86,-0.53,-3.23,-0.96,0.67
AZN,AstraZeneca PLC,AACR,2026,,1.49,6.11,-1.48,-1.74,0.11,-5.35,-7.85
ARGX,argenx SE,AAN,2026,large,12.7,22.38,9.02,0.74,-4.94,-7.12,-4.76
MRK,Merck & Company Inc.,AACR,2026,large,-3.87,-3.27,-8.62,-4.53,1.83,-1.43,0.89
JAZZ,Jazz Pharmaceuticals plc,AACR,2026,large,9.26,11.1,6.09,0.75,-0.08,0.7,4.79
MNKD,MannKind Corporation,ATTD,2026,small,32.36,28.62,13.04,9.97,-3.02,-6.59,0.55
AVBP,ArriVent BioPharma Inc.,AACR,2026,small,26.5,34.6,18.7,10.64,4.52,2.33,2.5
AGEN,Agenus Inc.,AACR,2026,micro,61.82,29.11,27.06,15.42,-18.37,-14.61,-16.08
ZNTL,Zentalis Pharmaceuticals Inc.,AACR,2026,small,101.74,77.1,72.49,-16.55,-14.01,-8.41,-13.79
INKT,MiNK Therapeutics Inc.,AACR,2026,micro,38.23,51.01,24.21,22.92,-17.38,-21.6,-18.37
TNXP,Tonix Pharmaceuticals Holding Corp.,AACR,2026,micro,-4.66,-11.93,3.6,-5.79,-7.55,-8.22,8.73
CRDF,Cardiff Oncology Inc.,AACR,2026,micro,-4.26,0.0,13.92,13.21,-8.33,-4.44,-8.33
WHWK,Whitehawk Therapeutics Inc.,AACR,2026,micro,20.0,2.36,10.17,9.86,5.38,6.92,2.82
MOLN,Molecular Partners AG,AACR,2026,micro,-15.21,-10.87,8.57,-3.46,5.5,6.7,1.44
OKYO,OKYO Pharma Limited,ASCRS,2026,micro,-11.7,-9.04,-1.31,-3.82,4.64,5.3,4.64
EDSA,Edesa Biotech Inc.,ATS,2026,micro,100.5,69.99,-20.28,-21.59,-9.04,-34.23,-40.67
IPHA,Innate Pharma S.A.,AACR,2026,micro,2.53,27.56,18.25,14.89,-1.85,-12.96,-11.11
VSTM,Verastem Inc.,AACR,2026,small,3.13,18.99,20.07,16.25,-8.05,-15.81,-9.57
ZYME,Zymeworks Inc.,ESMO-B,2026,mid,13.95,0.95,0.66,0.25,-13.47,-13.22,-9.05
AVBP,ArriVent BioPharma Inc.,AACR,2026,small,26.52,41.52,24.61,13.57,-1.56,-4.3,-4.97
ZYME,Zymeworks Inc.,AACR,2026,mid,14.85,15.95,7.12,3.22,2.44,0.32,-4.2
KYTX,Kyverna Therapeutics Inc.,AAN,2026,small,33.93,42.59,20.58,20.19,-9.07,-22.67,-18.13
ZYME,Zymeworks Inc.,AACR,2026,mid,15.45,19.21,7.59,6.23,1.69,2.73,-3.67
XLO,Xilio Therapeutics Inc.,AACR,2026,nano,15.5,9.03,1.3,1.3,-0.58,-4.55,-2.8
KYTX,Kyverna Therapeutics Inc.,AAN,2026,small,22.59,25.06,10.58,4.64,-2.22,-9.47,-9.37
NUVB,Nuvation Bio Inc. Class A,AACR,2026,small,8.25,17.7,13.53,5.57,0.0,-10.94,-5.66
PRLD,Prelude Therapeutics Incorporated,AACR,2026,micro,45.95,42.72,2.5,2.5,-4.43,-2.66,3.55
IMRX,Immuneering Corporation,AACR,2026,micro,4.32,10.76,2.96,-2.46,-0.18,3.6,-3.06
CATX,Isoray. (DE),AACR,2026,small,-15.49,-5.62,-4.11,-3.45,10.48,1.67,-5.24
BIVI,BioVie Inc.,ADPD,2026,,-10.88,-17.09,-23.84,-2.96,0.0,9.92,29.77
JAZZ,Jazz Pharmaceuticals plc,AACR,2026,large,11.76,12.62,8.87,4.15,-2.16,-1.08,2.28
DBVT,,AAAAI,2025,mid,28.35,35.68,41.78,6.59,23.29,3.44,4.81
VKTX,,AASLD,2023,mid,25.16,7.9,4.71,-2.05,11.01,3.59,-0.14
LGND,,AASLD,2023,small,8.4,1.81,3.91,-0.35,1.73,-0.27,-9.68
SLRX,,ASH,2022,,-9.36,-2.13,-9.36,11.52,-3.26,-21.74,-38.04
VTRS,,ADA,2023,large,6.14,8.12,4.79,-3.34,-1.32,0.61,3.96
ESPR,,ADA,2023,micro,-10.74,-10.74,2.31,-6.34,3.76,6.77,21.05
GSK,,ESMO,2024,large,6.41,4.19,-2.05,-2.12,-1.05,-5.0,-4.95
ASMB,,UNKNOWN,2026,small,3.43,2.74,0.07,0.0,-7.83,-5.88,-4.86
ASMB,,UNKNOWN,2026,small,3.43,2.74,0.07,0.0,-7.83,-5.88,-4.86
LLY,,AACR,2026,large,-8.78,1.03,-1.2,-0.28,0.17,-4.99,7.5
FHTX,,AACR,2026,small,0.55,8.25,10.87,13.61,-2.18,-6.17,-15.79
VRCA,,UNKNOWN,2026,micro,27.06,9.97,10.85,-13.02,-15.54,-12.81,-15.11
GILD,,UNKNOWN,2026,large,-4.37,0.31,-1.78,-1.0,-3.16,-7.19,-3.6
HCM,,AACR,2026,large,13.65,12.91,1.88,3.01,-5.53,-14.55,-16.01
BIVI,,AAN,2026,nano,14.71,30.0,6.12,13.04,1.28,1.92,10.26
ATHE,,AAN,2026,large,45.07,56.06,36.97,42.27,-11.84,-11.07,-12.04
JAZZ,,AAN,2026,large,11.76,12.62,8.87,4.15,-2.16,-1.08,2.28
COGT,,AACR,2026,mid,-0.03,4.49,3.87,1.4,-1.65,-1.78,-0.05
COGT,,AACR,2026,mid,0.46,11.59,5.17,2.0,-1.4,-1.74,-1.4
HCM,,AACR,2026,large,13.73,11.86,1.75,2.96,-7.02,-13.22,-15.07
LXRX,,AAN,2026,small,10.24,6.4,9.58,-1.61,-8.2,-15.3,-12.57
FATE,,AACR,2026,micro,4.51,20.87,20.87,3.73,-1.44,-6.47,69.78
CUE,,UNKNOWN,2026,nano,102.34,128.23,242.56,28.37,10.5,-1.43,64.1
CRDF,,ASCO,2026,micro,-16.85,-10.3,-12.43,-23.71,-5.41,3.38,-14.86
CRBP,,UNKNOWN,2026,micro,11.49,12.6,2.81,14.07,-31.1,-33.57,-32.16
KURA,,UNKNOWN,2026,small,29.01,24.04,18.3,22.28,-8.98,-20.27,-21.69
IDYA,,ASCO,2026,mid,-13.09,4.54,4.47,1.27,-5.43,6.82,2.58
CABA,,EULAR,2026,small,12.93,-4.02,4.07,-5.04,-9.22,-15.92,-20.67
IRON,,ASCO,2026,mid,0.78,6.4,7.66,5.65,-2.25,-5.04,-2.97
MIRM,,EASL,2026,mid,3.62,5.15,-0.68,2.92,-9.19,-7.79,-0.49
LEGN,,ASCO,2026,large,28.29,15.13,-1.42,-7.52,33.58,16.05,30.63
